IQ-TREE version 3.1.1 for MacOS Intel 64-bit built Apr  8 2026
Developed by Bui Quang Minh, Thomas Wong, Nhan Ly-Trong, Huaiyan Ren
Contributed by Lam-Tung Nguyen, Dominik Schrempf, Chris Bielow,
Olga Chernomor, Michael Woodhams, Diep Thi Hoang, Heiko Schmidt

Host:    Arons-MacBook-Pro.local (SSE4.2, 8 GB RAM)
Command: iqtree3 --threads-max 8 -s tmp/alignment-delim.fasta -m GTR --ninit 2 -n 2 --epsilon 0.05 -T AUTO --redo
Seed:    646719 (Using SPRNG - Scalable Parallel Random Number Generator)
Time:    Thu Apr 23 16:03:34 2026
Kernel:  SSE2 - auto-detect threads (8 CPU cores detected)

Reading alignment file tmp/alignment-delim.fasta ... Fasta format detected
Reading fasta file: done in 0.150006 secs using 93.08% CPU
Alignment most likely contains DNA/RNA sequences
Constructing alignment: done in 0.096529 secs using 391.6% CPU
Alignment has 5598 sequences with 1623 columns, 1610 distinct patterns
1507 parsimony-informative, 63 singleton sites, 53 constant sites
           Gap/Ambiguity  Composition  p-value
Analyzing sequences: done in 0.00708508 secs using 505.6% CPU
   1  NC_039477    0.00%    passed     66.67%
   2  MH218684     0.00%    passed     66.67%
   3  KY887600     0.00%    passed     66.67%
   4  MK754442     0.00%    passed     66.67%
   5  KX354141     0.00%    passed     64.56%
   6  KX354142     0.00%    passed     66.67%
   7  MK764018     0.00%    passed     59.04%
   8  KY947550     0.00%    passed     69.25%
   9  KX907727     0.00%    passed     69.25%
  10  LC175468     0.00%    passed     65.30%
  11  OL898514     0.00%    passed     70.91%
  12  MK073890     0.00%    passed     61.14%
  13  MK762568     0.00%    passed     69.28%
  14  MK762563     0.00%    passed     58.44%
  15  MG892929     0.00%    passed     75.85%
  16  KY210980     0.00%    passed     71.69%
  17  MK753029     0.00%    passed     71.66%
  18  MT238666     0.00%    passed     73.01%
  19  MT344179     0.00%    passed     73.01%
  20  MK756038     0.00%    passed     74.55%
  21  MK762566     0.00%    passed     78.02%
  22  MK756037     0.00%    passed     66.67%
  23  MK073885     0.00%    passed     79.26%
  24  MK773584     0.00%    passed     70.91%
  25  KY887604     0.00%    passed     71.69%
  26  KY887602     0.00%    passed     49.32%
  27  KY887603     0.00%    passed     49.32%
  28  MT238667     0.00%    passed     63.72%
  29  MT537605     0.00%    passed     63.72%
  30  MT238668     0.00%    passed     63.72%
  31  MT238670     0.00%    passed     63.72%
  32  MT537633     0.00%    passed     63.72%
  33  MT344180     0.00%    passed     63.72%
  34  MK764013     0.00%    passed     66.15%
  35  MK764015     0.00%    passed     67.70%
  36  MK753030     0.00%    passed     80.17%
  37  KY887605     0.00%    passed     77.23%
  38  PX733076     0.18%    passed     70.57%
  39  PX733094     0.25%    passed     68.44%
  40  PX733086     0.18%    passed     74.85%
  41  PX733090     0.18%    passed     70.57%
  42  MZ478139     0.00%    passed     64.57%
  43  MK762637     0.00%    passed     69.50%
  44  MW305558     0.00%    passed     68.55%
  45  MW305560     0.00%    passed     63.91%
  46  MW305632     0.00%    passed     64.57%
  47  MW305633     0.00%    passed     65.64%
  48  MW305637     0.00%    passed     54.19%
  49  MK756035     0.00%    passed     61.87%
  50  MK752943     0.00%    passed     68.39%
  51  OP205549     0.00%    passed     70.45%
  52  MN782359     0.00%    passed     70.45%
  53  MH791994     0.00%    passed     71.16%
  54  MK762632     0.00%    passed     77.25%
  55  MK213544     0.18%    passed     73.75%
  56  LC769705     0.00%    passed     73.97%
  57  KY679170     0.00%    passed     62.79%
  58  LC325217     0.00%    passed     77.44%
  59  LC331997     0.00%    passed     73.23%
  60  MK213545     0.18%    passed     67.24%
  61  MK213546     0.18%    passed     78.64%
  62  MK753017     0.00%    passed     63.72%
  63  MZ958411     0.00%    passed     77.25%
  64  MN525275     0.00%    passed     61.11%
  65  MN525276     0.00%    passed     55.93%
  66  OP595531     0.00%    passed     75.78%
  67  OP595532     0.00%    passed     65.40%
  68  MH260482     0.00%    passed     62.28%
  69  MK753018     0.00%    passed     81.19%
  70  MK754446     0.00%    passed     65.91%
  71  MG002630     0.00%    passed     77.87%
  72  MK752933     0.00%    passed     83.91%
  73  MK752934     0.00%    passed     83.91%
  74  MH260496     0.00%    passed     69.50%
  75  MH260505     0.00%    passed     69.50%
  76  MH260508     0.00%    passed     76.57%
  77  MK762636     0.00%    passed     77.58%
  78  OL898512     0.00%    passed     70.44%
  79  MK762621     0.00%    passed     68.40%
  80  MH260480     0.00%    passed     79.33%
  81  MH260481     0.00%    passed     85.59%
  82  MH260483     0.00%    passed     84.54%
  83  MH260485     0.00%    passed     85.98%
  84  MH260488     0.00%    passed     84.54%
  85  MH260497     0.00%    passed     85.98%
  86  MH260498     0.00%    passed     85.98%
  87  MH279823     0.00%    passed     85.98%
  88  MH260489     0.00%    passed     84.38%
  89  MH260491     0.00%    passed     85.98%
  90  OL898515     0.00%    passed     64.56%
  91  PQ195918     0.00%    passed     39.30%
  92  PQ195936     0.00%    passed     34.74%
  93  PQ195937     0.00%    passed     34.74%
  94  PQ195938     0.00%    passed     34.74%
  95  PQ214834     0.00%    passed     47.91%
  96  PQ214835     0.00%    passed     48.15%
  97  PQ214836     0.00%    passed     45.48%
  98  MW703835     2.03%    passed     54.86%
  99  LC769683     0.00%    passed     56.44%
 100  LC769684     0.00%    passed     55.19%
 101  LC769693     0.00%    passed     43.31%
 102  LC769699     0.00%    passed     50.67%
 103  MW709577     1.54%    passed     51.08%
 104  MW709578     2.40%    passed     43.87%
 105  MW709590     1.66%    passed     49.66%
 106  MW709586     1.66%    passed     41.43%
 107  MW709588     1.66%    passed     42.70%
 108  MW711338     1.66%    passed     37.46%
 109  MW726099     1.36%    passed     53.22%
 110  MW725359     2.03%    passed     36.12%
 111  MW711339     1.66%    passed     37.53%
 112  MW709581     1.48%    passed     42.12%
 113  MW711336     1.48%    passed     34.78%
 114  MW711330     1.91%    passed     46.02%
 115  MW725360     1.66%    passed     58.22%
 116  MW709579     1.66%    passed     42.12%
 117  MW709582     2.03%    passed     70.33%
 118  LC769708     0.00%    passed     72.32%
 119  MW661279     0.00%    passed     66.67%
 120  MW661280     0.00%    passed     66.67%
 121  PQ209095     0.00%    passed     60.66%
 122  MT029316     0.00%    passed     87.33%
 123  MW709580     5.61%    passed     40.89%
 124  MW725362     1.85%    passed     56.91%
 125  OP205553     0.00%    passed     54.92%
 126  OP456985     0.00%    passed     61.11%
 127  OP456987     0.00%    passed     64.56%
 128  OP518601     0.00%    passed     77.19%
 129  OP457000     0.00%    passed     66.14%
 130  OP205573     0.00%    passed     58.61%
 131  OP456991     0.00%    passed     31.41%
 132  MW305723     0.00%    passed     74.90%
 133  MW661264     0.00%    passed     48.96%
 134  OP457003     0.00%    passed     83.91%
 135  OP457004     0.00%    passed     79.24%
 136  OP457005     0.00%    passed     79.24%
 137  OP205563     0.00%    passed     75.32%
 138  OP205564     0.00%    passed     73.23%
 139  OP205571     0.00%    passed     72.98%
 140  MN996299     0.00%    passed     64.93%
 141  MW305708     0.00%    passed     67.38%
 142  PQ213435    18.67%    passed     23.74%
 143  PV746276     0.00%    passed     71.35%
 144  PV746277     0.00%    passed     70.34%
 145  OP205582     0.00%    passed     58.44%
 146  MW521113     0.00%    passed     58.96%
 147  MZ026951     3.88%    passed     61.43%
 148  MZ026966     3.88%    passed     64.94%
 149  MN502927     3.88%    passed     45.29%
 150  MZ026959     3.88%    passed     67.89%
 151  KX764834     3.88%    passed     78.66%
 152  MN503061     3.88%    passed     76.03%
 153  KX764833     3.88%    passed     78.11%
 154  PX458471     0.00%    passed     74.16%
 155  PX458531     0.00%    passed     71.75%
 156  PX458540     0.00%    passed     68.50%
 157  PX458545     0.00%    passed     73.06%
 158  PX458538     0.00%    passed     68.50%
 159  PX458547     0.00%    passed     73.06%
 160  PX458552     0.00%    passed     72.47%
 161  PX458528     0.00%    passed     73.15%
 162  PX458553     0.00%    passed     68.50%
 163  PZ240507     0.00%    passed     79.59%
 164  PP267275     0.00%    passed     75.42%
 165  PQ475910     0.00%    passed     70.23%
 166  PP658561     0.00%    passed     66.14%
 167  PQ507183     0.00%    passed     77.25%
 168  PP267269     0.00%    passed     59.67%
 169  PP267272     0.00%    passed     69.53%
 170  OQ940075     0.00%    passed     67.70%
 171  OQ940076     0.00%    passed     67.70%
 172  OP037976     0.00%    passed     69.53%
 173  OQ940077     0.00%    passed     64.77%
 174  OQ940078     0.00%    passed     69.53%
 175  OQ940079     0.00%    passed     67.70%
 176  OQ940081     0.00%    passed     58.39%
 177  OP037982     0.00%    passed     64.77%
 178  OP037980     0.00%    passed     73.01%
 179  OQ940080     0.00%    passed     67.70%
 180  OP037983     0.00%    passed     71.39%
 181  PQ740361     0.00%    passed     66.67%
 182  PQ740362     0.00%    passed     63.89%
 183  OQ940070     0.00%    passed     73.97%
 184  OQ940072     0.00%    passed     69.56%
 185  OL336386     0.00%    passed     68.16%
 186  OL336388     0.00%    passed     72.59%
 187  LC798003     0.00%    passed     64.77%
 188  LC798004     0.00%    passed     66.56%
 189  OQ940073     0.00%    passed     73.97%
 190  OL336383     0.00%    passed     66.56%
 191  OQ940071     0.00%    passed     73.01%
 192  OL336387     0.00%    passed     71.16%
 193  OL336384     0.00%    passed     75.46%
 194  OQ940069     0.00%    passed     69.56%
 195  OL336352     0.00%    passed     71.16%
 196  OL336364     0.00%    passed     71.16%
 197  OL336360     0.00%    passed     64.77%
 198  MW521126     0.00%    passed     72.59%
 199  OL336367     0.00%    passed     74.78%
 200  MW521127     0.00%    passed     66.35%
 201  OL336353     0.00%    passed     70.74%
 202  OL336354     0.00%    passed     70.74%
 203  OL336355     0.00%    passed     70.74%
 204  OL336356     0.00%    passed     70.74%
 205  OL336357     0.00%    passed     70.74%
 206  OL336358     0.00%    passed     70.45%
 207  OL336359     0.00%    passed     66.56%
 208  OL336365     0.00%    passed     76.57%
 209  MW521129     0.00%    passed     69.53%
 210  MW521130     0.00%    passed     61.86%
 211  OL336361     0.00%    passed     73.75%
 212  OL336362     0.00%    passed     74.70%
 213  OL336366     0.00%    passed     81.42%
 214  OP712198     0.00%    passed     64.95%
 215  OL336363     0.00%    passed     72.59%
 216  ON329737     0.00%    passed     76.37%
 217  PQ507174     0.00%    passed     74.28%
 218  PQ507185     0.00%    passed     78.36%
 219  PX988165     0.18%    passed     71.89%
 220  PZ240471     0.00%    passed     69.90%
 221  PZ240485     0.00%    passed     60.46%
 222  PZ240492     0.00%    passed     63.08%
 223  PQ740358     0.00%    passed     71.83%
 224  PZ240494     0.00%    passed     72.88%
 225  PZ240499     0.00%    passed     73.30%
 226  PZ240491     0.00%    passed     72.53%
 227  PQ507171     0.00%    passed     63.08%
 228  OP456995     0.00%    passed     43.68%
 229  PX458478     0.00%    passed     58.96%
 230  PX458523     0.00%    passed     54.51%
 231  PX458529     0.00%    passed     59.78%
 232  PX458507     0.18%    passed     67.47%
 233  LC777250     0.00%    passed     54.86%
 234  LC790059     0.00%    passed     54.86%
 235  LC790060     0.00%    passed     47.22%
 236  LC790069     0.00%    passed     50.34%
 237  PX458481     0.00%    passed     69.90%
 238  PX458495     0.00%    passed     69.90%
 239  PX458494     0.00%    passed     67.44%
 240  PZ240490     0.00%    passed     76.03%
 241  PZ240503     0.00%    passed     71.75%
 242  PP549876     0.00%    passed     62.21%
 243  PP549879     0.00%    passed     62.21%
 244  PP564834     0.00%    passed     79.09%
 245  PX458483     0.00%    passed     73.15%
 246  PP564828     0.00%    passed     59.79%
 247  PX988159     0.18%    passed     79.74%
 248  PX988160     0.18%    passed     78.05%
 249  PX988161     0.18%    passed     78.05%
 250  PX988162     0.18%    passed     78.05%
 251  PZ251436     0.00%    passed     75.87%
 252  PZ208546     0.00%    passed     69.53%
 253  PZ208547     0.06%    passed     69.62%
 254  PX988163     0.18%    passed     73.78%
 255  PX988164     0.18%    passed     73.78%
 256  PQ195908     0.00%    passed     59.03%
 257  PP381831     0.00%    passed     62.80%
 258  PP549885     0.00%    passed     60.38%
 259  PQ031233     0.00%    passed     68.16%
 260  PX458485     0.00%    passed     73.09%
 261  PX458497     0.00%    passed     73.09%
 262  PX458501     0.00%    passed     60.79%
 263  PX458503     0.00%    passed     60.96%
 264  PX458512     0.00%    passed     60.96%
 265  PV746275     0.00%    passed     57.18%
 266  PZ098688     0.00%    passed     50.88%
 267  PZ143330     0.00%    passed     69.71%
 268  PV394770     0.00%    passed     61.27%
 269  PZ251435     0.00%    passed     85.06%
 270  PX458489     0.00%    passed     50.00%
 271  PX458510     0.00%    passed     51.18%
 272  PX458500     0.00%    passed     59.35%
 273  PX458509     0.25%    passed     64.77%
 274  PX458515     0.00%    passed     59.35%
 275  PX458518     0.00%    passed     43.71%
 276  PX458517     0.00%    passed     53.13%
 277  PV746278     0.00%    passed     55.96%
 278  PQ195887     0.00%    passed     64.46%
 279  PQ195889     0.00%    passed     64.46%
 280  PQ195899     0.00%    passed     62.18%
 281  PQ195900     0.00%    passed     62.18%
 282  PQ196528     0.00%    passed     69.90%
 283  PQ195910     0.00%    passed     53.14%
 284  PQ195911     0.00%    passed     53.14%
 285  PQ195912     0.00%    passed     53.14%
 286  PQ195922     0.00%    passed     46.55%
 287  PQ196561     0.00%    passed     54.44%
 288  PQ196562     0.00%    passed     54.44%
 289  PQ196563     0.00%    passed     54.44%
 290  PQ218566     0.00%    passed     64.46%
 291  PQ218567     0.00%    passed     64.46%
 292  PQ218568     0.00%    passed     64.46%
 293  PQ195906     0.00%    passed     40.47%
 294  PQ215543     0.00%    passed     38.01%
 295  PQ215546     0.00%    passed     38.01%
 296  PQ215540     0.00%    passed     43.00%
 297  PQ196526     0.00%    passed     38.64%
 298  PQ196527     0.00%    passed     40.90%
 299  PQ209105     0.00%    passed     37.03%
 300  PQ209108     0.00%    passed     33.84%
 301  PQ196557     0.00%    passed     39.33%
 302  PQ215526     0.00%    passed     35.60%
 303  PQ196550     0.00%    passed     40.02%
 304  PQ196555     0.00%    passed     37.79%
 305  PQ196513     0.00%    passed     39.30%
 306  PQ209098     0.00%    passed     34.54%
 307  PQ196522     0.00%    passed     37.79%
 308  PQ196545     0.00%    passed     40.47%
 309  PQ196569     0.00%    passed     43.00%
 310  PQ196554     0.00%    passed     33.25%
 311  PQ196531     0.00%    passed     37.27%
 312  PQ196538     0.00%    passed     40.02%
 313  PQ196548     0.00%    passed     40.23%
 314  PQ196560     0.00%    passed     35.41%
 315  PQ196514     0.00%    passed     54.16%
 316  OR700746     0.00%    passed     54.16%
 317  LC790067     0.00%    passed     55.96%
 318  PQ195927     0.00%    passed     89.76%
 319  PQ195928     0.00%    passed     89.76%
 320  OP456999     0.00%    passed     55.93%
 321  OP457001     0.00%    passed     74.90%
 322  OP457002     0.00%    passed     67.77%
 323  PX458543     0.00%    passed     85.59%
 324  PX458554     0.00%    passed     84.22%
 325  PQ195882     0.00%    passed     85.22%
 326  PQ195891     0.00%    passed     76.99%
 327  PQ195893     0.00%    passed     76.99%
 328  PQ209094     0.00%    passed     82.59%
 329  PQ215577     0.00%    passed     77.02%
 330  PQ207929     0.00%    passed     78.94%
 331  MN897755     0.00%    passed     69.56%
 332  MT031821     0.00%    passed     64.77%
 333  PQ195943     0.00%    passed     44.26%
 334  PQ273186     0.00%    passed     73.61%
 335  OP595533     0.00%    passed     72.89%
 336  LC645996     0.00%    passed     70.45%
 337  LC798257     0.00%    passed     74.09%
 338  PQ195919     0.00%    passed     47.07%
 339  PQ195921     0.00%    passed     49.51%
 340  PZ240501     0.00%    passed     79.25%
 341  MW661283     0.00%    passed     50.07%
 342  MH922876     0.00%    passed     43.36%
 343  MG002633     0.00%    passed     47.23%
 344  MW725361     2.40%    passed     46.96%
 345  MW725358     2.22%    passed     71.81%
 346  MZ026992     6.28%    passed     57.42%
 347  PX458544     0.00%    passed     84.14%
 348  PV282519     0.18%    passed     76.04%
 349  MW661261     0.00%    passed     80.56%
 350  PP512758     0.00%    passed     74.01%
 351  MW711331     9.06%    passed     32.58%
 352  PX458520     0.00%    passed     84.08%
 353  PX458526     0.00%    passed     88.79%
 354  OP412418     0.00%    passed     85.08%
 355  OP412419     0.00%    passed     84.97%
 356  MW521116     0.00%    passed     84.08%
 357  MW521125     0.00%    passed     85.07%
 358  MW521118     0.00%    passed     89.81%
 359  MW521120     0.00%    passed     89.97%
 360  MW521119     0.00%    passed     85.33%
 361  MW521121     0.00%    passed     88.06%
 362  MW521124     0.00%    passed     85.08%
 363  PX458546     0.00%    passed     87.59%
 364  MW521128     0.00%    passed     80.83%
 365  PX458561     0.00%    passed     80.25%
 366  OR793076     0.00%    passed     90.05%
 367  OR084262     0.00%    passed     83.25%
 368  LC744880     0.00%    passed     83.59%
 369  LC744881     0.00%    passed     83.59%
 370  KU678202     0.00%    passed     76.28%
 371  KX657735     0.00%    passed     77.17%
 372  KX657723     0.00%    passed     81.71%
 373  KX657726     0.00%    passed     84.97%
 374  KX657729     0.00%    passed     74.13%
 375  MG214988     0.00%    passed     83.44%
 376  KX657734    14.29%    passed     45.00%
 377  MW661281     0.00%    passed     87.07%
 378  OP205579     0.00%    passed     83.25%
 379  MH469193     1.42%    passed     90.54%
 380  MH469202     1.42%    passed     91.26%
 381  OR793078     0.00%    passed     93.23%
 382  OR793079     0.00%    passed     88.81%
 383  OR084263     0.00%    passed     90.05%
 384  OR084264     0.00%    passed     90.05%
 385  MN897754     0.00%    passed     93.60%
 386  MK928497     0.00%    passed     83.79%
 387  MK928498     0.00%    passed     83.79%
 388  MK928499     0.00%    passed     81.14%
 389  OM373200     0.00%    passed     91.61%
 390  OM386814     0.00%    passed     91.52%
 391  OM372485     0.00%    passed     89.54%
 392  OM373207     0.00%    passed     92.44%
 393  OM373624     0.00%    passed     91.11%
 394  OM373643     0.00%    passed     91.11%
 395  OM386670     0.00%    passed     92.44%
 396  OM386843     0.00%    passed     89.54%
 397  LC699527     0.00%    passed     94.37%
 398  LC699530     0.00%    passed     93.52%
 399  LC699526     0.00%    passed     91.61%
 400  LC699528     0.00%    passed     94.27%
 401  LC699531     0.00%    passed     91.61%
 402  PQ740346     0.00%    passed     85.60%
 403  OP595535     0.00%    passed     89.05%
 404  OL336349     0.00%    passed     91.20%
 405  OL336350     0.00%    passed     91.98%
 406  OM372490     0.00%    passed     94.82%
 407  MT158858     0.00%    passed     89.95%
 408  MT158859     0.00%    passed     89.95%
 409  OM372480     0.00%    passed     85.58%
 410  OM372672     0.00%    passed     85.58%
 411  OM373654     0.00%    passed     88.08%
 412  OM373210     0.00%    passed     80.86%
 413  OM373532     0.00%    passed     87.83%
 414  OR844378     0.00%    passed     88.23%
 415  OR844379     0.00%    passed     78.36%
 416  OR844380     0.00%    passed     78.36%
 417  OR844381     0.00%    passed     75.31%
 418  LC644993     0.00%    passed     75.16%
 419  LC699533     0.00%    passed     81.20%
 420  LC699534     0.00%    passed     78.26%
 421  LC699529     0.00%    passed     83.53%
 422  LC699532     0.00%    passed     83.62%
 423  LC699535     0.00%    passed     80.86%
 424  LC699536     0.00%    passed     83.34%
 425  LC699537     0.00%    passed     82.83%
 426  OP595539     0.00%    passed     85.70%
 427  MH229930     0.00%    passed     83.32%
 428  MH229932     0.00%    passed     82.94%
 429  KY407104     0.00%    passed     84.97%
 430  KY407105     0.00%    passed     81.71%
 431  KY407143     0.00%    passed     84.97%
 432  KY407144     0.00%    passed     84.97%
 433  KY407140     0.00%    passed     84.08%
 434  KY407138     0.00%    passed     85.60%
 435  KY679162     0.00%    passed     86.18%
 436  KY679163     0.00%    passed     86.18%
 437  KY679165     0.00%    passed     86.18%
 438  KY679168     0.00%    passed     86.18%
 439  KY679169     0.00%    passed     86.18%
 440  KY407069     0.00%    passed     81.71%
 441  MH229939     0.00%    passed     83.25%
 442  MH229941     0.00%    passed     67.52%
 443  OL336348     0.00%    passed     90.05%
 444  MW521112     0.00%    passed     89.91%
 445  MW521115     0.00%    passed     88.08%
 446  MH229940     0.00%    passed     92.83%
 447  KY407102     0.00%    passed     80.57%
 448  KY407075     0.00%    passed     80.00%
 449  KY407119     0.00%    passed     80.57%
 450  MK213524     0.18%    passed     89.80%
 451  KY679171     0.00%    passed     91.11%
 452  OR084257     0.00%    passed     85.99%
 453  OM372477     0.00%    passed     89.91%
 454  OM372481     0.00%    passed     90.13%
 455  OM372682     0.00%    passed     89.91%
 456  OM372478     0.00%    passed     91.48%
 457  OM373317     0.00%    passed     90.05%
 458  MH469184     1.79%    passed     96.89%
 459  MH469185     1.79%    passed     85.14%
 460  LC885326     0.00%    passed     90.30%
 461  PP498986     0.00%    passed     90.75%
 462  PP498988     0.00%    passed     94.44%
 463  PP498989     0.00%    passed     93.57%
 464  PQ740339     0.00%    passed     89.97%
 465  PQ740340     0.00%    passed     89.97%
 466  PQ740342     0.00%    passed     91.11%
 467  PQ740343     0.00%    passed     91.11%
 468  OR084261     0.00%    passed     87.07%
 469  MW981327     0.00%    passed     88.08%
 470  OR084259     0.00%    passed     85.58%
 471  OR084260     0.00%    passed     95.98%
 472  MH469205     0.00%    passed     88.08%
 473  OM372476     0.00%    passed     88.23%
 474  OM372479     0.00%    passed     85.99%
 475  MN588307     0.00%    passed     83.79%
 476  MN588300     0.00%    passed     87.79%
 477  MN588304     0.00%    passed     87.61%
 478  MN588305     0.00%    passed     85.63%
 479  MN588299     0.00%    passed     91.54%
 480  LC726073     0.00%    passed     85.58%
 481  LC790052     0.00%    passed     88.19%
 482  OP595534     0.00%    passed     87.70%
 483  OK148516     0.00%    passed     89.91%
 484  LC798258     0.00%    passed     88.08%
 485  LC645998     0.00%    passed     88.08%
 486  LC645995     0.00%    passed     91.48%
 487  OL336351     0.00%    passed     91.70%
 488  MZ027000     3.88%    passed     90.64%
 489  MZ026972     3.88%    passed     80.17%
 490  MZ026934     3.88%    passed     86.67%
 491  MN502930     3.88%    passed     81.69%
 492  MZ026935     3.88%    passed     95.68%
 493  MZ027029     3.88%    passed     95.68%
 494  MZ026944     3.88%    passed     94.69%
 495  MN502971     3.88%    passed     95.27%
 496  MN502973     3.88%    passed     90.93%
 497  MZ026984     3.88%    passed     69.26%
 498  KY407131     0.00%    passed     88.92%
 499  MH979230     0.00%    passed     84.32%
 500  LC798039     0.00%    passed     83.69%
 501  LC798041     0.00%    passed     83.69%
 502  MH229942     0.00%    passed     74.62%
 503  LC699541     0.00%    passed     78.18%
 504  LC790054     0.00%    passed     75.25%
 505  LC798012     0.00%    passed     75.48%
 506  LC798022     0.00%    passed     69.98%
 507  LC726078     0.00%    passed     64.14%
 508  OR084258     0.00%    passed     81.00%
 509  MN588302     0.00%    passed     90.13%
 510  OQ451906     0.00%    passed     83.53%
 511  OQ451910     0.00%    passed     83.53%
 512  OQ451923     0.00%    passed     83.53%
 513  OQ451911     0.00%    passed     89.30%
 514  OQ451912     0.00%    passed     89.30%
 515  OQ451913     0.00%    passed     89.30%
 516  OQ451924     0.00%    passed     89.30%
 517  OQ451908     0.00%    passed     80.74%
 518  OQ451921     0.00%    passed     80.74%
 519  OQ451909     0.00%    passed     83.53%
 520  OQ451914     0.00%    passed     83.53%
 521  OQ451922     0.00%    passed     77.91%
 522  LC699538     0.00%    passed     87.87%
 523  LC798007     0.00%    passed     83.21%
 524  LC699540     0.00%    passed     78.42%
 525  LC726075     0.00%    passed     78.42%
 526  OQ451917     0.00%    passed     83.34%
 527  OQ451919     0.00%    passed     83.34%
 528  PQ507170     0.00%    passed     92.83%
 529  PQ507177     0.00%    passed     91.52%
 530  PQ507178     0.00%    passed     94.82%
 531  PQ507179     0.00%    passed     90.05%
 532  MN764311     0.18%    passed     86.00%
 533  PX732937     0.18%    passed     93.57%
 534  PX732955     0.25%    passed     87.71%
 535  PX732978     0.18%    passed     77.38%
 536  PQ213802     0.00%    passed     70.77%
 537  KX354031     0.00%    passed     72.13%
 538  KX354009     0.00%    passed     70.25%
 539  KX354047     0.00%    passed     87.07%
 540  KX354029     0.00%    passed     72.95%
 541  KX354106     0.00%    passed     74.83%
 542  KX354112     0.00%    passed     72.26%
 543  PV282507     0.00%    passed     76.47%
 544  PV282525     0.00%    passed     76.47%
 545  MT474044     0.00%    passed     74.95%
 546  MT474049     0.00%    passed     71.41%
 547  MN307994     0.00%    passed     76.87%
 548  MW305617     0.00%    passed     84.09%
 549  LC122828     0.00%    passed     80.56%
 550  MW305621     0.00%    passed     71.08%
 551  MW305626     0.00%    passed     80.95%
 552  MN308010     0.00%    passed     79.59%
 553  PQ219040     0.00%    passed     79.05%
 554  MN703761     0.00%    passed     77.21%
 555  PX733022     0.18%    passed     76.01%
 556  LC122829     0.00%    passed     74.70%
 557  LC122830     0.00%    passed     74.70%
 558  PX732975     0.18%    passed     87.88%
 559  PX733004     0.18%    passed     87.88%
 560  PX733011     0.18%    passed     87.88%
 561  PX733016     0.18%    passed     87.59%
 562  PX732996     0.18%    passed     89.65%
 563  PX733009     0.18%    passed     87.88%
 564  PX732986     0.18%    passed     81.74%
 565  PX733007     0.43%    passed     84.76%
 566  PX733030     0.18%    passed     85.55%
 567  PX733050     0.18%    passed     82.97%
 568  PX733059     0.18%    passed     85.60%
 569  PX733085     0.18%    passed     85.26%
 570  PX733084     0.18%    passed     79.56%
 571  PX733058     0.18%    passed     76.77%
 572  PX733064     6.22%    passed     78.29%
 573  PX733061     0.18%    passed     81.33%
 574  MZ546177     0.00%    passed     78.31%
 575  MZ546178     0.00%    passed     78.31%
 576  OP727609     0.00%    passed     75.66%
 577  OP727610     0.00%    passed     75.66%
 578  MH218674     0.00%    passed     87.81%
 579  MH218638     0.00%    passed     86.56%
 580  MZ546176     0.00%    passed     74.09%
 581  LC066046     0.00%    passed     85.21%
 582  OR844372     0.00%    passed     85.83%
 583  MH702270     0.00%    passed     85.90%
 584  LC744872     0.00%    passed     86.83%
 585  LC744875     0.00%    passed     89.53%
 586  LC744877     0.00%    passed     78.39%
 587  LC122790     0.00%    passed     82.61%
 588  LC122792     0.00%    passed     86.83%
 589  LC122793     0.00%    passed     86.83%
 590  KC175323     0.00%    passed     86.83%
 591  KJ196279     0.00%    passed     85.38%
 592  KJ196281     0.00%    passed     85.38%
 593  KJ196280     0.00%    passed     84.61%
 594  LC122801     0.00%    passed     87.88%
 595  LC122809     0.00%    passed     89.54%
 596  LC122812     0.00%    passed     80.19%
 597  KC631827     0.00%    passed     87.07%
 598  LC122800     0.00%    passed     88.79%
 599  LC122803     0.00%    passed     89.53%
 600  LC122823     0.00%    passed     89.53%
 601  LC122798     0.00%    passed     89.54%
 602  LC122802     0.00%    passed     89.54%
 603  KJ955492     0.00%    passed     83.72%
 604  MF140671     0.00%    passed     88.79%
 605  MK753019     2.46%    passed     91.23%
 606  LC122818     0.00%    passed     87.88%
 607  MH218715     0.00%    passed     89.93%
 608  LC122820     0.00%    passed     77.78%
 609  OR844375     0.00%    passed     88.28%
 610  KJ451059     0.00%    passed     90.04%
 611  MW305680     0.00%    passed     88.31%
 612  LC373449     0.00%    passed     86.20%
 613  LC720170     0.00%    passed     85.83%
 614  MK614062     0.00%    passed     82.13%
 615  MW363194     0.00%    passed     79.42%
 616  KY407169     0.00%    passed     80.19%
 617  KX354004     0.00%    passed     85.38%
 618  JX629458     0.00%    passed     85.38%
 619  KF060027     0.00%    passed     85.90%
 620  KX354105     0.00%    passed     88.79%
 621  KX354104     0.00%    passed     87.59%
 622  KM268084     0.00%    passed     88.92%
 623  KM268088     0.00%    passed     87.59%
 624  LC720175     0.00%    passed     84.61%
 625  LC720172     0.00%    passed     82.91%
 626  KP241909     0.00%    passed     82.85%
 627  KM514076     0.00%    passed     91.00%
 628  KP096344     0.00%    passed     91.94%
 629  KM268107     0.00%    passed     86.35%
 630  KT780381     0.00%    passed     80.15%
 631  KP176405     0.00%    passed     90.04%
 632  MH218694     0.00%    passed     80.15%
 633  MH218705     0.00%    passed     77.78%
 634  MH218709     0.00%    passed     77.25%
 635  MH218711     0.00%    passed     77.51%
 636  MH218708     0.00%    passed     77.09%
 637  MG733284     0.00%    passed     86.20%
 638  MG733285     0.00%    passed     83.59%
 639  LC122826     0.00%    passed     86.33%
 640  KJ533133     0.00%    passed     86.33%
 641  KM258129     0.00%    passed     86.33%
 642  KF509946     0.00%    passed     88.08%
 643  MH702274     0.00%    passed     83.44%
 644  OL898510     0.00%    passed     88.36%
 645  PQ507184     0.00%    passed     88.09%
 646  LC848168     0.00%    passed     92.23%
 647  LC848170     0.00%    passed     92.23%
 648  LC848169     0.00%    passed     92.23%
 649  PQ557605     0.00%    passed     85.09%
 650  MH218628     0.00%    passed     55.97%
 651  MH218629     0.00%    passed     65.32%
 652  MH218632     0.00%    passed     69.19%
 653  MH218615     0.00%    passed     89.55%
 654  KT202796     0.00%    passed     82.32%
 655  MH218707     0.00%    passed     95.70%
 656  OR844376     0.00%    passed     70.04%
 657  OR844377     0.00%    passed     70.00%
 658  MK070152     0.00%    passed     80.79%
 659  KF060030     0.00%    passed     84.38%
 660  KF060056     0.00%    passed     82.59%
 661  KF008240     0.00%    passed     85.08%
 662  LC005728     0.00%    passed     88.06%
 663  KF059999     0.00%    passed     85.07%
 664  KF060131     0.00%    passed     91.11%
 665  KY407026     0.00%    passed     79.11%
 666  KY407060     0.00%    passed     83.65%
 667  KY407061     0.00%    passed     83.65%
 668  KY407063     0.00%    passed     83.65%
 669  KJ678137     0.00%    passed     83.59%
 670  KJ678138     0.00%    passed     86.83%
 671  KJ678140     0.00%    passed     84.61%
 672  KJ716365     0.00%    passed     83.59%
 673  KJ716361     0.00%    passed     85.90%
 674  KJ716363     0.00%    passed     87.59%
 675  KJ678142     0.00%    passed     81.11%
 676  KJ678147     0.00%    passed     78.31%
 677  KJ678148     0.00%    passed     76.54%
 678  KJ678150     0.00%    passed     82.32%
 679  KJ433970     0.00%    passed     82.85%
 680  KC456073     0.00%    passed     76.58%
 681  KF145149     0.00%    passed     92.64%
 682  KF177430     0.00%    passed     89.53%
 683  KF177434     0.00%    passed     90.50%
 684  KF177436     0.00%    passed     90.50%
 685  KJ955493     0.00%    passed     76.47%
 686  KU678205     0.00%    passed     82.91%
 687  KM982946     0.00%    passed     80.19%
 688  KT780378     0.00%    passed     81.00%
 689  KT780375     0.00%    passed     78.39%
 690  PQ207941     0.00%    passed     88.13%
 691  KY406996     0.00%    passed     93.82%
 692  KP241905     0.00%    passed     93.81%
 693  MZ546180     0.00%    passed     82.06%
 694  PQ207936     0.00%    passed     78.84%
 695  MK907796     0.00%    passed     89.41%
 696  MK907797     0.00%    passed     90.24%
 697  OP595538     0.00%    passed     91.03%
 698  MW521100     0.00%    passed     78.02%
 699  MW521108     0.00%    passed     72.11%
 700  MH469169     0.00%    passed     70.96%
 701  KY407028     0.00%    passed     74.19%
 702  KY407040     0.00%    passed     79.83%
 703  KY407051     0.00%    passed     85.83%
 704  KP096348     0.00%    passed     74.38%
 705  KY407070     0.00%    passed     75.60%
 706  KY407073     0.00%    passed     86.35%
 707  KY407149     0.00%    passed     67.76%
 708  KT780388     0.00%    passed     73.34%
 709  KY407032     0.00%    passed     82.94%
 710  KP698926     0.00%    passed     87.06%
 711  MN308012     0.00%    passed     65.11%
 712  LC597114     0.00%    passed     89.15%
 713  LC597130     0.00%    passed     90.50%
 714  LC597116     0.00%    passed     79.83%
 715  OR793074     0.00%    passed     65.60%
 716  OP727612     0.00%    passed     78.09%
 717  OP727613     0.00%    passed     78.09%
 718  KY679173     0.00%    passed     91.94%
 719  LC018707     0.00%    passed     78.31%
 720  KM268103     0.00%    passed     80.72%
 721  MK213511     0.18%    passed     89.67%
 722  KX354055     0.00%    passed     68.52%
 723  MH218626     0.00%    passed     64.15%
 724  MH218701     0.00%    passed     66.60%
 725  KY424331     0.31%    passed     74.87%
 726  KF668567     0.00%    passed     78.82%
 727  KF668568     0.00%    passed     81.63%
 728  KP784697     0.00%    passed     67.31%
 729  KF145148     0.00%    passed     85.59%
 730  KF668569     0.00%    passed     79.81%
 731  OL898511     0.00%    passed     88.31%
 732  LC177660     0.00%    passed     92.65%
 733  KY407087     0.00%    passed     84.32%
 734  KY407092     0.00%    passed     84.32%
 735  MN502903     3.88%    passed     94.74%
 736  KU687027     3.88%    passed     90.41%
 737  LC177659     0.00%    passed     82.90%
 738  KR131783     0.00%    passed     72.32%
 739  KF060136     0.00%    passed     73.68%
 740  KF060137     0.00%    passed     74.90%
 741  KR904222     0.00%    passed     68.40%
 742  KR904223     0.06%    passed     63.19%
 743  KF944259     0.00%    passed     71.69%
 744  KR904224     0.12%    passed     65.07%
 745  KF378731     0.00%    passed     84.54%
 746  KY407054     0.00%    passed     85.59%
 747  KU678204     0.00%    passed     89.54%
 748  PX733046     0.18%    passed     84.02%
 749  PX733087     0.18%    passed     79.38%
 750  MH218622     0.00%    passed     73.53%
 751  MH218706     0.00%    passed     81.31%
 752  PX733068     0.18%    passed     82.12%
 753  PQ207924     0.00%    passed     49.05%
 754  PQ218469     0.00%    passed     61.82%
 755  MT474034     0.00%    passed     64.57%
 756  MW009071     0.00%    passed     64.55%
 757  PQ207927     0.00%    passed     68.62%
 758  KY421039     0.00%    passed     46.50%
 759  PP658553     0.00%    passed     96.20%
 760  OP727611     0.00%    passed     84.61%
 761  MF140639     0.00%    passed     96.68%
 762  MF140640     0.00%    passed     86.18%
 763  MN307999     0.00%    passed     90.30%
 764  MN308000     0.00%    passed     92.23%
 765  MT474043     0.00%    passed     84.38%
 766  MN308017     0.00%    passed     68.56%
 767  MN308005     0.00%    passed     78.82%
 768  MN308008     0.00%    passed     81.42%
 769  MN308022     0.00%    passed     81.42%
 770  PQ218467     0.00%    passed     80.83%
 771  PQ218468     0.00%    passed     80.83%
 772  OP205547     0.00%    passed     71.53%
 773  OP205548     7.46%    passed     45.45%
 774  OL898508     0.00%    passed     69.60%
 775  PQ557603     0.00%    passed     71.55%
 776  PQ557604     0.00%    passed     74.90%
 777  MW521106     0.00%    passed     70.22%
 778  MW521107     0.00%    passed     65.57%
 779  MW521110     0.00%    passed     68.35%
 780  MW521114     0.00%    passed     74.05%
 781  LC390332     0.00%    passed     81.00%
 782  LC421227     0.00%    passed     81.00%
 783  LC421228     0.00%    passed     81.00%
 784  MZ026933     3.88%    passed     84.84%
 785  MN525214     3.88%    passed     75.18%
 786  KR904228     0.06%    passed     89.94%
 787  LC645997     0.00%    passed     91.22%
 788  PQ243256     0.00%    passed     86.29%
 789  MN764313     0.00%    passed     68.81%
 790  PZ240513     0.00%    passed     68.83%
 791  PZ189635     0.00%    passed     74.09%
 792  OR794162     0.00%    passed     53.14%
 793  PQ119970     8.81%    passed     52.04%
 794  PQ097900     0.00%    passed     53.39%
 795  PQ195917     0.00%    passed     64.55%
 796  PQ195929     0.00%    passed     66.01%
 797  PQ195930     0.00%    passed     59.41%
 798  PQ195933     0.00%    passed     59.41%
 799  PQ195934     0.00%    passed     59.41%
 800  PQ195944     0.00%    passed     59.41%
 801  PQ195951     0.00%    passed     59.41%
 802  PQ195952     0.00%    passed     59.41%
 803  PQ195950     0.00%    passed     59.41%
 804  OR794161     0.00%    passed     43.94%
 805  OR794207     0.00%    passed     43.94%
 806  PQ195923     0.00%    passed     54.86%
 807  PQ195925     0.00%    passed     61.82%
 808  PQ195924     0.00%    passed     54.86%
 809  KY628449     0.00%    passed     60.87%
 810  PX458521     0.00%    passed     82.18%
 811  OR477993     0.00%    passed     90.37%
 812  PX733072     0.18%    passed     92.69%
 813  PX733089     0.18%    passed     91.75%
 814  PX733088     0.18%    passed     93.26%
 815  PX733083     0.18%    passed     89.98%
 816  PQ207918     0.00%    passed     87.74%
 817  PQ207919     0.00%    passed     89.69%
 818  PQ207920     0.00%    passed     88.19%
 819  PQ207921     0.00%    passed     87.74%
 820  PQ207946     0.00%    passed     87.74%
 821  PQ207925     0.00%    passed     90.04%
 822  PQ215579     0.00%    passed     80.82%
 823  MT362912     0.00%    passed     88.40%
 824  MT362913     0.00%    passed     88.40%
 825  MW009070     0.00%    passed     88.40%
 826  MT725762     0.00%    passed     86.21%
 827  MK762561     0.00%    passed     91.79%
 828  PQ215578     0.00%    passed     87.74%
 829  MT026582     0.00%    passed     91.96%
 830  PQ208317     0.00%    passed     86.18%
 831  PQ207930     0.00%    passed     93.60%
 832  PQ208324     0.00%    passed     85.54%
 833  PQ208325     0.00%    passed     82.75%
 834  PQ213804     0.00%    passed     91.99%
 835  PQ208326     0.00%    passed     85.54%
 836  PQ208315     0.00%    passed     84.43%
 837  PQ207940     0.00%    passed     94.53%
 838  PQ213801     0.00%    passed     91.70%
 839  PQ214833     0.00%    passed     93.64%
 840  PQ218786     0.00%    passed     95.41%
 841  PQ195883     0.00%    passed     85.72%
 842  PQ195884     0.00%    passed     85.22%
 843  PQ195885     0.00%    passed     85.99%
 844  PQ195886     0.00%    passed     85.99%
 845  PQ195942     0.00%    passed     83.75%
 846  PQ195945     0.00%    passed     83.75%
 847  PQ195946     0.00%    passed     80.82%
 848  PQ195947     0.00%    passed     80.82%
 849  PQ195948     0.00%    passed     80.82%
 850  PQ195949     0.00%    passed     80.82%
 851  OP412384     0.00%    passed     95.19%
 852  OP412385     0.00%    passed     94.50%
 853  OP412386     0.00%    passed     94.50%
 854  PQ195914     0.00%    passed     93.24%
 855  PQ195915     0.00%    passed     93.24%
 856  PQ195916     0.00%    passed     93.24%
 857  PX732972     0.18%    passed     86.61%
 858  PX733012     0.37%    passed     87.01%
 859  PX733001     0.18%    passed     87.78%
 860  PX732989     0.18%    passed     94.47%
 861  MZ376651     0.00%    passed     85.60%
 862  MW284781     0.00%    passed     87.70%
 863  MW284782     0.00%    passed     87.70%
 864  MF140641     0.00%    passed     88.79%
 865  MF140643     0.00%    passed     92.63%
 866  MF140644     0.00%    passed     76.61%
 867  OP727605     0.00%    passed     86.18%
 868  OP727606     0.00%    passed     83.72%
 869  OP727608     0.00%    passed     83.72%
 870  OP727607     0.00%    passed     83.72%
 871  OP205527     0.00%    passed     85.82%
 872  OP205539     0.00%    passed     86.83%
 873  MH218607     0.00%    passed     94.94%
 874  MH218612     0.00%    passed     93.86%
 875  MN248513     0.37%    passed     97.11%
 876  MK789434     0.00%    passed     91.99%
 877  MK789436     0.00%    passed     93.36%
 878  PX733037     0.18%    passed     93.20%
 879  PX733045     0.18%    passed     93.60%
 880  PX733066     0.18%    passed     93.60%
 881  PQ219041     0.00%    passed     88.40%
 882  MN248518     0.37%    passed     96.49%
 883  KY905331     0.00%    passed     97.05%
 884  MK213536     0.18%    passed     94.86%
 885  KT780389     0.00%    passed     95.44%
 886  LC177658     0.00%    passed     87.74%
 887  OM980240     0.00%    passed     85.72%
 888  OP205530    16.45%    passed     91.23%
 889  MH218652     0.00%    passed     97.99%
 890  MH218691     0.00%    passed     94.90%
 891  MH218665     0.00%    passed     99.07%
 892  MH218670     0.00%    passed     97.19%
 893  PX733034     0.18%    passed     71.66%
 894  PQ215575     0.00%    passed     79.11%
 895  OL898516     0.00%    passed     75.02%
 896  MK762622     0.00%    passed     74.39%
 897  MK762623     0.00%    passed     75.02%
 898  MH218609     0.00%    passed     64.31%
 899  MH218610     0.00%    passed     67.61%
 900  MH218611     0.00%    passed     67.61%
 901  MH218613     0.00%    passed     67.61%
 902  MH218619     0.00%    passed     60.72%
 903  MH218633     0.00%    passed     66.68%
 904  MK073889     0.00%    passed     68.94%
 905  MH218710     0.00%    passed     88.58%
 906  MH188080     0.00%    passed     35.80%
 907  MG002632     0.00%    passed     38.66%
 908  MG002634     0.00%    passed     37.37%
 909  MH702266     0.12%    passed     50.91%
 910  MH218606     0.00%    passed     78.54%
 911  MH218695     0.00%    passed     66.18%
 912  MH218698     0.00%    passed     77.50%
 913  MH218703     0.00%    passed     77.50%
 914  MH218713     0.00%    passed     74.34%
 915  MH218704     0.00%    passed     71.00%
 916  MH218716     0.00%    passed     72.02%
 917  MH218718     0.00%    passed     72.28%
 918  MH218714     0.00%    passed     72.80%
 919  PP576343     0.00%    passed     85.60%
 920  PZ098687     0.00%    passed     70.08%
 921  PZ098689     0.00%    passed     67.35%
 922  PZ098690     0.00%    passed     71.27%
 923  PZ098693     0.00%    passed     83.48%
 924  PZ239816     0.00%    passed     91.22%
 925  PQ207916     0.00%    passed     87.07%
 926  PQ207917     0.00%    passed     87.07%
 927  PX733026     7.27%    passed     89.10%
 928  MK753028     0.00%    passed     62.27%
 929  KY947547     0.00%    passed     45.44%
 930  MN294753    18.85%    passed     40.85%
 931  MH218669     0.00%    passed     93.55%
 932  KY947546     0.00%    passed     94.03%
 933  PX732916     0.18%    passed     87.84%
 934  PX732927     0.25%    passed     87.75%
 935  PX732952     0.18%    passed     83.13%
 936  PX732919     0.18%    passed     83.71%
 937  KX608857     7.76%    passed     82.26%
 938  KF429766     0.00%    passed     75.26%
 939  KC695790    17.62%    passed     69.88%
 940  KX353982     0.00%    passed     85.25%
 941  KX353983     0.00%    passed     85.25%
 942  KX354074     0.00%    passed     81.83%
 943  JX459658     0.00%    passed     83.89%
 944  KF060079     0.00%    passed     85.77%
 945  KF060022     0.00%    passed     82.06%
 946  KF060098     0.00%    passed     80.14%
 947  KF060094     0.00%    passed     74.95%
 948  KF060068     0.00%    passed     89.51%
 949  KF060075     0.00%    passed     89.51%
 950  KF060093     0.00%    passed     70.04%
 951  KF060100     0.00%    passed     67.87%
 952  KF060101     0.00%    passed     73.13%
 953  KF060108     0.00%    passed     70.53%
 954  MT362917     0.00%    passed     92.25%
 955  LC122788     0.00%    passed     88.71%
 956  PX732918     0.18%    passed     76.42%
 957  PX732930     0.18%    passed     73.16%
 958  PX732953     0.18%    passed     74.47%
 959  PX732960     1.36%    passed     71.51%
 960  JX445168     0.00%    passed     74.42%
 961  JX445169     0.00%    passed     74.61%
 962  KR131775     0.00%    passed     86.57%
 963  KF060002     0.00%    passed     77.77%
 964  KF060082     0.00%    passed     83.42%
 965  JX459640     0.00%    passed     75.91%
 966  JX459645     0.00%    passed     83.08%
 967  JX459646     0.00%    passed     70.04%
 968  JX459647     0.00%    passed     73.59%
 969  JX459650     0.00%    passed     79.07%
 970  JQ613560     0.00%    passed     91.03%
 971  KF060011     0.00%    passed     84.34%
 972  JQ613549     0.00%    passed     79.15%
 973  JQ613553     0.00%    passed     80.25%
 974  JQ613534     0.00%    passed     94.21%
 975  KX354051     0.00%    passed     92.86%
 976  KX354054     0.00%    passed     92.86%
 977  KM198488     0.00%    passed     73.59%
 978  KC175383     0.00%    passed     73.59%
 979  KC175384     0.00%    passed     73.59%
 980  KC409243     0.00%    passed     81.94%
 981  KC175380     0.00%    passed     79.64%
 982  KC409301     0.00%    passed     72.92%
 983  AB933747     0.00%    passed     96.01%
 984  HM191773     0.00%    passed     86.86%
 985  HQ005294     0.00%    passed     94.78%
 986  HQ005296     0.00%    passed     92.06%
 987  HQ005298     0.00%    passed     92.06%
 988  KF060032     0.00%    passed     91.23%
 989  JQ613554     0.00%    passed     89.51%
 990  KF060109     0.00%    passed     73.07%
 991  HM635103     0.00%    passed     86.57%
 992  KX608855     0.12%    passed     72.86%
 993  MF140670     0.00%    passed     94.47%
 994  MF140690     0.00%    passed     94.47%
 995  MF140692     0.00%    passed     77.04%
 996  JN400623     0.00%    passed     67.77%
 997  KF768522     0.00%    passed     96.77%
 998  AB933734     0.00%    passed     92.26%
 999  MF140649     0.00%    passed     92.92%
1000  MF140650     0.00%    passed     91.48%
1001  MF140651     0.00%    passed     90.34%
1002  JQ613552     0.00%    passed     84.65%
1003  JX459656     0.00%    passed     80.14%
1004  KF060016     0.00%    passed     87.38%
1005  PX733015     1.42%    passed     76.86%
1006  LC122785     0.00%    passed     80.25%
1007  LC122787     0.00%    passed     80.25%
1008  KF768470     0.00%    passed     94.21%
1009  KF768471     0.00%    passed     92.86%
1010  PX732966     0.18%    passed     86.43%
1011  PX732983     0.18%    passed     86.43%
1012  PX732970     0.18%    passed     88.96%
1013  PX733000     0.18%    passed     93.20%
1014  PX732994     0.18%    passed     92.83%
1015  PX732982     0.18%    passed     88.96%
1016  PX732992     0.25%    passed     91.89%
1017  PX732973     1.36%    passed     87.58%
1018  PX733006     1.36%    passed     92.12%
1019  PX732998     1.36%    passed     97.65%
1020  PX732999     1.36%    passed     91.25%
1021  PX733014     1.36%    passed     87.06%
1022  PX732991     1.36%    passed     88.08%
1023  PX732981     1.73%    passed     88.65%
1024  PX733017     0.18%    passed     90.72%
1025  PX733003     6.22%    passed     81.90%
1026  KR904213     0.00%    passed     82.62%
1027  JX644038     0.00%    passed     96.99%
1028  KF060055     0.00%    passed     94.53%
1029  KC810029     0.37%    passed     73.53%
1030  PX732956     0.18%    passed     42.17%
1031  KX354062     0.00%    passed     86.77%
1032  KF059998     0.00%    passed     86.94%
1033  KX354092     0.12%    passed     90.73%
1034  MW363191     0.00%    passed     97.18%
1035  KR904220     0.00%    passed     90.24%
1036  JX439829     0.00%    passed     83.89%
1037  MN502841     4.00%    passed     87.77%
1038  KM245072     0.00%    passed     85.93%
1039  GU390902     0.00%    passed     87.80%
1040  GQ246796     0.00%    passed     86.56%
1041  JQ613529     0.00%    passed     92.89%
1042  JX439827     0.00%    passed     82.16%
1043  KR131772     0.00%    passed     91.69%
1044  GQ246795     0.00%    passed     66.58%
1045  HM635101     0.00%    passed     84.20%
1046  JX445161     0.00%    passed     83.92%
1047  HQ009513     0.00%    passed     70.96%
1048  HM635155     0.00%    passed     78.30%
1049  JX448566     0.00%    passed     83.81%
1050  KR904207     0.00%    passed     86.48%
1051  KR904210     0.00%    passed     95.12%
1052  KR904211     0.00%    passed     92.06%
1053  JQ613537     0.00%    passed     89.66%
1054  JQ613538     0.00%    passed     90.34%
1055  GQ845345     0.00%    passed     94.47%
1056  KR904209     0.00%    passed     89.01%
1057  AB933744     0.00%    passed     96.16%
1058  AB933753     0.00%    passed     97.60%
1059  AB933757     0.00%    passed     82.28%
1060  KF060124     0.00%    passed     85.90%
1061  KX608856     0.49%    passed     89.65%
1062  PV258475     0.00%    passed     72.62%
1063  KP244317     0.00%    passed     85.81%
1064  KR904234     0.00%    passed     90.00%
1065  KC695797    11.65%    passed     78.97%
1066  KF429792     1.54%    passed     52.00%
1067  KF712493     0.18%    passed     44.45%
1068  KF712494     0.18%    passed     32.12%
1069  JX459900     0.00%    passed     92.64%
1070  KF712502     0.18%    passed     87.88%
1071  KF429776     0.00%    passed     94.33%
1072  KF712495     0.18%    passed     90.73%
1073  KF429790     0.00%    passed     86.36%
1074  KP784692     0.00%    passed     75.52%
1075  PX732951     0.25%    passed     82.96%
1076  JX439875    12.75%    passed     32.69%
1077  PX732976     0.18%    passed     69.14%
1078  PX732987     0.18%    passed     70.31%
1079  PX733038     1.85%    passed     98.20%
1080  HQ008056     0.18%    passed     85.67%
1081  PQ207944     0.00%    passed     34.21%
1082  PQ207945     0.00%    passed     34.21%
1083  PV223402     0.00%    passed     35.78%
1084  PV232416     0.00%    passed     33.46%
1085  PV232415     0.00%    passed     56.70%
1086  PQ218943     0.00%    passed     77.27%
1087  PQ218944     0.00%    passed     75.46%
1088  OR700747     0.00%    passed     60.57%
1089  PV223444     0.00%    passed     54.87%
1090  PV232417     0.00%    passed     59.16%
1091  PV232420     0.00%    passed     60.45%
1092  PV232418     0.00%    passed     59.16%
1093  PV232419     0.00%    passed     59.16%
1094  PV232421     0.00%    passed     59.16%
1095  PV232422     0.00%    passed     63.26%
1096  PV232423     0.00%    passed     64.35%
1097  PV232425     0.00%    passed     57.98%
1098  PV232424     0.00%    passed     62.93%
1099  PV232426     0.00%    passed     56.59%
1100  PV232427     0.00%    passed     61.54%
1101  PV275064     0.00%    passed     54.28%
1102  PV275065     0.00%    passed     70.09%
1103  OR700741     0.00%    passed     61.38%
1104  PV266775     0.00%    passed     70.09%
1105  PV266776     0.00%    passed     59.49%
1106  PV275063     0.00%    passed     57.63%
1107  PV275067     0.00%    passed     58.46%
1108  PV275062     0.00%    passed     46.75%
1109  PV275066     0.00%    passed     50.20%
1110  MF140695     0.00%    passed     76.03%
1111  MF140697     0.00%    passed     85.28%
1112  PX694701     0.00%    passed     87.67%
1113  PX694703     0.00%    passed     92.88%
1114  PX694704     0.00%    passed     89.51%
1115  PZ098695     0.00%    passed     91.14%
1116  PX694702     0.00%    passed     62.26%
1117  PZ098701     0.00%    passed     53.69%
1118  PQ213434     0.00%    passed     73.63%
1119  PQ213438     0.00%    passed     73.63%
1120  MT028542     0.00%    passed     73.63%
1121  MW559992     0.00%    passed     83.17%
1122  PQ732757     2.34%    passed     56.87%
1123  MW019958     0.00%    passed     58.01%
1124  MW019619     0.00%    passed     53.56%
1125  MW019620     0.00%    passed     77.41%
1126  MW019957     0.00%    passed     40.98%
1127  PQ207933     0.00%    passed     69.27%
1128  MW019956     0.00%    passed     70.95%
1129  MW045404     0.00%    passed     85.93%
1130  MW019959     0.00%    passed     64.93%
1131  PV611446     0.00%    passed     65.32%
1132  MW019621     0.00%    passed     69.94%
1133  OQ721904     4.99%    passed     87.65%
1134  MW019622     0.06%    passed     58.35%
1135  MW559991     0.00%    passed     34.01%
1136  MW559993     0.00%    passed     46.75%
1137  MW559994     0.00%    passed     52.41%
1138  PQ195880     0.00%    passed     91.26%
1139  PQ208314     0.00%    passed     89.53%
1140  PQ195913     0.00%    passed     86.90%
1141  PQ195940     0.00%    passed     89.53%
1142  OM980238     0.00%    passed     88.08%
1143  OM980239     0.00%    passed     89.80%
1144  PQ207931     0.00%    passed     94.87%
1145  PQ207932     0.00%    passed     94.87%
1146  PQ207948     0.00%    passed     92.52%
1147  PQ740345     0.00%    passed     92.14%
1148  PZ098694     0.00%    passed     86.86%
1149  PZ098696     0.00%    passed     80.17%
1150  PZ098698     0.00%    passed     81.79%
1151  PZ098697     0.00%    passed     92.78%
1152  PP658551     0.00%    passed     95.73%
1153  PP658552     0.00%    passed     95.46%
1154  PV275043     0.00%    passed     93.93%
1155  PV275054     0.00%    passed     89.22%
1156  PV275056     0.00%    passed     93.18%
1157  OR262328     0.00%    passed     91.99%
1158  OR262329     0.00%    passed     80.60%
1159  PV611447     0.00%    passed     84.22%
1160  PV611449     0.00%    passed     78.46%
1161  OR262325     0.00%    passed     61.41%
1162  OR262326     0.00%    passed     74.98%
1163  OR262327     0.00%    passed     74.98%
1164  LC769681     0.00%    passed     71.33%
1165  LC769701     0.00%    passed     76.99%
1166  MW506847     0.00%    passed     97.24%
1167  MW506849     0.00%    passed     96.82%
1168  MW506848     0.00%    passed     94.87%
1169  OR262341     0.00%    passed     87.93%
1170  OR262342     0.00%    passed     70.23%
1171  OR262343     0.00%    passed     67.70%
1172  OR262344     0.00%    passed     78.37%
1173  PV275047     0.00%    passed     74.74%
1174  PV275048     0.00%    passed     74.74%
1175  PV275050     0.00%    passed     66.46%
1176  PV275068     0.00%    passed     69.00%
1177  PV275069     0.00%    passed     66.84%
1178  PV275070     0.00%    passed     60.79%
1179  PV275058     0.00%    passed     70.95%
1180  PZ098699     0.00%    passed     74.53%
1181  PV275040     0.00%    passed     91.03%
1182  PV275044     0.00%    passed     88.58%
1183  PV275053     0.00%    passed     90.74%
1184  PV275042     0.06%    passed     88.52%
1185  PV275061     0.00%    passed     91.48%
1186  PV275045     0.00%    passed     91.06%
1187  PV275041     0.00%    passed     91.00%
1188  PV275051     0.00%    passed     93.97%
1189  PV275046     0.00%    passed     91.74%
1190  PV275055     0.00%    passed     92.07%
1191  PV275057     0.00%    passed     90.42%
1192  PV275059     0.00%    passed     92.07%
1193  PV275060     0.00%    passed     95.85%
1194  PV275049     0.00%    passed     94.49%
1195  PV275052     0.00%    passed     91.00%
1196  MK762724     0.18%    passed     59.05%
1197  PX475759     2.53%    passed     96.02%
1198  GQ856448     0.00%    passed     91.57%
1199  MH540347     0.00%    passed     95.13%
1200  GQ845317     0.00%    passed     96.51%
1201  MH540348     0.00%    passed     97.89%
1202  JQ613512     0.00%    passed     92.27%
1203  MH540349     0.00%    passed     96.90%
1204  JX459641     0.00%    passed     94.22%
1205  JQ613509     0.00%    passed     94.94%
1206  LC005705     0.00%    passed     89.03%
1207  JQ613507     0.00%    passed     85.28%
1208  JX459600     0.00%    passed     88.87%
1209  JX459602     0.00%    passed     82.40%
1210  JX459608     0.00%    passed     81.88%
1211  JX459604     0.00%    passed     84.46%
1212  JX459613     0.00%    passed     88.87%
1213  JX459616     0.00%    passed     86.58%
1214  JX459615     0.00%    passed     86.06%
1215  JX459603     0.00%    passed     88.30%
1216  EU876895     0.00%    passed     91.58%
1217  JN899246     0.00%    passed     90.17%
1218  KM245070     0.00%    passed     92.75%
1219  HQ456329     0.00%    passed     91.91%
1220  HM802525     0.00%    passed     86.17%
1221  HM802527     0.00%    passed     86.21%
1222  HM802528     0.00%    passed     86.17%
1223  HM802532     0.00%    passed     88.30%
1224  HM802533     0.00%    passed     82.44%
1225  HM802536     0.00%    passed     88.30%
1226  HM802537     0.00%    passed     84.42%
1227  HM802538     0.00%    passed     82.44%
1228  HM802529     0.00%    passed     91.98%
1229  HM802530     0.00%    passed     90.99%
1230  EF684915     0.00%    passed     82.34%
1231  JN400609     0.00%    passed     94.34%
1232  JN400612     0.00%    passed     90.07%
1233  HQ456328     0.00%    passed     90.15%
1234  KT152148     0.00%    passed     90.99%
1235  JN400600     0.00%    passed     87.67%
1236  JN400610     0.00%    passed     86.17%
1237  JN400601     0.00%    passed     87.67%
1238  JN400605     0.00%    passed     88.93%
1239  JN400615     0.00%    passed     87.50%
1240  JN400608     0.00%    passed     80.14%
1241  HQ456324     0.00%    passed     93.70%
1242  JN400604     0.00%    passed     97.34%
1243  JN400607     0.00%    passed     92.74%
1244  JN400611     0.00%    passed     96.26%
1245  EU839589     0.00%    passed     94.37%
1246  KJ541743     0.00%    passed     82.40%
1247  JX459606     0.00%    passed     87.05%
1248  JX459617     0.00%    passed     86.58%
1249  JX459618     0.00%    passed     86.58%
1250  EU839592     0.00%    passed     89.56%
1251  EU839594     0.00%    passed     86.77%
1252  EU839595     0.00%    passed     88.81%
1253  HM802539     0.00%    passed     75.33%
1254  AB665364     0.00%    passed     82.70%
1255  HQ456327     0.00%    passed     79.31%
1256  HQ456330     0.00%    passed     80.21%
1257  JQ622197     0.00%    passed     77.01%
1258  AB668028     0.00%    passed     84.42%
1259  GQ856445     0.00%    passed     88.30%
1260  GQ856461     0.00%    passed     80.59%
1261  GQ856453     0.00%    passed     85.37%
1262  GQ856459     0.00%    passed     86.86%
1263  GQ856458     0.00%    passed     93.38%
1264  GQ856460     0.00%    passed     91.75%
1265  GQ856454     0.00%    passed     80.07%
1266  JQ613518     0.00%    passed     90.88%
1267  GQ845366     0.00%    passed     89.04%
1268  GQ856446     0.00%    passed     80.59%
1269  JX445155     0.00%    passed     72.21%
1270  JX445158     0.00%    passed     86.58%
1271  JX445159     0.00%    passed     81.88%
1272  JN400606     0.00%    passed     75.08%
1273  JN400614     0.00%    passed     78.25%
1274  JN400613     0.00%    passed     76.53%
1275  JX459639     0.00%    passed     89.62%
1276  JX644025     0.00%    passed     91.17%
1277  JX644029     0.00%    passed     91.17%
1278  JQ613513     0.00%    passed     89.32%
1279  GQ845329     0.00%    passed     89.32%
1280  GU991353     0.00%    passed     73.15%
1281  KX353947     0.00%    passed     82.55%
1282  EU839590     0.00%    passed     90.40%
1283  GQ856447     0.00%    passed     77.73%
1284  GQ856456     0.00%    passed     89.82%
1285  JQ613510     0.00%    passed     82.02%
1286  LC122779     0.00%    passed     93.22%
1287  AB933692     0.00%    passed     90.31%
1288  JX644030     0.00%    passed     93.51%
1289  AB663684     0.00%    passed     95.52%
1290  MG548737     0.00%    passed     92.77%
1291  AB933685     0.00%    passed     80.57%
1292  LC122773     0.00%    passed     95.12%
1293  AB291542     0.00%    passed     97.60%
1294  AB933650     0.00%    passed     97.29%
1295  GQ856449     0.00%    passed     89.58%
1296  GQ856450     0.00%    passed     88.78%
1297  GQ856451     0.00%    passed     67.27%
1298  GQ856455     0.00%    passed     86.64%
1299  JX459623     0.00%    passed     94.95%
1300  JX459624     0.00%    passed     97.34%
1301  GQ845341     0.00%    passed     98.22%
1302  LC005708     0.00%    passed     95.42%
1303  JX459636     0.00%    passed     97.61%
1304  JX445162     0.00%    passed     83.60%
1305  KM245071     0.00%    passed     94.36%
1306  HQ456336     0.00%    passed     94.10%
1307  HQ456338     0.00%    passed     91.08%
1308  JX459628     0.00%    passed     90.20%
1309  GQ845024     0.00%    passed     93.85%
1310  GQ849128     0.00%    passed     92.27%
1311  KJ144942     4.74%    passed     82.18%
1312  KJ144953     4.62%    passed     83.92%
1313  KJ144954    12.69%    passed     62.04%
1314  KJ144974    11.15%    passed     64.09%
1315  MF140652     0.00%    passed     98.46%
1316  MF140653     0.00%    passed     98.29%
1317  MF140654     0.00%    passed     97.27%
1318  GQ845322     0.00%    passed     95.58%
1319  KJ144938     4.56%    passed     96.20%
1320  KJ144943    11.58%    passed     74.09%
1321  KJ144997    11.52%    passed     70.48%
1322  KJ145003    11.52%    passed     70.29%
1323  KJ144970    11.09%    passed     79.08%
1324  KJ144982    12.82%    passed     80.46%
1325  KJ144988    12.69%    passed     84.21%
1326  KJ144956     8.32%    passed     76.82%
1327  KJ144971     4.99%    passed     94.50%
1328  KJ144963    11.34%    passed     80.33%
1329  KM198527     0.00%    passed     98.41%
1330  KC175381     0.00%    passed     98.87%
1331  KC409294     0.00%    passed     98.03%
1332  KM198584     0.00%    passed     99.32%
1333  KC409260     0.00%    passed     99.07%
1334  KC175343     0.00%    passed     98.85%
1335  KC175396     0.00%    passed     94.99%
1336  KC175398     0.00%    passed     98.03%
1337  KC409238     0.00%    passed     99.17%
1338  KC175379     0.00%    passed     98.50%
1339  KC175374     0.00%    passed     96.38%
1340  KM198557     0.00%    passed     98.03%
1341  KC409288     0.00%    passed     98.38%
1342  KC409293     0.00%    passed     98.18%
1343  KC409318     0.00%    passed     97.56%
1344  KC409315     0.00%    passed     99.07%
1345  KC409297     0.00%    passed     98.60%
1346  KC175344     0.00%    passed     98.38%
1347  KC175399     0.00%    passed     98.13%
1348  KC409246     0.00%    passed     98.23%
1349  KC175372     0.00%    passed     98.38%
1350  KC175355     0.00%    passed     95.40%
1351  KC409245     0.00%    passed     95.70%
1352  JQ911595     0.00%    passed     95.46%
1353  JQ613521     0.00%    passed     94.20%
1354  JQ613522     0.00%    passed     94.33%
1355  GQ845312     0.00%    passed     94.20%
1356  MF140681     0.00%    passed     85.80%
1357  MF140683     0.00%    passed     78.02%
1358  JN400616     0.00%    passed     94.16%
1359  JN400626     0.00%    passed     94.16%
1360  JX459632     0.00%    passed     93.09%
1361  LC122776     0.00%    passed     88.20%
1362  AB933712     0.00%    passed     92.44%
1363  AB933701     0.00%    passed     92.95%
1364  AB933673     0.00%    passed     93.79%
1365  AB933679     0.00%    passed     88.47%
1366  AB933693     0.00%    passed     88.81%
1367  AB933724     0.00%    passed     98.38%
1368  AB933682     0.00%    passed     78.11%
1369  LC005714     0.00%    passed     81.90%
1370  LC122780     0.00%    passed     82.00%
1371  AB933706     0.00%    passed     72.94%
1372  AB933718     0.00%    passed     74.36%
1373  AB933721     0.00%    passed     81.68%
1374  AB933722     0.00%    passed     88.20%
1375  AB933723     0.00%    passed     75.82%
1376  AB933725     0.00%    passed     83.16%
1377  AB933726     0.00%    passed     79.97%
1378  PQ208313     0.00%    passed     99.12%
1379  PV087408     0.00%    passed     97.11%
1380  KX354076     0.00%    passed     99.13%
1381  KX354077     0.00%    passed     99.13%
1382  KX354091     0.00%    passed     99.23%
1383  AB629942     0.00%    passed     89.65%
1384  GQ856452     0.00%    passed     79.06%
1385  GQ856457     0.00%    passed     76.38%
1386  JX439880    12.75%    passed     87.43%
1387  MW305515     0.00%    passed     92.46%
1388  MW305543     0.00%    passed     95.80%
1389  MW305546     0.00%    passed     96.88%
1390  AB933698     0.00%    passed     89.22%
1391  GQ266695     1.73%    passed     81.72%
1392  PQ213803     0.00%    passed     95.58%
1393  KX354089     0.00%    passed     96.38%
1394  JX445160     0.00%    passed     91.61%
1395  MW661247     0.00%    passed     96.67%
1396  MZ291634     0.00%    passed     95.90%
1397  KX608854     5.98%    passed     94.62%
1398  KC576912     0.00%    passed     97.44%
1399  KX353974     0.00%    passed     97.47%
1400  KX354090     0.00%    passed     97.08%
1401  MW363180     0.00%    passed     89.82%
1402  MG546825     0.18%    passed     83.57%
1403  JN183166     0.06%    passed     84.03%
1404  JQ613525     0.00%    passed     96.84%
1405  GQ246799     0.00%    passed     92.53%
1406  KX354084     0.00%    passed     94.44%
1407  KX354087     0.00%    passed     85.28%
1408  KX354088     0.00%    passed     87.24%
1409  KX354072     0.00%    passed     95.13%
1410  HQ456343     0.00%    passed     92.48%
1411  KX608867     7.58%    passed     95.26%
1412  MG546826     0.18%    passed     83.43%
1413  MG546830     0.18%    passed     88.13%
1414  MG546831     0.18%    passed     87.17%
1415  MG546829     0.18%    passed     85.17%
1416  MG546839     0.18%    passed     86.41%
1417  KX353956     0.00%    passed     72.20%
1418  KT033904     0.00%    passed     90.16%
1419  MW363187     0.00%    passed     90.84%
1420  KM198539     0.00%    passed     96.67%
1421  OL336327     0.00%    passed     87.41%
1422  KC810026     3.88%    passed     92.00%
1423  KC810028     1.79%    passed     93.19%
1424  JF713047     0.06%    passed     92.29%
1425  JF713049     0.37%    passed     90.97%
1426  MG546855     0.18%    passed     67.20%
1427  ON116949     0.00%    passed     90.18%
1428  ON116956     0.00%    passed     80.30%
1429  PV241703     0.00%    passed     79.64%
1430  MW305565     0.00%    passed     79.11%
1431  KC736563     4.07%    passed     79.97%
1432  KC736564     3.94%    passed     78.34%
1433  MH413070     0.00%    passed     72.99%
1434  HM802540     0.00%    passed     72.99%
1435  HM802541     0.00%    passed     71.37%
1436  HM802542     0.00%    passed     77.12%
1437  HM802543     0.00%    passed     83.81%
1438  LC122782     0.00%    passed     80.25%
1439  HM802544     0.00%    passed     67.51%
1440  JX445154     0.00%    passed     68.87%
1441  KU182476     0.00%    passed     68.87%
1442  EU916955     0.00%    passed     76.02%
1443  EU916960     0.00%    passed     77.42%
1444  KU182477     0.00%    passed     74.38%
1445  KU182481     0.00%    passed     75.53%
1446  KU182478     0.00%    passed     76.02%
1447  KU182480     0.00%    passed     72.28%
1448  KU182482     0.00%    passed     75.53%
1449  KU182483     0.00%    passed     82.85%
1450  EU916957     0.00%    passed     80.25%
1451  EU916959     0.00%    passed     80.25%
1452  EU916961     0.00%    passed     82.85%
1453  EU916958     0.49%    passed     83.07%
1454  KU182479     0.00%    passed     76.71%
1455  JX459595     0.00%    passed     80.33%
1456  JX459598     0.00%    passed     63.20%
1457  HM802545     0.00%    passed     72.99%
1458  HQ456320     0.00%    passed     80.25%
1459  HQ456321     0.00%    passed     73.83%
1460  JX445153     0.00%    passed     86.35%
1461  JX459597     0.00%    passed     75.71%
1462  EU876890     0.00%    passed     80.79%
1463  EU839584     0.00%    passed     64.38%
1464  JN400599     0.00%    passed     66.29%
1465  EF202568     0.00%    passed     80.40%
1466  KC715794     0.00%    passed     58.01%
1467  JF827296     0.00%    passed     83.26%
1468  MW305567     0.00%    passed     78.96%
1469  MW305568     0.00%    passed     89.05%
1470  JX459599     0.00%    passed     78.65%
1471  KM245069     0.00%    passed     82.01%
1472  KC792278     0.00%    passed     82.01%
1473  HQ456322     0.00%    passed     81.97%
1474  JX445157     0.00%    passed     86.04%
1475  JQ613511     0.00%    passed     91.93%
1476  JX459612     0.00%    passed     85.40%
1477  EU876894     0.00%    passed     77.46%
1478  JX459607     0.00%    passed     82.16%
1479  JX459621     0.00%    passed     85.05%
1480  EU876883     0.00%    passed     81.45%
1481  EU876886     0.00%    passed     84.30%
1482  GQ266690     1.66%    passed     59.46%
1483  JQ613517     0.00%    passed     87.67%
1484  KC810031     0.12%    passed     82.16%
1485  PV282521     0.00%    passed     80.18%
1486  HM747948     6.72%    passed     88.39%
1487  HM747947     8.81%    passed     86.51%
1488  FJ411170     0.00%    passed     84.97%
1489  LC122781     0.00%    passed     75.86%
1490  EF202567     0.00%    passed     76.54%
1491  JQ798158     0.00%    passed     77.97%
1492  JX445152     0.00%    passed     79.18%
1493  JQ320073     0.00%    passed     69.60%
1494  JQ965810     0.06%    passed     70.87%
1495  JQ478408     0.00%    passed     79.79%
1496  JX126913     0.06%    passed     57.80%
1497  JX459596     0.00%    passed     77.61%
1498  FJ538900     0.00%    passed     74.77%
1499  MW305585     0.18%    passed     80.28%
1500  MW305589     0.18%    passed     86.35%
1501  MW305661     0.18%    passed     83.20%
1502  MW305590     0.18%    passed     85.67%
1503  MW305655     0.18%    passed     90.28%
1504  MW305656     0.18%    passed     92.05%
1505  MW305662     0.18%    passed     89.79%
1506  KC013592     0.18%    passed     73.27%
1507  KJ407076     0.18%    passed     73.27%
1508  MW305586     0.18%    passed     86.72%
1509  MW305587     0.18%    passed     84.50%
1510  MW305653     0.18%    passed     95.29%
1511  MW305588     0.18%    passed     85.66%
1512  MW305651     0.18%    passed     76.34%
1513  MW305652     0.18%    passed     86.72%
1514  LC048964     0.18%    passed     74.28%
1515  FJ411169     0.18%    passed     79.47%
1516  JQ478407     0.18%    passed     81.40%
1517  LC016599     0.00%    passed     65.60%
1518  LC016601     0.00%    passed     65.60%
1519  LC016607     0.00%    passed     62.80%
1520  LC016600     0.00%    passed     63.22%
1521  LC016603     0.00%    passed     70.83%
1522  LC016606     0.18%    passed     64.91%
1523  LC016602     0.18%    passed     64.02%
1524  LC016604     0.18%    passed     60.88%
1525  LC016605     0.18%    passed     56.08%
1526  LC122765     0.00%    passed     80.65%
1527  LC122766     0.00%    passed     73.25%
1528  LC122767     0.00%    passed     70.91%
1529  LC122768     0.00%    passed     77.82%
1530  LC122769     0.00%    passed     77.82%
1531  LC122770     0.00%    passed     77.82%
1532  LC122772     0.00%    passed     68.94%
1533  LC122771     0.00%    passed     70.04%
1534  HM802555     0.00%    passed     92.95%
1535  GU350225     0.00%    passed     75.38%
1536  EU839586     0.00%    passed     77.12%
1537  DQ419908     0.00%    passed     70.39%
1538  EU839582     0.00%    passed     87.24%
1539  EU839583     0.00%    passed     76.43%
1540  EU839585     0.00%    passed     90.10%
1541  EU839581     0.00%    passed     70.87%
1542  EU839587     0.00%    passed     87.24%
1543  HM802546     0.00%    passed     85.56%
1544  HM802550     0.00%    passed     79.49%
1545  HM802551     0.00%    passed     92.25%
1546  HM802552     0.00%    passed     79.88%
1547  HM802547     0.00%    passed     92.25%
1548  HM802548     0.00%    passed     86.65%
1549  HM802549     0.00%    passed     86.65%
1550  DQ419907     0.18%    passed     68.65%
1551  HM802553     0.00%    passed     87.40%
1552  HM802554     0.37%    passed     88.86%
1553  MW305594     0.18%    passed     90.29%
1554  KY424332     0.18%    passed     99.15%
1555  KY424333     0.18%    passed     99.15%
1556  KY424335     0.18%    passed     99.15%
1557  KY424334     0.18%    passed     99.15%
1558  KY424336     0.18%    passed     99.15%
1559  KY424337     0.18%    passed     97.62%
1560  KY424338     0.18%    passed     97.55%
1561  JX289821     0.18%    passed     97.51%
1562  KY424339     0.18%    passed     98.23%
1563  KY424340     0.18%    passed     98.23%
1564  AB985442     0.18%    passed     91.44%
1565  FJ537136     0.18%    passed     96.59%
1566  LC048908     0.18%    passed     87.96%
1567  LC048948     0.18%    passed     98.38%
1568  FJ537137     0.18%    passed     98.43%
1569  AB985437     0.18%    passed     98.62%
1570  MW305572     0.18%    passed     90.56%
1571  MW305696     0.18%    passed     86.48%
1572  MW305697     0.18%    passed     87.54%
1573  JX401279     0.18%    passed     86.48%
1574  JX023286     0.18%    passed     99.68%
1575  FJ537134     0.18%    passed     99.68%
1576  FJ537138     0.18%    passed     98.47%
1577  AB684675     0.18%    passed     98.26%
1578  AB684704     0.18%    passed     99.03%
1579  AB684705     0.18%    passed     99.89%
1580  AB684720     0.18%    passed     95.47%
1581  OR051927     0.00%    passed     64.45%
1582  KX514171     0.18%    passed     92.20%
1583  KX514185     0.18%    passed     96.17%
1584  KX514190     0.18%    passed     95.47%
1585  KX514187     0.18%    passed     95.47%
1586  KX514369     0.18%    passed     96.01%
1587  KX514275     0.18%    passed     75.20%
1588  KX514315     0.18%    passed     77.31%
1589  KX514346     0.18%    passed     89.45%
1590  KX514355     0.18%    passed     84.98%
1591  KX514365     0.18%    passed     73.14%
1592  KX514360     0.18%    passed     83.30%
1593  KX514364     0.18%    passed     84.83%
1594  KX514363     0.18%    passed     86.52%
1595  KX514356     0.18%    passed     83.71%
1596  KX514357     0.18%    passed     78.50%
1597  KX514337     0.18%    passed     83.82%
1598  KX514237     0.18%    passed     94.64%
1599  KX514212     0.00%    passed     90.75%
1600  KX514351     0.00%    passed     92.82%
1601  KX514354     0.00%    passed     93.96%
1602  KX514232     0.00%    passed     89.22%
1603  KX514235     0.00%    passed     86.78%
1604  KX514234     0.00%    passed     85.10%
1605  KX514358     0.00%    passed     87.29%
1606  KX514359     0.00%    passed     85.10%
1607  KX514353     0.00%    passed     90.88%
1608  KX514291     0.00%    passed     80.71%
1609  KX514266     0.00%    passed     83.57%
1610  KX514301     0.00%    passed     76.28%
1611  KX514265     0.00%    passed     87.33%
1612  KX514331     0.00%    passed     76.02%
1613  KX514334     0.00%    passed     83.08%
1614  KX514340     0.00%    passed     69.86%
1615  KX514362     0.00%    passed     82.30%
1616  KX514366     0.00%    passed     71.94%
1617  KX514361     0.00%    passed     76.70%
1618  KX514352     0.00%    passed     95.69%
1619  KX514367     0.00%    passed     78.20%
1620  KX514242     0.00%    passed     96.97%
1621  MW305521     0.00%    passed     34.13%
1622  MW305524     0.00%    passed     56.16%
1623  MW305525     0.00%    passed     48.82%
1624  MW305539     0.00%    passed     40.36%
1625  MW305545     0.00%    passed     40.36%
1626  GQ413969     0.00%    passed     45.20%
1627  KR131764     0.00%    passed     88.93%
1628  KR131771     0.00%    passed     81.75%
1629  KR131768     0.00%    passed     78.69%
1630  KJ144961     3.14%    passed     93.07%
1631  KJ144980     7.70%    passed     80.08%
1632  GQ845369     0.00%    passed     91.01%
1633  KR131770     0.00%    passed     71.54%
1634  GQ850882     0.00%    passed     82.93%
1635  EU876882     0.00%    passed     74.61%
1636  EU876884     0.00%    passed     90.30%
1637  FJ411171     0.00%    passed     74.62%
1638  FJ411172     0.00%    passed     60.63%
1639  KM025143     0.06%    passed     75.31%
1640  EU876888     0.00%    passed     93.43%
1641  GQ845368     0.00%    passed     81.80%
1642  KX608868     6.10%    passed     46.46%
1643  KF429779     0.62%    passed     47.77%
1644  OK376714     0.00%    passed     24.49%
1645  OL824949     0.00%    passed     24.49%
1646  PP518037     0.00%    passed     36.83%
1647  MW581004     0.00%    passed     13.85%
1648  MW581005     0.00%    passed      5.44%
1649  MW581007     0.00%    failed      3.85%
1650  MW581006     0.00%    passed      8.83%
1651  MW581008     0.00%    failed      0.97%
1652  MW581009     0.00%    failed      0.97%
1653  MW581010     0.00%    failed      0.97%
1654  MW581011     0.00%    failed      0.86%
1655  MW581012     0.00%    failed      0.86%
1656  PQ214837     0.00%    passed     74.41%
1657  KF806506     0.18%    passed     25.23%
1658  KF806516     0.18%    passed     25.23%
1659  KF806524     0.18%    passed     25.23%
1660  KF806523     0.18%    passed     28.16%
1661  KF806526     0.18%    passed     32.44%
1662  KF806528     0.18%    passed     33.45%
1663  KF806525     0.18%    passed     21.63%
1664  MH746821     0.18%    passed     72.60%
1665  AB933728     0.18%    passed      5.61%
1666  MT729788     0.00%    passed     81.20%
1667  MF140665     0.18%    passed     80.33%
1668  MF140666     0.18%    passed     73.93%
1669  MF140667     0.18%    passed     89.20%
1670  MT735394     0.00%    passed     96.92%
1671  MN400355     0.00%    passed     95.40%
1672  MT774555     0.00%    passed     99.56%
1673  MT742777     0.00%    passed     97.87%
1674  PQ207947     0.18%    passed     84.31%
1675  MN308019     0.00%    passed     82.98%
1676  MT221660     0.00%    passed     95.34%
1677  PQ207926     0.18%    passed     59.39%
1678  PP512968     0.00%    passed     11.59%
1679  PP525327     0.18%    passed     24.88%
1680  PQ208318     0.00%    failed      3.42%
1681  MW305729     0.18%    passed     98.45%
1682  FJ537135     0.18%    passed     98.45%
1683  KC576915     0.18%    passed     94.67%
1684  KF806497     0.37%    passed     34.47%
1685  KF806499     0.37%    passed     36.41%
1686  KF806500     0.37%    passed     23.56%
1687  MW305583     0.55%    passed     95.85%
1688  JX401281     0.55%    passed     95.85%
1689  KC462195     0.37%    passed     69.68%
1690  JX401280     0.18%    passed     94.67%
1691  MW045405     0.00%    passed     62.15%
1692  PV843272     1.85%    passed     87.11%
1693  PV843276     1.85%    passed     85.28%
1694  PX285872     1.85%    passed     73.41%
1695  PZ240515     1.85%    passed     81.38%
1696  PZ240516     1.85%    passed     81.38%
1697  PZ240512     1.85%    passed     90.08%
1698  LC726080     1.85%    passed     95.80%
1699  OR793082     1.85%    passed     81.92%
1700  MT158862     1.85%    passed     79.48%
1701  LC646333     1.85%    passed     80.11%
1702  MG746025     1.85%    passed     76.13%
1703  MK762626     1.85%    passed     74.21%
1704  KY865306     1.85%    passed     88.50%
1705  PQ273192     1.85%    passed     72.58%
1706  PQ273193     1.85%    passed     72.58%
1707  PQ273194     1.85%    passed     72.58%
1708  OP689557     1.85%    passed     73.00%
1709  OP689558     1.85%    passed     72.58%
1710  MG746001     1.85%    passed     76.13%
1711  MG746013     1.85%    passed     76.56%
1712  MG746014     1.85%    passed     76.56%
1713  LC384111     1.85%    passed     76.13%
1714  MG745996     1.85%    passed     84.80%
1715  MG745997     1.85%    passed     83.86%
1716  MH057762     4.81%    passed     87.92%
1717  PQ273188     1.85%    passed     87.41%
1718  PQ273195     1.85%    passed     87.41%
1719  PQ273199     1.85%    passed     93.52%
1720  OQ633109     1.85%    passed     81.38%
1721  OR084256     1.85%    passed     83.87%
1722  OL826942     1.85%    passed     87.69%
1723  LC646332     1.85%    passed     87.41%
1724  LC790062     1.85%    passed     86.27%
1725  LC798002     1.91%    passed     84.98%
1726  LC798021     1.85%    passed     86.27%
1727  LC798023     1.85%    passed     88.40%
1728  LC798025     1.85%    passed     89.74%
1729  LC790055     1.85%    passed     82.67%
1730  LC798017     1.85%    passed     80.59%
1731  LC798018     1.85%    passed     81.20%
1732  MK764022     1.85%    passed     69.22%
1733  PQ740369     1.85%    passed     88.08%
1734  PQ740373     1.85%    passed     75.44%
1735  PQ740375     1.85%    passed     71.90%
1736  PQ740376     1.85%    passed     71.90%
1737  PQ740378     1.91%    passed     69.72%
1738  PQ740381     1.85%    passed     80.60%
1739  PQ740384     1.85%    passed     82.61%
1740  PQ740388     1.85%    passed     83.82%
1741  PQ740389     1.85%    passed     85.28%
1742  PQ740380     1.85%    passed     87.41%
1743  OL826943     1.85%    passed     80.98%
1744  LC798010     1.85%    passed     86.66%
1745  LC798015     1.85%    passed     80.98%
1746  LC798016     1.85%    passed     77.67%
1747  LC798043     1.85%    passed     77.67%
1748  PP267268     1.85%    passed     79.48%
1749  PP267270     1.85%    passed     88.08%
1750  PQ740372     1.85%    passed     89.12%
1751  PQ740387     1.85%    passed     91.29%
1752  OR793093     1.85%    passed     75.57%
1753  OR793099     1.85%    passed     75.57%
1754  OR793100     1.85%    passed     75.57%
1755  KY421123     1.85%    passed     75.53%
1756  MG746061     2.03%    passed     72.46%
1757  MG746081     2.03%    passed     74.01%
1758  MG746112     2.03%    passed     75.10%
1759  MK614158     2.03%    passed     74.68%
1760  MK614160     2.03%    passed     77.48%
1761  MG746095     2.03%    passed     81.40%
1762  MG746205     2.03%    passed     75.10%
1763  MG746217     2.03%    passed     71.44%
1764  MG746215     2.03%    passed     69.38%
1765  MG746180     2.03%    passed     78.65%
1766  MH068791     1.85%    passed     85.92%
1767  MH068796     1.85%    passed     85.92%
1768  MH068797     1.85%    passed     85.92%
1769  MH068793     1.85%    passed     87.95%
1770  KY485120     1.85%    passed     88.50%
1771  MH068810     1.85%    passed     76.56%
1772  KY407220     1.85%    passed     80.92%
1773  KY407221     1.85%    passed     79.92%
1774  KY462035     1.85%    passed     79.92%
1775  KY485115     1.85%    passed     79.92%
1776  KY485116     1.85%    passed     79.92%
1777  KY457586     1.85%    passed     69.28%
1778  MK614141     2.03%    passed     81.99%
1779  MK614155     2.03%    passed     81.90%
1780  MK614130     1.85%    passed     82.84%
1781  MH938350     1.85%    passed     78.14%
1782  MG746094     2.03%    passed     82.81%
1783  MG746162     2.03%    passed     82.39%
1784  MK614161     2.03%    passed     85.57%
1785  MK517753     6.28%    passed     76.59%
1786  MK517754     6.28%    passed     76.59%
1787  MK517755     6.28%    passed     76.59%
1788  MK517756     6.28%    passed     76.59%
1789  MK517757     6.28%    passed     76.59%
1790  MK517758     6.28%    passed     76.59%
1791  MK517759     6.28%    passed     76.59%
1792  MK517760     6.28%    passed     76.59%
1793  MK517767     6.28%    passed     72.84%
1794  MK517768     6.28%    passed     72.73%
1795  MK517769     6.28%    passed     68.92%
1796  MK517763     6.28%    passed     78.03%
1797  MK517764     6.28%    passed     74.38%
1798  MK517766     6.28%    passed     62.26%
1799  MK517770     6.28%    passed     71.07%
1800  MK517772     6.28%    passed     71.07%
1801  MK517771     6.28%    passed     73.10%
1802  MH513593     5.73%    passed     64.65%
1803  MH513595     5.73%    passed     70.68%
1804  MK614128     1.85%    passed     76.75%
1805  MK614132     1.85%    passed     76.68%
1806  LC413802     1.85%    passed     83.05%
1807  LC720157     1.85%    passed     70.98%
1808  LC413799     1.85%    passed     79.48%
1809  MW661273     1.85%    passed     83.23%
1810  MW661277     1.85%    passed     83.23%
1811  MT362914     1.85%    passed     76.75%
1812  MT362915     1.85%    passed     76.75%
1813  MT362916     1.85%    passed     76.75%
1814  LC726086     1.85%    passed     77.85%
1815  PQ740370     1.85%    passed     86.10%
1816  PQ740371     1.85%    passed     75.44%
1817  LC798005     1.85%    passed     80.02%
1818  LC798009     1.85%    passed     74.89%
1819  LC798006     1.85%    passed     80.31%
1820  LC798011     1.85%    passed     83.61%
1821  LC798014     1.85%    passed     84.97%
1822  MT738527     1.85%    passed     81.02%
1823  LC726085     1.85%    passed     83.03%
1824  LC798008     1.85%    passed     86.35%
1825  LC726081     1.97%    passed     84.09%
1826  LC726089     1.85%    passed     83.61%
1827  LC726088     1.85%    passed     82.24%
1828  PP267299     1.85%    passed     81.92%
1829  OP205542     1.85%    passed     70.27%
1830  OP205543     1.85%    passed     70.27%
1831  MH825880     1.85%    passed     73.19%
1832  OK376252     2.96%    passed     84.72%
1833  OK376253     1.85%    passed     85.48%
1834  OK376255     1.85%    passed     85.48%
1835  OK376264     1.85%    passed     85.48%
1836  OK376260     1.85%    passed     85.48%
1837  OK376261     1.85%    passed     85.48%
1838  OM372489     1.85%    passed     90.08%
1839  MK614133     1.85%    passed     85.92%
1840  MN394544     1.85%    passed     91.78%
1841  MK752935     1.85%    passed     71.90%
1842  PP267300     1.85%    passed     77.23%
1843  OL826940     1.85%    passed     77.23%
1844  OL826941     1.85%    passed     77.65%
1845  PQ740374     1.85%    passed     77.73%
1846  LC726090     1.85%    passed     81.01%
1847  OR463469     1.85%    passed     68.86%
1848  LC798042     1.85%    passed     85.23%
1849  OM372482     1.85%    passed     83.58%
1850  MT158852     1.85%    passed     87.20%
1851  MT158857     1.85%    passed     83.58%
1852  PQ740367     1.85%    passed     70.25%
1853  PQ740379     1.85%    passed     68.20%
1854  PQ740382     1.85%    passed     75.44%
1855  PQ740377     1.85%    passed     73.88%
1856  PQ740368     1.85%    passed     81.94%
1857  PQ740383     1.85%    passed     79.92%
1858  OM372488     1.85%    passed     71.90%
1859  LC726079     1.85%    passed     79.92%
1860  LC726083     1.85%    passed     72.58%
1861  LC726084     1.85%    passed     57.49%
1862  LC798000     1.85%    passed     69.46%
1863  LC798001     1.85%    passed     76.78%
1864  LC413803     1.85%    passed     77.74%
1865  LC726082     1.85%    passed     73.33%
1866  MG763359     1.85%    passed     71.57%
1867  MG763360     1.85%    passed     71.57%
1868  MG746211     2.03%    passed     78.02%
1869  MZ026948     5.73%    passed     68.66%
1870  MZ026977     5.73%    passed     47.19%
1871  MZ026963     5.73%    passed     53.81%
1872  MT158851     1.85%    passed     57.33%
1873  MH321818     4.93%    passed     73.54%
1874  MH321821     4.93%    passed     80.73%
1875  MK614131     1.85%    passed     75.44%
1876  MH321823     4.93%    passed     72.20%
1877  PQ740385     1.85%    passed     89.74%
1878  PQ740386     1.85%    passed     92.40%
1879  PQ740366     1.91%    passed     91.69%
1880  OM372483     1.85%    passed     83.99%
1881  LC726087     1.85%    passed     88.84%
1882  OR463468     1.85%    passed     89.68%
1883  PX988179     2.03%    passed     73.65%
1884  PX988180     2.03%    passed     73.65%
1885  PX988181     2.03%    passed     73.65%
1886  PX988182     2.03%    passed     73.65%
1887  PQ740363     1.85%    passed     71.87%
1888  MK517761     6.28%    passed     47.45%
1889  MK517762     6.28%    passed     47.45%
1890  PQ740365     1.85%    passed     75.44%
1891  MT158853     1.85%    passed     67.24%
1892  MN394542     1.85%    passed     76.65%
1893  MZ026985     5.73%    passed     56.11%
1894  MZ026986     5.73%    passed     66.09%
1895  MZ708532     3.45%    passed     77.46%
1896  MZ708534     4.00%    passed     61.67%
1897  MZ708597     4.00%    passed     68.74%
1898  MZ708543     3.88%    passed     55.06%
1899  MZ708599     4.07%    passed     44.28%
1900  MZ708538     3.82%    passed     71.48%
1901  MZ708540     3.94%    passed     70.52%
1902  KY806296     1.85%    passed     65.96%
1903  KY806300     1.85%    passed     73.90%
1904  KY806299     1.85%    passed     76.78%
1905  MG745986     1.85%    passed     79.92%
1906  MG745987     1.85%    passed     79.92%
1907  MG746005     1.85%    passed     75.44%
1908  MG746021     1.85%    passed     79.92%
1909  MG746058     2.03%    passed     74.68%
1910  MG746109     2.03%    passed     78.15%
1911  MK614146     2.03%    passed     74.01%
1912  MK614148     2.03%    passed     74.68%
1913  MG746087     2.03%    passed     74.68%
1914  MG746154     2.03%    passed     78.15%
1915  KY462040     1.85%    passed     76.56%
1916  MG763354     1.85%    passed     76.75%
1917  MG763369     1.85%    passed     76.75%
1918  MG763370     1.85%    passed     76.75%
1919  MG746067     2.03%    passed     84.33%
1920  MG746011     1.85%    passed     92.88%
1921  MG746142     2.03%    passed     89.80%
1922  LC384109     1.85%    passed     88.82%
1923  MG746033     1.85%    passed     83.03%
1924  MK752940     1.85%    passed     80.31%
1925  MG746054     2.03%    passed     91.92%
1926  MG746063     2.03%    passed     87.33%
1927  KY677831     1.85%    passed     88.65%
1928  KY677832     1.85%    passed     81.13%
1929  KY677830     1.85%    passed     81.13%
1930  OP205544     1.85%    passed     87.37%
1931  MK614139     2.03%    passed     74.66%
1932  MK614140     2.03%    passed     77.48%
1933  MK614157     2.03%    passed     77.48%
1934  MG746004     1.85%    passed     83.97%
1935  MG746028     1.85%    passed     79.48%
1936  MG746084     2.03%    passed     77.48%
1937  KY421144     1.85%    passed     79.48%
1938  MG746023     1.85%    passed     69.22%
1939  KY905336     1.85%    passed     86.49%
1940  KY457729     1.85%    passed     82.21%
1941  KY457727     1.85%    passed     82.21%
1942  MH068819     1.85%    passed     67.30%
1943  MH068820     1.85%    passed     67.30%
1944  KY462043     1.85%    passed     73.57%
1945  MH634358     1.85%    passed     71.46%
1946  MH634359     1.85%    passed     71.90%
1947  MH634362     1.85%    passed     71.90%
1948  MH634380     1.85%    passed     77.85%
1949  MH634381     1.85%    passed     77.85%
1950  MH634382     1.85%    passed     76.65%
1951  MH634391     1.91%    passed     83.64%
1952  MH634364     1.85%    passed     76.27%
1953  MH938343     1.85%    passed     78.79%
1954  MH938347     1.85%    passed     71.90%
1955  MG746172     2.03%    passed     73.61%
1956  LC720160     1.85%    passed     84.80%
1957  LC213886     1.85%    passed     82.61%
1958  LC213889     1.85%    passed     74.81%
1959  LC279235     1.85%    passed     80.57%
1960  LC279239     1.85%    passed     80.57%
1961  LC279242     1.85%    passed     80.57%
1962  MH938352     1.85%    passed     84.59%
1963  MG763368     1.85%    passed     80.57%
1964  MH634352     1.85%    passed     74.81%
1965  MK753021     1.85%    passed     87.41%
1966  MK648239     1.85%    passed     83.90%
1967  KY677828     1.85%    passed     94.47%
1968  MK773581     1.85%    passed     78.33%
1969  KY357452    19.84%    passed     88.61%
1970  KY357462    19.84%    passed     89.52%
1971  KY357461    19.84%    passed     76.68%
1972  PX458557     1.85%    passed     88.50%
1973  MW305649     1.85%    passed     83.61%
1974  MH979229     1.85%    passed     88.22%
1975  PQ740364     1.85%    passed     61.30%
1976  MZ026973     5.73%    passed     67.35%
1977  PP267297     1.85%    passed     87.14%
1978  LC413804     1.91%    passed     73.47%
1979  MZ027015     5.73%    passed     82.08%
1980  MW642193     1.85%    passed     97.23%
1981  KY421148     1.85%    passed     97.85%
1982  MH158635     1.85%    passed     94.24%
1983  MH671553     1.85%    passed     92.74%
1984  MZ708391     3.64%    passed     89.84%
1985  MH702265     1.85%    passed     96.39%
1986  MH218734     1.85%    passed     97.25%
1987  MK752944     1.85%    passed     90.99%
1988  MK753013     1.85%    passed     95.42%
1989  MK753011     1.85%    passed     94.73%
1990  MK753015     1.85%    passed     97.01%
1991  MK753014     1.85%    passed     92.88%
1992  MK753031     1.85%    passed     94.73%
1993  MK762628     1.85%    passed     97.23%
1994  MK752945     1.85%    passed     88.58%
1995  MH702260     1.85%    passed     77.89%
1996  MH702261     1.85%    passed     76.78%
1997  PQ740390     1.85%    passed     56.06%
1998  OR793102     1.91%    passed     97.24%
1999  MT724793     1.85%    passed     88.61%
2000  KT962983     1.85%    passed     90.97%
2001  MK753007     1.85%    passed     90.80%
2002  MK764039     1.85%    passed     95.11%
2003  MK764040     1.85%    passed     95.11%
2004  MZ708392     3.82%    passed     87.92%
2005  MZ708396     4.00%    passed     75.69%
2006  MZ708402     4.00%    passed     74.87%
2007  MZ708398     3.82%    passed     77.68%
2008  MZ708522     3.82%    passed     77.68%
2009  MZ708399     3.88%    passed     77.45%
2010  MZ708400     4.07%    passed     75.58%
2011  MZ708521     3.88%    passed     81.03%
2012  MZ708525     3.88%    passed     80.89%
2013  MZ708519     4.00%    passed     72.84%
2014  MZ708526     3.45%    passed     77.92%
2015  MZ708523     3.45%    passed     77.69%
2016  MZ708527     3.57%    passed     77.49%
2017  MT218322     2.34%    passed     95.83%
2018  MK753012     1.85%    passed     98.23%
2019  MZ708221     5.05%    passed     93.79%
2020  MK729086     1.85%    passed     99.86%
2021  MK775028     1.85%    passed     95.99%
2022  LC209440     1.85%    passed     94.93%
2023  MH938341     1.85%    passed     98.84%
2024  MN502837     5.73%    passed     99.49%
2025  LC209457     1.85%    passed     92.06%
2026  LC122851     1.85%    passed     97.83%
2027  LC209474     1.85%    passed     97.83%
2028  LC209472     1.85%    passed     99.07%
2029  LC209473     1.85%    passed     98.64%
2030  LC122852     1.85%    passed     98.64%
2031  LC209465     1.85%    passed     98.64%
2032  AB629941     1.85%    passed     99.59%
2033  LC122853     1.85%    passed     99.95%
2034  LC209464     1.85%    passed     99.95%
2035  LC209436     1.85%    passed     99.96%
2036  LC209437     1.85%    passed     99.94%
2037  LC209438     1.85%    passed     99.99%
2038  LC122854     1.85%    passed     99.65%
2039  LC209469     1.85%    passed     99.65%
2040  LC122855     1.85%    passed     97.70%
2041  LC209462     1.85%    passed     97.70%
2042  LC122856     1.85%    passed     99.53%
2043  LC209463     1.85%    passed     99.53%
2044  MZ708218     4.00%    passed     81.21%
2045  MZ708219     3.82%    passed     82.29%
2046  MZ708220     4.00%    passed     84.19%
2047  MZ708397     3.45%    passed     88.86%
2048  MZ708518     4.00%    passed     88.54%
2049  MZ708401     4.00%    passed     88.89%
2050  MZ708393     3.88%    passed     92.83%
2051  MZ708222     3.82%    passed     96.75%
2052  MZ708395     4.00%    passed     97.37%
2053  MZ708520     9.30%    passed     96.09%
2054  MH218735     1.85%    passed     96.27%
2055  MH218736     1.85%    passed     96.27%
2056  MH218655     1.85%    passed     94.98%
2057  MH218737     1.85%    passed     95.80%
2058  MW305627     1.85%    passed     91.78%
2059  MW305640     1.85%    passed     95.88%
2060  MW305641     1.85%    passed     95.88%
2061  MK789430     1.85%    passed     89.74%
2062  MK775029     1.85%    passed     95.80%
2063  MW305612     1.85%    passed     99.06%
2064  MW661246     1.85%    passed     87.72%
2065  MW661249     1.85%    passed     87.72%
2066  KJ407074     1.85%    passed     84.93%
2067  LC122839     1.85%    passed     89.22%
2068  LC209481     1.85%    passed     89.22%
2069  LC122840     1.85%    passed     87.45%
2070  LC209480     1.85%    passed     87.45%
2071  MZ291626     1.85%    passed     84.07%
2072  MT233270     1.85%    passed     98.64%
2073  LC122838     1.85%    passed     96.85%
2074  LC209478     1.85%    passed     96.85%
2075  LC122833     1.85%    passed     98.86%
2076  LC209467     1.85%    passed     98.86%
2077  LC122834     1.85%    passed     98.95%
2078  LC209479     1.85%    passed     98.95%
2079  LC122835     1.85%    passed     98.26%
2080  LC209447     1.85%    passed     98.26%
2081  LC209448     1.85%    passed     98.82%
2082  LC209460     1.85%    passed     98.31%
2083  LC145787     1.85%    passed     98.64%
2084  LC209451     1.85%    passed     98.31%
2085  LC122836     1.85%    passed     97.47%
2086  LC209452     1.85%    passed     97.47%
2087  LC209468     1.85%    passed     98.31%
2088  LC209453     1.85%    passed     98.26%
2089  LC122837     1.85%    passed     98.06%
2090  LC209471     1.85%    passed     98.06%
2091  LC209459     1.85%    passed     94.35%
2092  LC209449     1.85%    passed     99.36%
2093  LC209446     1.85%    passed     98.66%
2094  AB629946     1.85%    passed     96.36%
2095  PX733075     2.03%    passed     72.92%
2096  OQ451925     1.85%    passed     91.47%
2097  OQ451926     1.85%    passed     86.39%
2098  MH938340     1.85%    passed     80.19%
2099  MN502995     5.73%    passed     68.57%
2100  MN503035     5.73%    passed     68.57%
2101  MN503021     5.73%    passed     74.88%
2102  MK752949     1.85%    passed     65.03%
2103  LC145801     1.85%    passed     71.16%
2104  LC209455     1.85%    passed     71.16%
2105  LC209458     1.85%    passed     69.20%
2106  LC145802     1.85%    passed     77.85%
2107  LC122844     1.85%    passed     58.21%
2108  LC209466     1.85%    passed     58.21%
2109  LC145799     1.85%    passed     67.14%
2110  LC145800     1.85%    passed     67.26%
2111  LC122845     1.85%    passed     83.43%
2112  LC209431     1.85%    passed     83.43%
2113  LC209441     1.85%    passed     83.41%
2114  MF621948     1.85%    passed     81.65%
2115  MF621951     1.85%    passed     81.65%
2116  MF621953     1.85%    passed     78.29%
2117  MF621954     1.85%    passed     78.29%
2118  MF621955     1.85%    passed     80.18%
2119  MF621950     1.85%    passed     81.65%
2120  MF621957     7.27%    passed     70.13%
2121  KC464505     1.85%    passed     84.77%
2122  MF621952     2.71%    passed     79.24%
2123  MF621949     2.28%    passed     80.99%
2124  LC122842     1.85%    passed     80.18%
2125  LC209477     1.85%    passed     80.18%
2126  LC209475     1.85%    passed     76.72%
2127  LC122843     1.85%    passed     86.40%
2128  LC209476     1.85%    passed     86.40%
2129  LC145807     1.85%    passed     86.39%
2130  LC145808     1.85%    passed     83.41%
2131  LC145798     1.85%    passed     78.49%
2132  LC122846     1.85%    passed     78.71%
2133  LC209434     1.85%    passed     78.71%
2134  LC122847     1.85%    passed     83.19%
2135  LC209432     1.85%    passed     83.19%
2136  LC209444     1.85%    passed     79.95%
2137  LC145790     1.85%    passed     82.70%
2138  LC145791     1.85%    passed     79.95%
2139  LC145797     1.85%    passed     92.43%
2140  LC145789     1.85%    passed     84.96%
2141  LC145792     1.85%    passed     72.94%
2142  LC209443     1.85%    passed     76.49%
2143  LC213885     1.85%    passed     82.70%
2144  LC145793     1.85%    passed     86.40%
2145  LC209445     1.85%    passed     88.86%
2146  KY457721     1.85%    passed     81.73%
2147  KY457723     6.41%    passed     72.48%
2148  KY457724     1.85%    passed     76.72%
2149  KY457722     1.85%    passed     81.85%
2150  KY457725     1.85%    passed     74.43%
2151  MF621956     1.85%    passed     83.41%
2152  LC209442     1.85%    passed     65.67%
2153  LC122848     1.85%    passed     75.15%
2154  LC209470     1.85%    passed     75.15%
2155  LC122850     1.85%    passed     72.26%
2156  LC209433     1.85%    passed     72.26%
2157  LC145788     1.85%    passed     68.44%
2158  LC145804     1.85%    passed     74.13%
2159  LC145805     1.85%    passed     77.58%
2160  LC145806     1.85%    passed     78.61%
2161  LC145794     1.85%    passed     72.77%
2162  LC145796     1.85%    passed     76.70%
2163  LC145795     1.85%    passed     69.21%
2164  LC122849     1.85%    passed     78.25%
2165  LC209456     1.85%    passed     78.25%
2166  LC373452     1.85%    passed     80.18%
2167  LC145786     1.85%    passed     74.67%
2168  LC122841     1.85%    passed     84.77%
2169  LC228948     1.85%    passed     84.77%
2170  LC209450     1.85%    passed     84.77%
2171  LC145803     1.85%    passed     84.77%
2172  MH938339     1.85%    passed     81.33%
2173  MN502851     5.73%    passed     93.33%
2174  LC209454     1.85%    passed     90.06%
2175  LC209461     1.85%    passed     93.36%
2176  MZ708403     3.64%    passed     98.55%
2177  MZ708404     3.45%    passed     98.39%
2178  MZ708405     4.00%    passed     98.43%
2179  LC209439     1.85%    passed     92.70%
2180  MH218648     1.85%    passed     97.48%
2181  MH938338     1.85%    passed     99.39%
2182  MH218657     1.85%    passed     98.60%
2183  MH218697     1.85%    passed     97.35%
2184  MH218733     1.85%    passed     97.73%
2185  OR826789     1.85%    passed     91.51%
2186  MW305657     1.85%    passed     84.24%
2187  LC209435     1.85%    passed     47.64%
2188  MT767436     1.85%    passed     90.11%
2189  MW305578     1.85%    passed     84.43%
2190  MW305579     1.85%    passed     71.03%
2191  JX846925     1.85%    passed     66.99%
2192  JN699037     1.85%    passed     66.99%
2193  KC597138    15.83%    passed     95.29%
2194  MW305584     1.85%    passed     95.75%
2195  PQ243047     1.97%    passed     60.55%
2196  MW305570     1.85%    passed     98.48%
2197  MW305600     1.85%    passed     49.53%
2198  MW305601     1.85%    passed     42.02%
2199  JQ320072     1.85%    passed     54.20%
2200  KC998960     1.85%    passed     45.21%
2201  MF405169     1.85%    passed     97.70%
2202  MG557655    10.17%    passed     93.52%
2203  PV920368     2.28%    passed     42.01%
2204  PV920369     2.28%    passed     49.72%
2205  PV920370     2.28%    passed     51.88%
2206  PZ098692     2.28%    passed     74.45%
2207  MW305582     2.28%    passed     66.61%
2208  PQ304633     2.28%    passed     17.35%
2209  OR685283     2.28%    passed     17.35%
2210  MZ027002     6.16%    passed     10.27%
2211  MW305734     2.28%    passed     58.61%
2212  PV282515     2.28%    passed     76.49%
2213  MW305609     2.28%    passed     81.29%
2214  MW305610     2.28%    passed     78.76%
2215  MW305512     2.28%    passed     57.37%
2216  MW305604     2.28%    passed     64.92%
2217  MW305517     2.28%    passed     59.77%
2218  MN502813     6.16%    passed     70.08%
2219  MN502825     6.16%    passed     78.71%
2220  MN502842     6.16%    passed     77.20%
2221  MN502845     6.16%    passed     74.77%
2222  MN502844     6.16%    passed     78.39%
2223  MW305742     2.28%    passed     54.47%
2224  GQ266696     3.94%    passed     27.86%
2225  GQ266697     3.94%    passed     24.62%
2226  MW305654     2.28%    passed     85.10%
2227  MW305660     2.28%    passed     85.10%
2228  OR062613     2.28%    passed     77.53%
2229  MZ027043     6.16%    passed     80.67%
2230  LC769700     2.28%    passed     77.82%
2231  PV920379     2.28%    passed     70.94%
2232  LC333898     2.28%    passed     70.94%
2233  MH375809     2.28%    passed     70.94%
2234  MH375814     2.28%    passed     70.94%
2235  MH375810     2.28%    passed     68.46%
2236  MH375811     2.28%    passed     68.46%
2237  KY406980     2.28%    passed     69.67%
2238  MZ026964     6.16%    passed     63.86%
2239  MN502963     6.16%    passed     58.38%
2240  PQ304632     2.28%    passed     72.97%
2241  OR687156     2.28%    passed     72.97%
2242  MN502982     6.16%    passed     40.02%
2243  MN503043     6.16%    passed     40.02%
2244  MN503047     6.16%    passed     40.01%
2245  MN502999     6.16%    passed     41.22%
2246  MN503046     6.16%    passed     44.70%
2247  KT346358     2.28%    passed     59.19%
2248  MZ279713     2.28%    passed     52.73%
2249  MZ279715     2.28%    passed     52.73%
2250  MZ279714     2.28%    passed     55.50%
2251  OL943802     2.28%    passed     43.38%
2252  MN525218     6.16%    passed     50.58%
2253  MW305607     2.28%    passed     92.28%
2254  MW305659     2.28%    passed     87.21%
2255  JN699043     2.28%    passed     61.76%
2256  AB545151     2.28%    passed     77.97%
2257  PV920371     2.09%    passed     48.94%
2258  PX988204     2.28%    passed     66.25%
2259  PZ234773     2.09%    passed     32.42%
2260  LC848162     2.09%    passed     42.05%
2261  PZ234776     2.09%    passed     60.03%
2262  PZ234783     2.09%    passed     53.95%
2263  PQ590551     2.09%    passed     47.34%
2264  PZ234798     2.09%    passed     58.12%
2265  PX988188     2.28%    passed     48.72%
2266  PX988189     2.28%    passed     48.72%
2267  PX988190     2.28%    passed     48.72%
2268  PX988259     2.28%    passed     50.89%
2269  PQ336868     2.09%    passed     42.63%
2270  PQ336869     2.09%    passed     42.63%
2271  PV920373     2.09%    passed     49.32%
2272  PQ273196     2.09%    passed     55.79%
2273  PQ336872     2.09%    passed     45.51%
2274  MT729791     2.09%    passed     45.51%
2275  PQ373120     2.09%    passed     61.00%
2276  PQ373121     2.09%    passed     61.00%
2277  OP205533     2.09%    passed     61.00%
2278  MN853414     2.09%    passed     58.48%
2279  MK907801     2.09%    passed     52.96%
2280  MG692610     2.09%    passed     56.61%
2281  KU561253     2.09%    passed     58.08%
2282  KU561255     2.09%    passed     66.30%
2283  KU561256     2.09%    passed     66.30%
2284  KP998539     2.09%    passed     55.52%
2285  LC258403     2.09%    passed     56.61%
2286  LC369214     2.09%    passed     56.61%
2287  LC369215     2.09%    passed     60.21%
2288  LC369221     2.09%    passed     56.61%
2289  LC369258     2.09%    passed     60.16%
2290  LC369249     2.09%    passed     56.61%
2291  MK907791     2.09%    passed     62.78%
2292  LC369227     2.09%    passed     64.67%
2293  KT732276     4.25%    passed     48.75%
2294  KU557785     2.09%    passed     66.30%
2295  KU557787     2.09%    passed     60.21%
2296  KU557790     2.09%    passed     58.48%
2297  KT780394     2.09%    passed     68.24%
2298  KT780398     2.09%    passed     74.96%
2299  KT780411     2.09%    passed     69.68%
2300  KT780395     2.09%    passed     55.52%
2301  KT780403     2.09%    passed     62.78%
2302  KT780397     2.09%    passed     57.26%
2303  KT780400     2.09%    passed     66.30%
2304  KT780406     2.09%    passed     64.31%
2305  KT970369     2.09%    passed     55.52%
2306  KT970373     2.09%    passed     51.83%
2307  KT970371     2.28%    passed     75.86%
2308  LC311767     2.09%    passed     56.61%
2309  LC311772     2.09%    passed     56.61%
2310  LC311773     2.09%    passed     56.61%
2311  LC318751     4.37%    passed     47.95%
2312  LC318752     2.34%    passed     56.94%
2313  LC318754     2.09%    passed     56.61%
2314  LC318753     2.09%    passed     56.61%
2315  LC318755     2.28%    passed     60.07%
2316  LC318757     2.28%    passed     60.07%
2317  LC333867     2.09%    passed     60.21%
2318  LC333894     2.09%    passed     56.61%
2319  LC333897     2.09%    passed     56.61%
2320  LC486767     2.09%    passed     56.61%
2321  LC486754     2.09%    passed     52.96%
2322  LC486764     2.09%    passed     60.21%
2323  LC333868     2.09%    passed     58.48%
2324  LC333874     2.09%    passed     54.75%
2325  LC333885     2.09%    passed     63.74%
2326  LC333870     2.09%    passed     56.61%
2327  LC486753     2.09%    passed     62.16%
2328  LC486752     2.09%    passed     60.21%
2329  LC486768     2.09%    passed     56.61%
2330  LC333887     2.09%    passed     47.48%
2331  LC333901     2.09%    passed     43.97%
2332  LC333893     2.09%    passed     50.31%
2333  LC433696     2.09%    passed     56.61%
2334  LC433710     2.09%    passed     56.61%
2335  LC433721     2.09%    passed     56.61%
2336  LC433724     2.09%    passed     56.61%
2337  LC433729     2.09%    passed     51.02%
2338  LC486756     2.09%    passed     64.67%
2339  LC486760     2.09%    passed     62.78%
2340  LC486758     2.09%    passed     60.70%
2341  LC333892     2.09%    passed     52.96%
2342  LC486769     2.09%    passed     52.96%
2343  LC486743     2.09%    passed     47.48%
2344  MK648241     2.09%    passed     67.48%
2345  MK648242     2.09%    passed     67.48%
2346  LC349986     2.09%    passed     52.96%
2347  LC349989     2.09%    passed     52.96%
2348  LC349987     2.09%    passed     64.15%
2349  KY905330     2.09%    passed     51.01%
2350  LC644992     2.28%    passed     48.99%
2351  LC918509     2.09%    passed     55.34%
2352  LC918520     2.09%    passed     51.02%
2353  PQ740329     2.09%    passed     52.96%
2354  PQ336871     2.09%    passed     59.50%
2355  LC101783    10.04%    passed     60.03%
2356  MF421539     2.09%    passed     57.26%
2357  MF421542     2.09%    passed     57.26%
2358  LC486744     2.09%    passed     65.50%
2359  LC486749     2.09%    passed     61.00%
2360  KT992787     2.09%    passed     56.61%
2361  MH747479     2.09%    passed     58.48%
2362  KY502252     4.07%    passed     51.03%
2363  OR793098     2.09%    passed     62.16%
2364  MK396775     2.09%    passed     52.07%
2365  KY424349     2.09%    passed     55.52%
2366  KY424350     2.09%    passed     53.60%
2367  LC369228     2.09%    passed     52.96%
2368  LC369229     2.09%    passed     52.96%
2369  LC369230     2.09%    passed     52.96%
2370  KT326180     2.09%    passed     55.52%
2371  KT906670     4.37%    passed     55.12%
2372  KR020503     2.09%    passed     68.24%
2373  OM480530     2.09%    passed     61.00%
2374  LC318748     2.28%    passed     57.04%
2375  MT158860     2.09%    passed     52.96%
2376  MT158861     2.09%    passed     52.96%
2377  MN394546     2.09%    passed     38.79%
2378  LC433716     2.09%    passed     61.00%
2379  OP205536     2.09%    passed     60.21%
2380  KX424649     2.09%    passed     60.21%
2381  ON854105     2.09%    passed     52.38%
2382  ON854109     2.09%    passed     58.08%
2383  ON854110     2.09%    passed     61.54%
2384  MH375806     2.09%    passed     68.24%
2385  MH572223     2.09%    passed     59.18%
2386  MH572228     2.16%    passed     59.01%
2387  MH572230     2.09%    passed     61.00%
2388  MK077711     2.09%    passed     55.52%
2389  KX168454     2.09%    passed     57.18%
2390  KX168455     2.09%    passed     57.18%
2391  KY406965     2.09%    passed     60.21%
2392  KY406976     2.09%    passed     60.21%
2393  KY406977     2.09%    passed     60.21%
2394  KY407203     2.09%    passed     60.21%
2395  KY407205     2.09%    passed     62.16%
2396  KY407206     2.09%    passed     62.16%
2397  KY406973     2.09%    passed     63.74%
2398  MH375813     2.09%    passed     58.48%
2399  KT315691     2.09%    passed     56.61%
2400  MK077703     2.09%    passed     58.44%
2401  MK077705     2.09%    passed     66.30%
2402  MF073250     2.09%    passed     62.78%
2403  KU557799     2.09%    passed     62.78%
2404  KP864104     2.09%    passed     62.78%
2405  KU557802     2.09%    passed     59.18%
2406  KU557822     2.09%    passed     59.18%
2407  KU557823     2.09%    passed     59.18%
2408  KP902567     2.09%    passed     66.30%
2409  KP902571     2.09%    passed     59.18%
2410  KU557838     2.09%    passed     64.67%
2411  KT315669     2.09%    passed     68.24%
2412  KT315709     2.09%    passed     62.62%
2413  MF172092     2.09%    passed     62.78%
2414  KP698928     2.09%    passed     64.15%
2415  KT315697     2.09%    passed     66.35%
2416  KU557846     2.09%    passed     57.26%
2417  KU557847     2.09%    passed     57.26%
2418  KP698929     2.09%    passed     57.26%
2419  KU557797     2.09%    passed     57.26%
2420  KU557870     2.09%    passed     72.92%
2421  KU557828     2.09%    passed     62.78%
2422  KU557829     2.09%    passed     62.78%
2423  KP902572     2.09%    passed     55.52%
2424  KU557848     2.09%    passed     68.24%
2425  KU557849     2.09%    passed     68.24%
2426  KP902570     2.09%    passed     55.52%
2427  KU557852     2.09%    passed     59.18%
2428  KU557893     2.09%    passed     61.00%
2429  KX216785     2.09%    passed     67.48%
2430  KT149172     2.09%    passed     55.52%
2431  KT315699     2.09%    passed     55.52%
2432  KT315700     2.09%    passed     68.24%
2433  KX216787     2.09%    passed     76.73%
2434  KX216788     2.09%    passed     76.73%
2435  KX216791     2.09%    passed     75.97%
2436  KX216793     2.09%    passed     76.12%
2437  KX216786     2.09%    passed     60.97%
2438  KX168439     2.09%    passed     64.15%
2439  KY406971     2.09%    passed     55.01%
2440  KP902576     2.09%    passed     74.96%
2441  KT315693     2.09%    passed     79.56%
2442  MF073243     2.09%    passed     66.30%
2443  MF073244     2.09%    passed     66.30%
2444  MH375808     2.09%    passed     40.52%
2445  MK077694     2.09%    passed     51.02%
2446  MK166053     2.09%    passed     47.48%
2447  MK077696     2.09%    passed     43.97%
2448  MK077697     2.09%    passed     47.48%
2449  MK077698     2.09%    passed     51.02%
2450  MH572232     2.09%    passed     54.75%
2451  MK077700     2.09%    passed     49.32%
2452  MK166054     2.09%    passed     36.97%
2453  MK166056     2.09%    passed     51.02%
2454  MK166057     2.09%    passed     51.85%
2455  MK077692     2.09%    passed     61.04%
2456  KY406968     2.09%    passed     58.48%
2457  KU557801     2.09%    passed     60.21%
2458  KU557833     2.09%    passed     52.96%
2459  KU561225     2.09%    passed     52.96%
2460  KU557810     2.09%    passed     58.48%
2461  MK077693     2.09%    passed     44.52%
2462  KP902577     2.09%    passed     54.04%
2463  KX216803     2.09%    passed     54.57%
2464  KX244852     2.16%    passed     49.85%
2465  KX244850     2.16%    passed     51.15%
2466  KX216805     2.09%    passed     60.21%
2467  MH375812     3.76%    passed     39.13%
2468  MF172095     2.09%    passed     50.01%
2469  KU953394     2.09%    passed     44.98%
2470  KU953398     2.09%    passed     65.76%
2471  MK077714     2.09%    passed     54.57%
2472  KU557808     2.09%    passed     54.25%
2473  KU557875     2.09%    passed     65.20%
2474  KU557879     2.09%    passed     65.20%
2475  PV920374     2.09%    passed     45.70%
2476  LC148852     2.09%    passed     51.01%
2477  LC148853     2.09%    passed     62.78%
2478  LC148854     2.09%    passed     62.16%
2479  KX592171     2.09%    passed     62.16%
2480  KR270449     2.09%    passed     52.96%
2481  KT326182     2.09%    passed     59.01%
2482  MZ026939     5.98%    passed     63.52%
2483  MZ026945     5.98%    passed     50.05%
2484  MZ026953     5.98%    passed     39.17%
2485  MZ026980     5.98%    passed     41.72%
2486  MN502972     5.98%    passed     52.30%
2487  MZ027005     5.98%    passed     42.11%
2488  MZ026961     5.98%    passed     53.59%
2489  MN502950     5.98%    passed     50.05%
2490  MN503084     5.98%    passed     38.60%
2491  MZ027033     5.98%    passed     50.05%
2492  MN502956     5.98%    passed     55.84%
2493  MZ026990     5.98%    passed     59.84%
2494  MZ027004     5.98%    passed     68.34%
2495  MZ027011     5.98%    passed     54.38%
2496  MZ026995     5.98%    passed     65.34%
2497  MZ027046     5.98%    passed     65.15%
2498  MZ027016     5.98%    passed     63.60%
2499  MZ027008     5.98%    passed     58.12%
2500  MZ027048     5.98%    passed     59.69%
2501  MZ027045     5.98%    passed     68.85%
2502  MZ027017     5.98%    passed     50.84%
2503  MZ027047     5.98%    passed     55.87%
2504  MZ027001     5.98%    passed     58.12%
2505  MN502969     5.98%    passed     48.73%
2506  MZ026981     5.98%    passed     45.66%
2507  MZ026988     5.98%    passed     43.25%
2508  MZ026989     5.98%    passed     48.27%
2509  MZ026942     5.98%    passed     52.37%
2510  MZ026947     5.98%    passed     50.64%
2511  MN502943     5.98%    passed     50.05%
2512  MZ027027     5.98%    passed     67.15%
2513  KX764843     5.98%    passed     67.15%
2514  MN503081     5.98%    passed     59.88%
2515  KX764837     5.98%    passed     68.71%
2516  MN502986     5.98%    passed     56.16%
2517  MN503008     5.98%    passed     75.39%
2518  MZ026941     5.98%    passed     54.99%
2519  MZ027042     5.98%    passed     62.18%
2520  MZ478134     2.09%    passed     74.94%
2521  PQ336873     2.09%    passed     78.27%
2522  MK789433     2.09%    passed     78.82%
2523  PQ373127     2.09%    passed     62.78%
2524  PX988191     2.28%    passed     80.51%
2525  PX988192     2.28%    passed     82.78%
2526  PX988203     2.28%    passed     63.73%
2527  PX988227     2.28%    passed     59.54%
2528  PZ234759     2.09%    passed     64.90%
2529  PZ234762     2.09%    passed     61.54%
2530  PZ234763     2.09%    passed     64.90%
2531  PZ234769     2.09%    passed     59.81%
2532  PP267281     2.09%    passed     55.79%
2533  PP267293     2.09%    passed     52.38%
2534  PP267295     2.09%    passed     55.79%
2535  PP267296     2.09%    passed     55.79%
2536  PP267289     2.09%    passed     55.79%
2537  PP267283     2.09%    passed     55.79%
2538  PP267286     2.09%    passed     55.79%
2539  PP267290     2.09%    passed     55.79%
2540  PQ740323     2.09%    passed     68.58%
2541  PQ740326     2.09%    passed     64.90%
2542  PQ740330     2.09%    passed     58.08%
2543  PQ740327     2.16%    passed     66.73%
2544  PQ740324     2.09%    passed     43.97%
2545  MH608288     2.09%    passed     63.74%
2546  MH638230     2.09%    passed     64.49%
2547  MH746924     2.09%    passed     64.49%
2548  MH746925     2.09%    passed     64.49%
2549  PV920382     2.09%    passed     38.79%
2550  MN045196     7.64%    passed     65.38%
2551  PP267285     2.09%    passed     30.77%
2552  PP423020     2.09%    passed     30.77%
2553  MN960578     2.09%    passed     48.29%
2554  MN996296     2.09%    passed     48.29%
2555  MN996300     2.09%    passed     48.29%
2556  LC486770     2.09%    passed     36.73%
2557  LC597112     2.09%    passed     74.94%
2558  MN045198     2.28%    passed     51.18%
2559  MN045203    20.39%    passed     23.08%
2560  LC177662     2.09%    passed     74.94%
2561  PV920376     2.09%    passed     50.53%
2562  ON706297     2.09%    passed     39.65%
2563  MK907792     2.09%    passed     44.56%
2564  MK907793     2.09%    passed     40.92%
2565  MW603758     2.09%    passed     50.02%
2566  PV258462     2.09%    passed     59.18%
2567  PQ373128     2.09%    passed     43.40%
2568  MG995040     1.91%    passed     29.45%
2569  OP205529     2.09%    passed     40.92%
2570  PV920383     2.09%    passed     61.81%
2571  PV920384     2.09%    passed     61.81%
2572  PV920380     2.46%    passed     97.31%
2573  PQ336848     2.46%    passed     95.41%
2574  PQ336849     2.46%    passed     94.33%
2575  PV784268     2.46%    passed     97.31%
2576  PQ336851     2.46%    passed     98.12%
2577  PQ336858     2.46%    passed     98.71%
2578  PQ336861     2.46%    passed     94.89%
2579  PQ310126     2.46%    passed     99.49%
2580  PQ336864     2.46%    passed     98.60%
2581  OP805362     2.46%    passed     98.96%
2582  OP805363     2.46%    passed     98.96%
2583  OP805364     2.46%    passed     98.96%
2584  PQ373139     2.46%    passed     99.11%
2585  PV784267     2.46%    passed     99.80%
2586  PQ336850     2.46%    passed     98.52%
2587  PQ373131     2.53%    passed     97.77%
2588  PQ373132     2.46%    passed     97.31%
2589  OP712199     2.46%    passed     97.31%
2590  PX458467     2.46%    passed     97.69%
2591  PQ373135     2.46%    passed     97.41%
2592  PX458539     2.46%    passed     98.52%
2593  PX458548     2.46%    passed     95.52%
2594  PX458555     2.46%    passed     98.12%
2595  PX458556     2.46%    passed     97.31%
2596  OR475165     2.46%    passed     98.52%
2597  OR475191     2.46%    passed     98.71%
2598  OR475185     2.46%    passed     98.07%
2599  OR475168     2.46%    passed     97.41%
2600  OR475174     2.46%    passed     97.18%
2601  OR475176     2.46%    passed     98.12%
2602  OR475172     2.46%    passed     97.19%
2603  OR475188     2.46%    passed     96.38%
2604  OR475192     2.46%    passed     96.50%
2605  OR475189     2.46%    passed     99.36%
2606  PX458472     2.46%    passed     97.69%
2607  PX458480     2.46%    passed     99.35%
2608  PV784302     2.46%    passed     89.55%
2609  PQ336943     2.46%    passed     99.11%
2610  PQ373138     2.46%    passed     98.18%
2611  PQ373129     2.46%    passed     96.21%
2612  PV784280     2.46%    passed     92.56%
2613  OR475187     2.46%    passed     97.90%
2614  PV765509     2.46%    passed     96.46%
2615  PV784287     2.46%    passed     98.19%
2616  ON854111     2.46%    passed     99.51%
2617  PV784285     2.46%    passed     95.41%
2618  PV784290     2.46%    passed     89.85%
2619  PV784293     2.46%    passed     92.33%
2620  PV784294     2.46%    passed     92.33%
2621  PQ308685     2.46%    passed     98.07%
2622  PV784270     2.46%    passed     98.59%
2623  PQ336867     2.46%    passed     92.87%
2624  PV784265     2.46%    passed     86.55%
2625  PQ304610     2.46%    passed     99.67%
2626  PQ308688     2.46%    passed     99.67%
2627  PQ308689     2.46%    passed     99.10%
2628  PQ308690     2.46%    passed     99.10%
2629  PQ304612     2.46%    passed     98.89%
2630  PX113523     3.14%    passed     74.59%
2631  PX458491     2.46%    passed     76.45%
2632  LC918507     2.46%    passed     86.04%
2633  LC918513     2.46%    passed     88.02%
2634  PX458502     2.46%    passed     81.60%
2635  LC918514     2.46%    passed     83.87%
2636  PX700452     2.46%    passed     73.59%
2637  PZ234821     2.46%    passed     70.56%
2638  PX700459     2.46%    passed     81.43%
2639  LC868431     2.46%    passed     83.76%
2640  LC868436     2.46%    passed     83.76%
2641  LC868437     2.46%    passed     81.38%
2642  PZ234784     2.46%    passed     76.65%
2643  PZ234812     2.46%    passed     85.24%
2644  PQ336942     2.46%    passed     79.09%
2645  PQ336944     2.46%    passed     86.04%
2646  PV750885     2.46%    passed     79.09%
2647  PV750891     2.46%    passed     76.36%
2648  PV750889     2.46%    passed     79.09%
2649  PV784333     2.46%    passed     79.09%
2650  LC918516     2.46%    passed     79.09%
2651  PV784346     2.46%    passed     78.75%
2652  PZ059662     2.46%    passed     83.79%
2653  PZ059668     2.46%    passed     83.79%
2654  PZ234804     2.46%    passed     79.15%
2655  PZ234819     2.46%    passed     79.15%
2656  PQ310251     2.46%    passed     83.79%
2657  PV750875     2.46%    passed     83.87%
2658  PZ234797     2.46%    passed     71.01%
2659  PZ053845     2.46%    passed     87.64%
2660  PZ053846     2.59%    passed     87.41%
2661  PZ053852     2.46%    passed     85.24%
2662  PZ053853     2.46%    passed     85.24%
2663  PZ208572     2.46%    passed     85.24%
2664  PZ208543     2.46%    passed     85.24%
2665  PZ208544     2.46%    passed     85.24%
2666  PZ208554     2.46%    passed     85.24%
2667  PZ208555     2.46%    passed     85.24%
2668  PZ208558     2.46%    passed     85.24%
2669  PZ208559     2.46%    passed     85.24%
2670  PZ208562     2.46%    passed     85.24%
2671  PZ208563     2.46%    passed     85.24%
2672  PZ208566     2.46%    passed     85.24%
2673  PZ208567     2.46%    passed     85.24%
2674  PZ208560     2.46%    passed     85.24%
2675  PZ208556     2.46%    passed     85.24%
2676  PZ208538     2.46%    passed     85.88%
2677  PZ208539     2.46%    passed     85.88%
2678  PZ208542     2.46%    passed     85.88%
2679  PZ208548     2.46%    passed     85.88%
2680  PZ208549     2.46%    passed     85.88%
2681  PZ208550     2.46%    passed     85.88%
2682  PZ208569     2.46%    passed     85.88%
2683  LC868434     2.46%    passed     88.02%
2684  LC918518     2.46%    passed     85.88%
2685  LC918522     2.46%    passed     83.87%
2686  LC918523     2.46%    passed     88.02%
2687  PV588658     2.46%    passed     76.42%
2688  PV394764     2.46%    passed     76.45%
2689  PV765567     2.46%    passed     84.59%
2690  PV765572     2.46%    passed     84.59%
2691  PV765574     2.46%    passed     84.59%
2692  PV765581     2.46%    passed     84.59%
2693  PV765584     2.46%    passed     84.59%
2694  PV765588     2.46%    passed     84.59%
2695  PV765582     2.53%    passed     83.03%
2696  PV765583     2.46%    passed     82.92%
2697  PV765585     2.46%    passed     84.59%
2698  PV765586     2.46%    passed     84.59%
2699  PV766927     7.52%    passed     85.16%
2700  PZ053847     2.46%    passed     88.02%
2701  PZ053848     2.46%    passed     88.02%
2702  PZ053850     2.46%    passed     88.02%
2703  PZ208536     2.46%    passed     89.74%
2704  PZ208537     2.46%    passed     89.74%
2705  PZ208568     2.46%    passed     88.02%
2706  PZ208570     2.46%    passed     85.88%
2707  PZ208571     2.46%    passed     85.88%
2708  PZ234808     2.46%    passed     92.96%
2709  PZ234809     2.46%    passed     73.96%
2710  LC868426     2.46%    passed     89.55%
2711  LC918517     2.46%    passed     81.42%
2712  PV588657     2.46%    passed     83.42%
2713  PV784345     2.46%    passed     76.20%
2714  LC918515     2.46%    passed     69.06%
2715  PX988183     2.65%    passed     88.75%
2716  PX988205     2.65%    passed     82.56%
2717  PX988207     2.65%    passed     82.56%
2718  PX988208     2.65%    passed     82.56%
2719  PX988210     2.65%    passed     82.56%
2720  PX988211     2.65%    passed     82.56%
2721  PX988214     2.65%    passed     82.56%
2722  PX988216     2.65%    passed     82.56%
2723  PX988225     2.65%    passed     82.56%
2724  PX988246     2.65%    passed     82.56%
2725  PX988244     2.65%    passed     84.77%
2726  PX988257     2.65%    passed     82.24%
2727  PX988226     2.65%    passed     84.58%
2728  PX988234     2.65%    passed     82.56%
2729  PX988258     2.65%    passed     86.89%
2730  PX988260     2.65%    passed     86.60%
2731  PX988251     2.65%    passed     87.24%
2732  PX988194     2.65%    passed     79.24%
2733  PX988199     2.65%    passed     79.24%
2734  PX988200     2.65%    passed     79.24%
2735  PX988253     2.65%    passed     77.47%
2736  PX988243     2.65%    passed     88.24%
2737  PX988217     2.65%    passed     90.41%
2738  PX988222     2.65%    passed     90.41%
2739  PX988245     2.65%    passed     90.41%
2740  PX988220     2.65%    passed     88.79%
2741  PX988256     2.65%    passed     90.62%
2742  PX988187     2.65%    passed     78.86%
2743  PX988236     2.65%    passed     77.77%
2744  PX988238     2.65%    passed     77.77%
2745  PX988239     2.65%    passed     77.77%
2746  PX988228     2.65%    passed     86.03%
2747  PX988229     2.65%    passed     86.03%
2748  PX988231     2.65%    passed     86.03%
2749  PX988232     2.65%    passed     86.03%
2750  PX988233     2.65%    passed     86.03%
2751  PX988230     2.65%    passed     84.34%
2752  PZ143329     2.46%    passed     79.20%
2753  PX988184     2.65%    passed     90.39%
2754  PZ143334     2.46%    passed     80.83%
2755  PZ251434     2.46%    passed     85.89%
2756  PZ143331     2.46%    passed     78.71%
2757  PQ373125     2.28%    passed     79.76%
2758  MT233268     2.46%    passed     93.84%
2759  MT233269     2.46%    passed     92.36%
2760  MK077684     2.46%    passed     90.83%
2761  KU557839     2.46%    passed     88.57%
2762  KU557792    10.97%    passed     86.35%
2763  MK282256     2.46%    passed     83.45%
2764  LC043139     2.46%    passed     80.78%
2765  LC043305     2.46%    passed     83.64%
2766  LC043168     2.46%    passed     89.83%
2767  KU561250     2.46%    passed     86.24%
2768  LC433694     2.46%    passed     87.59%
2769  LC433720     2.46%    passed     88.57%
2770  LC486737     2.46%    passed     86.39%
2771  KU561251     2.46%    passed     91.73%
2772  LC043167     2.46%    passed     85.82%
2773  KJ156329     2.46%    passed     85.82%
2774  MK282257     2.46%    passed     81.21%
2775  MK282258     2.46%    passed     84.96%
2776  LC101778    10.41%    passed     94.39%
2777  KU557788     2.46%    passed     88.57%
2778  KU557789    10.97%    passed     84.72%
2779  KX171417     2.46%    passed     83.64%
2780  MK907790     2.46%    passed     93.31%
2781  KT285173     2.46%    passed     81.84%
2782  MH218689     2.09%    passed     56.80%
2783  AB684681     2.34%    passed     31.22%
2784  MW305625     2.28%    passed     14.65%
2785  PV876272     1.23%    passed     89.02%
2786  OP205556     1.23%    passed     83.01%
2787  OP205557     1.23%    passed     83.01%
2788  OP205570     1.23%    passed     87.55%
2789  PV087407     1.23%    passed     95.95%
2790  MT678700     1.23%    passed     94.35%
2791  MT678705     1.23%    passed     93.32%
2792  MT678707     1.23%    passed     95.78%
2793  OL913975     1.23%    passed     93.33%
2794  LC122741     1.23%    passed     93.56%
2795  MT678708     1.23%    passed     92.08%
2796  MT678709     1.23%    passed     92.08%
2797  MT678714     1.23%    passed     92.08%
2798  MT678713     1.23%    passed     94.80%
2799  MT678715     1.23%    passed     88.30%
2800  MT678716     1.23%    passed     93.38%
2801  MT678710     1.23%    passed     92.08%
2802  MT678711     1.23%    passed     90.33%
2803  MT678720     1.23%    passed     88.70%
2804  MT678721     1.23%    passed     88.70%
2805  MT678717     1.23%    passed     91.68%
2806  MT678712     1.23%    passed     88.51%
2807  MT678718     1.23%    passed     96.87%
2808  MT678719     1.23%    passed     96.87%
2809  MT678732     1.23%    passed     80.12%
2810  KF306213     1.23%    passed     91.58%
2811  LC122740     1.23%    passed     84.51%
2812  MK614064     1.23%    passed     91.68%
2813  KY767665     1.23%    passed     92.23%
2814  KF944165     1.23%    passed     95.76%
2815  KF944166     1.23%    passed     95.76%
2816  MW363175     1.23%    passed     90.12%
2817  MW363179     1.23%    passed     90.12%
2818  MW363176     1.23%    passed     90.62%
2819  MW363177     1.23%    passed     88.28%
2820  MW363178     1.23%    passed     91.96%
2821  KX355506     1.23%    passed     96.04%
2822  KM198484     1.23%    passed     94.75%
2823  KM198496     1.23%    passed     94.54%
2824  KM198553     1.23%    passed     96.04%
2825  KM198561     1.23%    passed     95.36%
2826  KM198572     1.23%    passed     96.51%
2827  KM198586     1.23%    passed     95.36%
2828  KM198505     1.23%    passed     94.46%
2829  KM198583     1.23%    passed     96.04%
2830  KM198509     1.23%    passed     93.50%
2831  KM198493     1.23%    passed     98.74%
2832  KM198500     1.23%    passed     97.23%
2833  KM198511     1.23%    passed     98.13%
2834  KM198528     1.23%    passed     96.70%
2835  KM198547     1.23%    passed     96.53%
2836  KM198554     1.23%    passed     96.53%
2837  KM198573     1.23%    passed     96.53%
2838  KM198529     1.23%    passed     98.13%
2839  KM198590     1.23%    passed     97.56%
2840  KM198563     1.23%    passed     86.70%
2841  MK907787     1.23%    passed     90.62%
2842  LC122764     1.23%    passed     95.45%
2843  JX984948     1.23%    passed     77.65%
2844  KJ145323     1.23%    passed     94.04%
2845  PV258463     1.23%    passed     76.07%
2846  PV258466     1.23%    passed     74.76%
2847  MW661262     1.23%    passed     55.44%
2848  OP205569     1.23%    passed     38.53%
2849  OP205585     1.23%    passed     38.53%
2850  OP205581     2.34%    passed     42.91%
2851  OP205577     1.23%    passed     67.82%
2852  OP205578     1.23%    passed     71.36%
2853  OP205583     1.23%    passed     66.15%
2854  MH218660     1.23%    passed     67.95%
2855  MH218671     1.23%    passed     62.79%
2856  MH218668     1.23%    passed     60.77%
2857  MH218688     1.23%    passed     60.77%
2858  MH218676     1.23%    passed     60.77%
2859  MH218679     1.23%    passed     57.07%
2860  MH218681     1.23%    passed     60.77%
2861  MH218683     1.23%    passed     60.77%
2862  MH218678     1.23%    passed     60.77%
2863  MH218686     1.23%    passed     60.77%
2864  MH218693     1.23%    passed     57.07%
2865  MH218682     1.23%    passed     64.41%
2866  MH218675     1.23%    passed     60.77%
2867  MH218680     1.23%    passed     60.77%
2868  MH218677     1.23%    passed     60.77%
2869  MH218690     1.23%    passed     67.95%
2870  MG892954     1.23%    passed     62.79%
2871  MH218581     1.23%    passed     68.60%
2872  MH218582     1.23%    passed     75.67%
2873  MH218588     1.23%    passed     70.60%
2874  MH218604     1.23%    passed     75.89%
2875  MH218590     1.23%    passed     83.74%
2876  MH218592     1.23%    passed     65.80%
2877  MH218599     1.23%    passed     63.70%
2878  MH218600     1.23%    passed     74.16%
2879  MH218593     1.23%    passed     67.99%
2880  MH218594     1.23%    passed     60.30%
2881  MH218597     1.23%    passed     63.59%
2882  MH218601     1.23%    passed     72.33%
2883  MH218630     1.23%    passed     65.80%
2884  KF920726    18.42%    passed     52.02%
2885  KF944244    18.42%    passed     52.02%
2886  KY210919     1.23%    passed     61.98%
2887  MW305631     1.23%    passed     79.31%
2888  MH218570     1.23%    passed     74.27%
2889  MH218738     1.23%    passed     74.27%
2890  MH218572     1.23%    passed     74.27%
2891  MH218576     1.23%    passed     78.73%
2892  MH218577     1.23%    passed     75.23%
2893  MH218574     1.23%    passed     73.08%
2894  MH218578     1.23%    passed     69.45%
2895  MH218579     1.23%    passed     78.01%
2896  MH218583     1.23%    passed     82.56%
2897  MH218589     1.23%    passed     84.11%
2898  MH218575     1.23%    passed     86.49%
2899  MH218712     1.23%    passed     74.40%
2900  MH218595     1.23%    passed     69.03%
2901  MH218596     1.23%    passed     67.66%
2902  MH218602     1.23%    passed     66.89%
2903  MH218654     1.23%    passed     67.95%
2904  MH218646     1.23%    passed     91.24%
2905  MH218653     1.23%    passed     91.37%
2906  MH218580     1.23%    passed     79.81%
2907  MH218587     1.23%    passed     78.37%
2908  MH218732     1.23%    passed     82.46%
2909  MH251250    12.94%    passed     59.46%
2910  OP205531     1.23%    passed     63.59%
2911  KJ634708     1.23%    passed     79.58%
2912  KF944266     1.23%    passed     79.58%
2913  KY210918     1.23%    passed     66.28%
2914  MG892946     1.23%    passed     73.66%
2915  MG892955     1.23%    passed     77.92%
2916  LC769682     1.23%    passed     96.75%
2917  LC769712     1.23%    passed     99.22%
2918  LC769713     1.23%    passed     98.80%
2919  LC769689     1.23%    passed     94.71%
2920  LC769715     1.23%    passed     92.78%
2921  LC769706     1.23%    passed     86.74%
2922  LC769709     1.23%    passed     86.74%
2923  KY887597     1.23%    passed     89.09%
2924  KY887606     1.23%    passed     89.09%
2925  KY887598     1.23%    passed     89.09%
2926  KJ184287    20.52%    passed     43.02%
2927  MT808055     1.23%    passed     54.91%
2928  MW305513     1.29%    passed     58.83%
2929  MW305522     1.23%    passed     59.04%
2930  MW305541     1.23%    passed     51.53%
2931  KM056394     1.23%    passed     52.28%
2932  KP064097     1.23%    passed     63.62%
2933  KC464328     1.23%    passed     48.25%
2934  KC464329     1.23%    passed     48.40%
2935  MG892076     1.23%    passed     78.07%
2936  KF944179     1.23%    passed     68.11%
2937  KF944065     1.23%    passed     80.20%
2938  KF944119     1.23%    passed     82.93%
2939  KF944147     1.23%    passed     69.75%
2940  KJ184223     1.23%    passed     73.87%
2941  MK907798     1.23%    passed     72.02%
2942  KF931324     1.23%    passed     69.36%
2943  GU138208     1.23%    passed     73.98%
2944  KC464326     1.23%    passed     83.69%
2945  KC464327     1.23%    passed     73.76%
2946  GQ849127     1.23%    passed     69.36%
2947  MF140684     1.05%    passed     94.96%
2948  MF140685     1.05%    passed     94.84%
2949  MF140686     1.05%    passed     92.67%
2950  MF140687     1.05%    passed     91.35%
2951  MF140689     1.05%    passed     94.02%
2952  MF140688     1.05%    passed     92.93%
2953  OP205576     1.23%    passed     54.14%
2954  MH218573     1.23%    passed     77.03%
2955  MH218584     1.23%    passed     82.61%
2956  MH218586     1.23%    passed     73.76%
2957  MH218585     1.23%    passed     89.51%
2958  MH218618     1.23%    passed     84.36%
2959  MH218696     1.23%    passed     68.75%
2960  MH218717     1.23%    passed     50.58%
2961  MH218598     1.23%    passed     82.05%
2962  MH218603     1.23%    passed     81.01%
2963  KJ184256     1.23%    passed     79.74%
2964  OR536466     1.23%    passed     69.01%
2965  OR536467     1.23%    passed     68.54%
2966  OR536468     1.23%    passed     65.73%
2967  OR536469     1.23%    passed     57.77%
2968  OR536472     1.23%    passed     70.01%
2969  OR536473     1.23%    passed     56.81%
2970  OR536470     1.23%    passed     47.13%
2971  OR536471     1.23%    passed     50.71%
2972  OR536474     1.23%    passed     52.59%
2973  OR536494     1.36%    passed     76.92%
2974  OR536476     1.23%    passed     49.94%
2975  OR536485     1.23%    passed     56.92%
2976  OR536489     1.23%    passed     56.92%
2977  OR536488     1.23%    passed     45.77%
2978  OR536479     1.23%    passed     69.18%
2979  OR536481     1.23%    passed     61.62%
2980  OR536480     1.23%    passed     58.09%
2981  OR536484     1.23%    passed     53.26%
2982  OR536482     1.23%    passed     56.70%
2983  OR536483     1.23%    passed     57.63%
2984  OR536486     1.23%    passed     43.19%
2985  OR536487     1.23%    passed     45.85%
2986  OR536491     1.23%    passed     64.26%
2987  OR536492     1.23%    passed     35.40%
2988  OR536477     1.23%    passed     49.50%
2989  OR536478     1.23%    passed     47.70%
2990  OR536493     1.23%    passed     31.95%
2991  OR536490     1.23%    passed     69.72%
2992  OR536475     1.23%    passed     81.33%
2993  OR536495     1.23%    passed     66.58%
2994  OR536496     1.23%    passed     78.12%
2995  OR536497     1.23%    passed     47.32%
2996  OR536499     1.23%    passed     50.06%
2997  OR536498     1.23%    passed     44.69%
2998  MH218571     1.23%    passed     80.54%
2999  PX285873     1.23%    passed     94.52%
3000  PX458560     1.23%    passed     97.78%
3001  PP587394     1.23%    passed     96.07%
3002  PP587395     1.23%    passed     94.53%
3003  PP645200     1.23%    passed     94.53%
3004  PP658554     1.23%    passed     94.16%
3005  PP658555     1.23%    passed     95.73%
3006  PP658556     1.23%    passed     95.43%
3007  PZ231306     1.23%    passed     97.52%
3008  PX458477     1.23%    passed     96.69%
3009  PX464561     1.23%    passed     95.38%
3010  PX464565     1.23%    passed     94.47%
3011  PX464577     1.23%    passed     95.78%
3012  PX464562     1.23%    passed     94.47%
3013  PX464579     1.23%    passed     97.05%
3014  PX464569     1.23%    passed     96.26%
3015  PX464570     1.23%    passed     97.64%
3016  PX464572     1.23%    passed     97.64%
3017  PX458513     1.23%    passed     98.10%
3018  PX458479     1.23%    passed     97.81%
3019  PX464559     1.23%    passed     98.64%
3020  PX464576     1.23%    passed     98.00%
3021  PX464560     1.23%    passed     97.72%
3022  PX464564     1.23%    passed     97.72%
3023  PX464566     1.23%    passed     98.64%
3024  PX464557     1.23%    passed     97.25%
3025  OM884056     1.23%    passed     94.34%
3026  PQ442937     1.23%    passed     91.75%
3027  PX464558     1.23%    passed     98.72%
3028  PX988169     1.42%    passed     97.45%
3029  PX988170     1.42%    passed     97.45%
3030  PQ461161     1.23%    passed     91.63%
3031  PQ461162     1.23%    passed     97.12%
3032  PQ461163     1.23%    passed     98.25%
3033  PX458527     1.23%    passed     95.37%
3034  PX458537     1.23%    passed     95.37%
3035  PX458551     1.23%    passed     95.37%
3036  OP712197     1.23%    passed     93.69%
3037  PX458562     1.23%    passed     97.92%
3038  PX458563     1.23%    passed     97.92%
3039  PX464554     1.23%    passed     94.73%
3040  PX464575     1.23%    passed     94.73%
3041  PX464567     1.23%    passed     93.95%
3042  PX464573     1.23%    passed     92.93%
3043  PX464555     1.23%    passed     99.09%
3044  OP901693     1.23%    passed     99.16%
3045  OQ451927     1.23%    passed     97.38%
3046  OQ451928     1.23%    passed     94.44%
3047  OQ451932     1.23%    passed     97.23%
3048  OQ451935     1.23%    passed     95.46%
3049  OQ451938     1.23%    passed     96.25%
3050  OQ451934     1.29%    passed     93.60%
3051  OQ451929     1.23%    passed     98.20%
3052  MT678745     1.23%    passed     98.20%
3053  MT678746     1.23%    passed     99.18%
3054  MT678743     1.23%    passed     99.18%
3055  MT678747     1.23%    passed     98.33%
3056  MT678734     1.23%    passed     98.49%
3057  MT678738     1.23%    passed     99.10%
3058  MT678735     1.23%    passed     99.34%
3059  MT678739     1.23%    passed     99.18%
3060  MT678737     1.23%    passed     99.04%
3061  MT678736     1.23%    passed     99.10%
3062  MT678733     1.23%    passed     98.86%
3063  MT678725     1.23%    passed     98.73%
3064  MT678726     1.23%    passed     99.30%
3065  MT678729     1.23%    passed     98.87%
3066  MT678730     1.23%    passed     98.49%
3067  MT678731     1.23%    passed     98.87%
3068  MT678728     1.23%    passed     99.51%
3069  KY406938     1.23%    passed     99.03%
3070  KY406939     1.23%    passed     98.74%
3071  MT678744     1.23%    passed     98.94%
3072  MT678740     1.23%    passed     98.74%
3073  MT678741     1.23%    passed     98.74%
3074  MT678742     1.23%    passed     99.07%
3075  KY406926     1.23%    passed     99.46%
3076  KY407190     1.23%    passed     99.39%
3077  KY407191     1.23%    passed     99.37%
3078  KY407192     1.23%    passed     99.37%
3079  KY407193     1.23%    passed     99.37%
3080  KY407194     1.23%    passed     99.37%
3081  KY406928     1.23%    passed     98.99%
3082  KY406929     1.23%    passed     98.14%
3083  KY406930     1.23%    passed     99.18%
3084  KY406932     1.23%    passed     99.18%
3085  KY406933     1.23%    passed     99.18%
3086  KY406931     1.23%    passed     99.18%
3087  KY406934     1.23%    passed     99.55%
3088  KY406935     1.23%    passed     99.16%
3089  KY406936     1.23%    passed     99.16%
3090  KY407195     1.23%    passed     99.06%
3091  KY407196     1.23%    passed     99.06%
3092  KY407197     1.23%    passed     99.06%
3093  KY407198     1.23%    passed     99.06%
3094  KY767664     1.23%    passed     99.51%
3095  KY406941     1.23%    passed     99.34%
3096  KY406942     1.23%    passed     98.10%
3097  KY406943     1.23%    passed     98.10%
3098  KY406946     1.23%    passed     98.41%
3099  KY406947     1.23%    passed     98.16%
3100  KY406944     1.23%    passed     98.73%
3101  KY406945     1.23%    passed     97.74%
3102  KX989464     1.23%    passed     97.44%
3103  KX989465     1.23%    passed     97.44%
3104  KX989466     1.23%    passed     97.44%
3105  KX989467     1.23%    passed     97.44%
3106  KX989468     1.23%    passed     97.44%
3107  KY406923     1.23%    passed     98.68%
3108  KY406924     1.23%    passed     99.10%
3109  KY406925     1.23%    passed     99.39%
3110  OP205572     1.23%    passed     99.10%
3111  OQ451931     1.23%    passed     99.37%
3112  OR793080     1.23%    passed     97.49%
3113  OR797346     1.23%    passed     97.16%
3114  OR797474     1.23%    passed     97.16%
3115  OR797348     1.29%    passed     96.97%
3116  OR797476     1.29%    passed     96.97%
3117  OR797347     1.23%    passed     99.32%
3118  OR797475     1.23%    passed     99.32%
3119  MN542844     1.23%    passed     97.93%
3120  MW127529     1.42%    passed     96.09%
3121  MW127532     1.29%    passed     99.45%
3122  MW127531     1.23%    passed     96.58%
3123  MW127530     1.23%    passed     96.87%
3124  MW127540     1.23%    passed     96.87%
3125  MW127539     1.23%    passed     96.87%
3126  OQ633110     1.23%    passed     98.68%
3127  MT158854     1.23%    passed     99.04%
3128  OM386792     1.23%    passed     98.99%
3129  MW127536     1.23%    passed     99.04%
3130  MW704306     1.36%    passed     98.43%
3131  MW704328     1.23%    passed     98.61%
3132  MZ503608     1.23%    passed     99.02%
3133  MZ503598     1.23%    passed     99.07%
3134  MW704319     1.23%    passed     99.39%
3135  MW704329     1.23%    passed     99.29%
3136  LC535134     1.23%    passed     99.57%
3137  ON569431     1.23%    passed     99.69%
3138  KY406940     1.23%    passed     96.86%
3139  OM372484     1.23%    passed     98.90%
3140  MT755733     1.23%    passed     98.67%
3141  PQ273182     1.23%    passed     97.93%
3142  PQ273183     1.23%    passed     98.50%
3143  PQ273184     1.23%    passed     98.50%
3144  PQ273185     1.23%    passed     98.86%
3145  PQ273190     1.23%    passed     98.09%
3146  PQ273197     1.23%    passed     99.10%
3147  PQ273198     1.23%    passed     99.10%
3148  PQ442935     1.23%    passed     95.45%
3149  OQ451930     1.23%    passed     97.20%
3150  MW661255     1.23%    passed     97.20%
3151  MT409884     1.23%    passed     97.34%
3152  MT409885     1.23%    passed     97.34%
3153  MT409886     1.23%    passed     97.34%
3154  MK073886     1.23%    passed     96.88%
3155  LC597125     1.23%    passed     98.56%
3156  PX464563     1.23%    passed     99.03%
3157  PX464571     1.23%    passed     98.56%
3158  PQ740351     1.23%    passed     99.48%
3159  PQ740352     1.23%    passed     99.20%
3160  OM372486     1.23%    passed     99.51%
3161  OM388564     1.23%    passed     99.64%
3162  OM373201     1.23%    passed     99.34%
3163  MT678748     1.23%    passed     97.88%
3164  MT678750     1.23%    passed     97.88%
3165  MT678749     1.23%    passed     99.03%
3166  MT678751     1.23%    passed     98.23%
3167  MT678752     1.23%    passed     97.92%
3168  OM372595     1.23%    passed     98.72%
3169  OM373562     1.23%    passed     98.74%
3170  OM372487     1.23%    passed     96.39%
3171  MK517765     5.67%    passed     99.30%
3172  MW127533     1.23%    passed     98.72%
3173  MZ026979     5.11%    passed     99.96%
3174  MZ027038     5.11%    passed     99.86%
3175  MZ026982     5.11%    passed     99.85%
3176  MZ027014     5.11%    passed     99.93%
3177  OR793101     1.23%    passed     99.30%
3178  OR797351     1.23%    passed     98.32%
3179  OR797472     1.23%    passed     98.32%
3180  OR793103     1.36%    passed     99.42%
3181  MG892910     1.23%    passed     99.47%
3182  MG892915     1.23%    passed     99.64%
3183  MG892911     1.23%    passed     99.63%
3184  MG892950     1.23%    passed     99.63%
3185  MG892920     1.23%    passed     99.48%
3186  MG892949     1.23%    passed     99.18%
3187  MG892956     1.23%    passed     99.03%
3188  MG892927    15.59%    passed     99.97%
3189  OR797350     1.23%    passed     96.26%
3190  OR797477     1.23%    passed     96.26%
3191  PQ442936     1.23%    passed     97.52%
3192  MH260494     1.23%    passed     97.92%
3193  KY905334     1.23%    passed     96.87%
3194  MW661265     1.23%    passed     98.42%
3195  MW661276     1.23%    passed     97.43%
3196  MT678693     1.23%    passed     98.74%
3197  MT678695     1.23%    passed     99.36%
3198  MT678694     1.23%    passed     99.68%
3199  LC122742     1.23%    passed     99.16%
3200  LC122743     1.23%    passed     99.54%
3201  KC464495     1.23%    passed     99.80%
3202  MT678702     1.23%    passed     99.66%
3203  MT678704     1.23%    passed     98.91%
3204  MT678706     1.23%    passed     98.23%
3205  MT678722     1.23%    passed     98.09%
3206  MT678724     1.23%    passed     98.86%
3207  MT678727     1.23%    passed     98.09%
3208  MT678723     1.23%    passed     98.73%
3209  KY348697     1.23%    passed     97.93%
3210  KY348698     1.23%    passed     98.74%
3211  MN199033     1.23%    passed     97.43%
3212  KY406922     1.23%    passed     99.07%
3213  KY407176     1.23%    passed     97.59%
3214  KY407177     1.23%    passed     97.59%
3215  KY407178     1.23%    passed     97.59%
3216  KY407179     1.23%    passed     97.59%
3217  KY407180     1.23%    passed     97.59%
3218  KY407172     1.23%    passed     98.10%
3219  KY407173     1.23%    passed     98.10%
3220  KY407174     1.23%    passed     98.10%
3221  KY407175     1.23%    passed     98.10%
3222  LC597132     1.23%    passed     99.34%
3223  LC035073     1.23%    passed     96.85%
3224  LC122760     1.23%    passed     97.45%
3225  LC122761     1.23%    passed     97.55%
3226  LC133339     1.23%    passed     97.93%
3227  LC133343     1.23%    passed     97.93%
3228  PX464556     1.23%    passed     99.30%
3229  PX464568     1.23%    passed     98.50%
3230  PZ231294     1.23%    passed     98.50%
3231  PZ231295     1.23%    passed     99.44%
3232  PZ231296     1.23%    passed     98.30%
3233  PZ231297     1.23%    passed     98.30%
3234  PZ231298     1.23%    passed     98.84%
3235  PZ231299     1.23%    passed     98.84%
3236  PZ231300     1.23%    passed     98.68%
3237  PZ231301     1.23%    passed     98.30%
3238  PZ231302     1.23%    passed     98.30%
3239  PZ231303     1.23%    passed     98.30%
3240  PZ231304     1.23%    passed     98.77%
3241  PQ740347     1.23%    passed     97.93%
3242  PQ740348     1.23%    passed     98.75%
3243  PQ740349     1.23%    passed     98.75%
3244  PQ559816     1.23%    passed     97.49%
3245  PZ231305     1.23%    passed     98.50%
3246  PV636607     1.23%    passed     99.27%
3247  PQ507180     1.23%    passed     95.18%
3248  PX988166     1.42%    passed     99.05%
3249  PX988167     1.42%    passed     99.10%
3250  PX988168     1.42%    passed     99.10%
3251  PX988171     1.42%    passed     99.31%
3252  PX988172     1.42%    passed     99.31%
3253  PX988173     1.42%    passed     99.31%
3254  PX988175     1.42%    passed     99.31%
3255  PX988176     1.42%    passed     99.31%
3256  PX988174     1.42%    passed     99.50%
3257  PX988177     1.42%    passed     99.05%
3258  PX988178     1.42%    passed     99.05%
3259  PQ740350     1.23%    passed     98.88%
3260  MZ026978     5.11%    passed     97.01%
3261  MZ027006     5.11%    passed     99.98%
3262  MZ026900     5.11%    passed     97.23%
3263  MN502901     5.11%    passed     98.39%
3264  MN503060     5.11%    passed     98.32%
3265  MN503057     5.11%    passed     98.89%
3266  MN502875     5.11%    passed     98.64%
3267  MN502891     5.11%    passed     99.68%
3268  MZ026983     5.11%    passed     99.63%
3269  MZ027034     5.11%    passed     98.61%
3270  MN502933     5.11%    passed     99.62%
3271  MG892947     1.23%    passed     98.64%
3272  MG892951     1.23%    passed     99.27%
3273  MG892952     1.23%    passed     98.94%
3274  MG892953     1.23%    passed     97.55%
3275  MN416945     1.23%    passed     95.04%
3276  PZ136051     1.23%    passed     86.77%
3277  PZ136055     1.23%    passed     86.77%
3278  PZ221923     1.23%    passed     86.77%
3279  PZ136053     1.23%    passed     86.77%
3280  PZ136058     1.23%    passed     86.77%
3281  PZ221915     1.23%    passed     86.77%
3282  PZ221922     1.23%    passed     86.77%
3283  PZ221917     1.23%    passed     87.93%
3284  PZ221927     1.23%    passed     86.77%
3285  PZ136059     1.23%    passed     86.77%
3286  PZ136052     1.23%    passed     86.77%
3287  PZ221926     1.23%    passed     86.77%
3288  PZ136056     1.23%    passed     86.77%
3289  PZ136060     1.23%    passed     86.77%
3290  PZ136061     1.23%    passed     86.77%
3291  PZ136054     1.23%    passed     86.77%
3292  PZ136057     1.23%    passed     86.77%
3293  PZ221924     1.23%    passed     86.77%
3294  PZ221928     1.23%    passed     86.77%
3295  PZ221918     1.23%    passed     87.93%
3296  PZ221929     1.23%    passed     87.93%
3297  PZ221919     1.23%    passed     87.93%
3298  PZ221925     1.23%    passed     86.77%
3299  PZ221930     1.23%    passed     87.93%
3300  PZ221916     1.23%    passed     87.93%
3301  PZ221921     1.23%    passed     87.93%
3302  PZ221920     1.23%    passed     87.93%
3303  PV297972     1.23%    passed     92.27%
3304  MT808058     1.23%    passed     83.86%
3305  JN899244     1.23%    passed     83.86%
3306  LC101823     1.23%    passed     89.23%
3307  LC122762     1.23%    passed     83.40%
3308  MW305608     1.23%    passed     74.94%
3309  LC122763     1.23%    passed     66.75%
3310  MN502860     5.11%    passed     95.73%
3311  MN502870     5.11%    passed     98.28%
3312  LC122758     1.23%    passed     96.58%
3313  LC122759     1.23%    passed     96.90%
3314  MT678696     1.23%    passed     96.99%
3315  MT678697     1.23%    passed     97.17%
3316  MT678699     1.23%    passed     96.10%
3317  MT678698     1.23%    passed     95.79%
3318  MT678703     1.23%    passed     96.22%
3319  MT678701     1.23%    passed     94.58%
3320  LC720161     1.23%    passed     95.80%
3321  LC720162     1.23%    passed     94.34%
3322  LC122744     1.23%    passed     97.52%
3323  LC122745     1.23%    passed     94.34%
3324  LC122746     1.23%    passed     96.57%
3325  LC122747     1.23%    passed     94.34%
3326  LC122748     1.23%    passed     95.62%
3327  LC122749     1.23%    passed     98.63%
3328  LC122750     1.23%    passed     97.18%
3329  GU991355     1.23%    passed     94.77%
3330  AB629943     1.23%    passed     93.56%
3331  LC122751     1.23%    passed     66.31%
3332  LC122752     1.23%    passed     81.26%
3333  LC122753     1.23%    passed     74.46%
3334  LC122754     1.23%    passed     81.94%
3335  GU980585     1.23%    passed     84.73%
3336  DQ419909     1.23%    passed     76.21%
3337  EU850824     1.23%    passed     80.59%
3338  EU850825     1.23%    passed     82.73%
3339  EU850827     1.23%    passed     81.68%
3340  EU850826     1.23%    passed     86.60%
3341  EU850823     1.23%    passed     90.22%
3342  LC122755     1.23%    passed     97.72%
3343  LC122756     1.23%    passed     95.16%
3344  LC122757     1.23%    passed     95.69%
3345  GQ856466     1.23%    passed     92.08%
3346  KC464324     1.23%    passed     75.46%
3347  KC464325     1.23%    passed     63.39%
3348  KF006265     1.23%    passed     73.58%
3349  GQ856467     1.23%    passed     94.73%
3350  EU072241     1.23%    passed     91.72%
3351  EU072243     1.23%    passed     93.37%
3352  KF931180     1.23%    passed     64.51%
3353  GU292851     1.23%    passed     65.28%
3354  KF931234     1.23%    passed     88.24%
3355  KF931243     1.23%    passed     90.30%
3356  PV258468     1.23%    passed     96.51%
3357  PV258470     1.23%    passed     98.22%
3358  KT732274     1.23%    passed     99.04%
3359  KF895848     1.23%    passed     99.40%
3360  KF944227     1.23%    passed     98.86%
3361  KF944232     1.23%    passed     98.86%
3362  KF944203     1.23%    passed     99.95%
3363  KF895854    18.42%    passed     91.93%
3364  KF895859     1.23%    passed     98.86%
3365  LC035072     1.23%    passed     94.27%
3366  KF931267     1.23%    passed     73.48%
3367  HM590538     1.23%    passed     82.64%
3368  MT808056     1.23%    passed     57.57%
3369  MT808057     1.23%    passed     57.57%
3370  AB758450     1.23%    passed     59.61%
3371  LC122831     1.23%    passed     76.40%
3372  MW305574     1.23%    passed     98.94%
3373  MW305575     1.23%    passed     98.94%
3374  KC597144     1.23%    passed     98.94%
3375  JN699040     1.23%    passed     98.94%
3376  JN699039     1.23%    passed     96.83%
3377  MW305724     1.23%    passed     84.58%
3378  HM072045     1.23%    passed     84.58%
3379  HM072046     1.23%    passed     89.63%
3380  KY442319     1.23%    passed     94.57%
3381  KY442320     1.23%    passed     94.14%
3382  HM072042     1.23%    passed     78.90%
3383  MW305591     1.23%    passed     80.96%
3384  MW305592     1.23%    passed     77.65%
3385  MW305650     1.23%    passed     76.57%
3386  MW305728     1.23%    passed     86.26%
3387  HM072044     1.23%    passed     86.26%
3388  MW305727     1.23%    passed     52.26%
3389  HM072043     1.29%    passed     50.42%
3390  MW305726     1.23%    passed     62.26%
3391  HM072040     1.23%    passed     62.26%
3392  MW305731     1.23%    passed     55.72%
3393  MW305733     1.23%    passed     55.72%
3394  MW305732     1.23%    passed     55.72%
3395  KJ194504     1.23%    passed     76.85%
3396  KJ194500     1.23%    passed     85.51%
3397  JQ743333     1.23%    passed     68.30%
3398  MW305725     1.23%    passed     88.01%
3399  HM072041     1.23%    passed     87.98%
3400  OR069404     1.23%    passed     96.50%
3401  JN565063     1.23%    passed     97.61%
3402  PP513139     1.23%    passed     92.68%
3403  PP825703     1.23%    passed     90.87%
3404  KM289172     2.46%    passed     99.21%
3405  MZ265003     1.36%    passed     92.00%
3406  MT256116     1.23%    passed     98.71%
3407  MT256120     1.23%    passed     97.78%
3408  MT316122     1.23%    passed     97.44%
3409  MT316113     1.23%    passed     98.47%
3410  KT779557     1.23%    passed     97.56%
3411  KF944110     1.23%    passed     96.94%
3412  KF944111     1.23%    passed     96.94%
3413  KF895841     1.23%    passed     97.26%
3414  OL943801     1.23%    passed     96.67%
3415  MW305536     1.23%    passed     97.24%
3416  MK764020     1.23%    passed     98.72%
3417  MK762640     1.23%    passed     96.35%
3418  KM289170     7.64%    passed     99.71%
3419  MH702259     1.29%    passed     94.46%
3420  MH702287     1.23%    passed     94.60%
3421  MK396772     1.23%    passed     84.84%
3422  MH702267     1.29%    passed     93.15%
3423  MK396777     1.36%    passed     97.01%
3424  MK762721     1.36%    passed     92.12%
3425  LC769704     1.23%    passed     96.08%
3426  LC597117     1.23%    passed     92.43%
3427  LC597134     1.23%    passed     95.61%
3428  MH279487     1.23%    passed     97.34%
3429  MK773588     1.23%    passed     53.38%
3430  PV876278     1.23%    passed     68.26%
3431  OP690505     1.23%    passed     85.87%
3432  OL451532     1.23%    passed     84.59%
3433  OL451533     1.23%    passed     84.59%
3434  OQ190312     1.23%    passed     64.30%
3435  OP218773     1.42%    passed     66.24%
3436  OP218777     1.42%    passed     69.71%
3437  OQ342793     1.23%    passed     76.28%
3438  OP218774     1.42%    passed     80.18%
3439  OP218775     1.42%    passed     77.35%
3440  OP218776     1.42%    passed     77.21%
3441  PQ593082     1.23%    passed     85.27%
3442  PQ810729     1.23%    passed     72.14%
3443  KC597140     1.23%    passed     84.79%
3444  PX458533     2.65%    passed     25.47%
3445  LC769702     2.53%    passed     20.33%
3446  PV394759     2.53%    passed     29.55%
3447  PV394763     2.53%    passed     29.55%
3448  PV394760     2.53%    passed     35.32%
3449  PV394767     2.53%    passed     32.58%
3450  PV394762     2.53%    passed     29.55%
3451  PV394766     2.53%    passed     33.90%
3452  PV394761     2.59%    passed     34.33%
3453  PV394768     2.53%    passed     32.58%
3454  MZ769132     2.53%    passed     45.15%
3455  KF920739     2.53%    passed     25.41%
3456  MN447470     2.46%    passed     23.97%
3457  MN447471     2.46%    passed     23.97%
3458  MW305566     2.46%    passed     28.30%
3459  MW305699     2.46%    passed     20.98%
3460  GU292831     2.46%    passed     12.14%
3461  GQ856476     2.46%    passed     14.44%
3462  PX732924     5.18%    passed     14.08%
3463  MZ265063     3.02%    passed     24.35%
3464  MW305705     3.02%    passed     20.38%
3465  JN797508     3.02%    passed     28.01%
3466  MW854326     3.20%    passed     24.94%
3467  KC463911     3.02%    passed     24.21%
3468  KC464322     3.02%    passed     22.67%
3469  KC464323     3.02%    passed     21.03%
3470  PZ240514     3.02%    passed     33.01%
3471  LC923386     3.02%    passed     39.25%
3472  MZ026968     6.90%    passed     35.76%
3473  MN502918     6.90%    passed     46.34%
3474  MN502953     6.90%    passed     38.63%
3475  MN503006     6.90%    passed     45.65%
3476  MN503051     6.90%    passed     45.65%
3477  MN503009     6.90%    passed     37.56%
3478  MN503050     6.90%    passed     37.56%
3479  MN503086     6.90%    passed     40.47%
3480  MN502936     6.90%    passed     46.34%
3481  MN503075     6.90%    passed     45.39%
3482  MN502939     6.90%    passed     33.86%
3483  MN503078     6.90%    passed     46.84%
3484  MN502909     6.90%    passed     46.52%
3485  MN502926     6.90%    passed     57.38%
3486  MK614059     3.02%    passed     34.34%
3487  KY649454     3.02%    passed     37.52%
3488  KY649455     3.02%    passed     37.52%
3489  KY649456     3.02%    passed     34.34%
3490  MF668937     3.02%    passed      9.39%
3491  LC597120     3.02%    passed     12.65%
3492  KC597148    16.57%    passed     52.39%
3493  KC597150    16.57%    passed     50.99%
3494  KC597149    16.57%    passed     50.99%
3495  KC597151    16.57%    passed     50.99%
3496  PX733062     3.20%    passed     44.91%
3497  MW305622     3.02%    passed     25.78%
3498  MW305628     3.02%    passed     37.18%
3499  MW305629     3.02%    passed     37.18%
3500  MW305630     3.02%    passed     46.21%
3501  MH218731     3.02%    passed     29.06%
3502  OL898506     3.02%    passed     19.76%
3503  MT242487     3.02%    passed     28.24%
3504  MK616584     3.02%    passed     28.24%
3505  MK616585     3.02%    passed     31.16%
3506  MT242482     3.02%    passed     32.62%
3507  JN616378     3.02%    passed     31.57%
3508  MW661263     3.02%    passed     20.76%
3509  MW661266     3.02%    passed     20.10%
3510  MW661271     3.02%    passed     19.38%
3511  MW661267     3.02%    passed     20.76%
3512  MW661268     3.02%    passed     20.76%
3513  MW661272     3.02%    passed     20.76%
3514  MW661270     3.02%    passed     19.38%
3515  MW661269     3.02%    passed     20.10%
3516  MK753033     3.02%    passed     27.87%
3517  MK753034     3.02%    passed     37.81%
3518  MK483908     3.02%    passed     55.23%
3519  MG572182     3.02%    passed     79.45%
3520  OR397766     3.02%    passed     67.49%
3521  OR397776     3.02%    passed     67.49%
3522  OR397777     3.02%    passed     67.49%
3523  OR397773     3.02%    passed     68.31%
3524  OR397767     3.02%    passed     71.29%
3525  OR397768     3.02%    passed     73.77%
3526  OR397769     3.02%    passed     73.77%
3527  OR397770     3.02%    passed     73.77%
3528  OR397771     3.02%    passed     74.49%
3529  OR397772     3.02%    passed     74.49%
3530  OR397783     3.02%    passed     73.77%
3531  OR397784     3.02%    passed     73.77%
3532  OR397785     3.02%    passed     74.49%
3533  OR397786     3.02%    passed     74.49%
3534  OR397782     3.02%    passed     71.29%
3535  OR397787     3.02%    passed     74.49%
3536  OR397778     3.02%    passed     67.49%
3537  OR397779     3.02%    passed     67.49%
3538  OR397775     3.02%    passed     76.76%
3539  OR397780     3.02%    passed     61.91%
3540  OR397781     3.02%    passed     67.49%
3541  OR397788     3.02%    passed     67.49%
3542  OR397774     3.02%    passed     66.45%
3543  JX289822     3.02%    passed     71.29%
3544  PZ240517     3.02%    passed     66.73%
3545  PZ240518     3.02%    passed     55.54%
3546  PQ740331     3.02%    passed     66.52%
3547  OP690427     3.02%    passed     35.81%
3548  MK355712     3.02%    passed     56.82%
3549  MK355713     3.02%    passed     54.82%
3550  MK616558     3.02%    passed     39.88%
3551  MK616559     3.02%    passed     39.88%
3552  MK753036     3.02%    passed     52.95%
3553  MK764041     3.02%    passed     52.95%
3554  MK754447     3.02%    passed     42.39%
3555  MK754445     3.02%    passed     67.32%
3556  MK762627     3.02%    passed     50.07%
3557  MK616560     3.02%    passed     45.30%
3558  MK616561     3.02%    passed     45.30%
3559  OR512564     3.02%    passed     42.06%
3560  PP658560     3.02%    passed     69.67%
3561  LC790071     3.02%    passed     52.01%
3562  MZ769126     3.02%    passed     62.41%
3563  MZ026897     6.90%    passed     81.99%
3564  MN502831     6.90%    passed     76.28%
3565  MN502823     6.90%    passed     77.55%
3566  MN502814     6.90%    passed     84.39%
3567  MN502821     6.90%    passed     86.82%
3568  MN502839     6.90%    passed     93.29%
3569  MT712130     3.02%    passed     82.31%
3570  MT712147     3.02%    passed     82.31%
3571  JQ613568     3.02%    passed     84.81%
3572  GQ845370     3.02%    passed     79.43%
3573  KC464500     3.02%    passed     82.31%
3574  KM198492     3.02%    passed     87.05%
3575  KM198503     3.02%    passed     79.56%
3576  LC122734     3.02%    passed     77.50%
3577  LC122735     3.02%    passed     86.10%
3578  KC464498     3.02%    passed     79.43%
3579  MW305676     3.02%    passed     84.81%
3580  LC122732     3.02%    passed     84.81%
3581  LC122729     3.02%    passed     84.81%
3582  LC122730     3.02%    passed     82.31%
3583  LC122731     3.02%    passed     84.81%
3584  LC122733     3.02%    passed     81.11%
3585  KC464497     3.02%    passed     83.01%
3586  KC464499     3.02%    passed     82.49%
3587  JQ613569     3.02%    passed     89.80%
3588  KC464496     3.02%    passed     84.33%
3589  HQ401025     3.02%    passed     91.70%
3590  HQ664990     3.02%    passed     91.70%
3591  HQ449728     3.02%    passed     93.34%
3592  MW305702     3.02%    passed     93.25%
3593  MW305703     3.02%    passed     89.45%
3594  LC122736     3.02%    passed     94.98%
3595  HQ688986     3.02%    passed     79.40%
3596  MN502854     6.90%    passed     84.95%
3597  MN502866     6.90%    passed     73.93%
3598  JQ653095     4.31%    passed     88.20%
3599  KP064099     3.20%    passed     80.90%
3600  HQ115742     3.02%    passed     76.67%
3601  MW305701     3.02%    passed     99.94%
3602  LC122724     3.02%    passed     83.18%
3603  LC122725     3.02%    passed     79.92%
3604  LC122726     3.02%    passed     79.92%
3605  LC122727     3.02%    passed     79.96%
3606  LC122728     3.02%    passed     71.13%
3607  KJ196282     3.02%    passed     88.01%
3608  KJ196299     3.02%    passed     86.36%
3609  KJ196294     3.02%    passed     81.55%
3610  LC342059     3.02%    passed     93.35%
3611  KF006267     3.02%    passed     72.07%
3612  MK733201     3.02%    passed     82.10%
3613  KJ194507     3.02%    passed     21.57%
3614  PP512739     3.02%    passed     67.33%
3615  LC122737     3.02%    passed     58.94%
3616  LC122738     3.02%    passed     59.78%
3617  LC122739     3.02%    passed     61.73%
3618  EU072249     3.02%    passed     41.97%
3619  PX458541     1.91%    passed     63.72%
3620  OP609644     1.91%    passed     53.73%
3621  OP609645     1.91%    passed     53.73%
3622  OP686903     1.91%    passed     40.44%
3623  OP691294     1.91%    passed     50.53%
3624  OP691295     1.91%    passed     50.53%
3625  OP609646     1.91%    passed     67.03%
3626  PQ641315     2.53%    passed     35.42%
3627  PV087409     2.53%    passed     45.65%
3628  MZ026965     6.41%    passed     45.03%
3629  MN502892     6.41%    passed     41.70%
3630  MN503065     6.41%    passed     42.69%
3631  MN502917     6.41%    passed     45.03%
3632  MN502993     6.41%    passed     44.08%
3633  MN503038     6.41%    passed     44.08%
3634  MN502960     6.41%    passed     39.85%
3635  MN502961     6.41%    passed     22.38%
3636  MN502964     6.41%    passed     31.70%
3637  MZ265142     2.53%    passed     32.93%
3638  KU311160     2.59%    passed     31.31%
3639  LC122857     2.53%    passed     23.41%
3640  KM036378     2.53%    passed     34.87%
3641  KJ131167     2.53%    passed     34.87%
3642  KJ131168     2.53%    passed     34.87%
3643  KJ131170     2.53%    passed     34.87%
3644  KJ131173     2.53%    passed     34.87%
3645  KJ131169     2.53%    passed     34.87%
3646  KJ131171     2.53%    passed     34.87%
3647  KJ131174     2.53%    passed     34.87%
3648  KJ131172     2.53%    passed     31.97%
3649  KJ131175     2.53%    passed     32.92%
3650  KM386681     2.53%    passed     37.85%
3651  MW305533     2.53%    passed     46.26%
3652  MW305537     2.53%    passed     57.45%
3653  KM036379     2.53%    passed     41.66%
3654  MZ268406     2.65%    passed     37.29%
3655  KM386680     2.53%    passed     50.36%
3656  MW009068     2.53%    passed     15.17%
3657  MW009072     2.53%    passed     15.17%
3658  MW009069     2.53%    passed     15.17%
3659  MF802552     2.53%    passed     28.25%
3660  MF802553     2.53%    passed     26.53%
3661  MF802554     2.53%    passed     28.25%
3662  LC122858     2.53%    passed     61.15%
3663  LC122859     2.53%    passed     58.95%
3664  KJ196277     2.53%    passed     69.51%
3665  KM386679     6.78%    passed     65.71%
3666  MN502836     6.41%    passed     43.85%
3667  MT754282     2.53%    passed     48.18%
3668  MW305658     2.53%    passed     53.63%
3669  KJ196288     2.53%    passed     52.65%
3670  MW305580     2.53%    passed     28.31%
3671  MW305695     2.53%    passed     21.26%
3672  JN699044     2.53%    passed     22.92%
3673  MN502843     6.41%    passed     64.75%
3674  HM596590     2.53%    passed     38.06%
3675  OR065073     2.90%    passed     94.27%
3676  DQ366347     2.90%    passed     80.36%
3677  PV876281     1.85%    passed     40.45%
3678  PX458475     1.85%    passed     78.22%
3679  PX458476     1.85%    passed     78.22%
3680  LC769703     1.85%    passed     74.56%
3681  OP205554     1.85%    passed     42.55%
3682  MG892908     1.85%    passed     46.40%
3683  PX733019     2.03%    passed     56.83%
3684  PX733020     2.03%    passed     63.97%
3685  MT720841     1.85%    passed     56.12%
3686  LC597111     1.85%    passed     46.04%
3687  LC597119     1.85%    passed     46.04%
3688  LC597126     1.85%    passed     42.55%
3689  LC597113     1.85%    passed     53.61%
3690  LC597122     1.85%    passed     47.65%
3691  MK762559     1.85%    passed     65.36%
3692  MK762560     1.85%    passed     66.95%
3693  MH702283     4.00%    passed     51.55%
3694  MK396778     1.91%    passed     56.06%
3695  MH702276     1.91%    passed     48.71%
3696  MH702277     1.85%    passed     47.22%
3697  KM036380     1.85%    passed     48.75%
3698  MZ268407     1.85%    passed     65.27%
3699  MZ268408     1.85%    passed     61.70%
3700  MW305714     1.85%    passed     61.70%
3701  MK775031     1.85%    passed     49.58%
3702  KC832470    10.41%    passed     58.10%
3703  KC832471    10.41%    passed     58.10%
3704  KC832473    10.41%    passed     54.75%
3705  KC832472    10.41%    passed     55.78%
3706  MW305678     1.85%    passed     53.78%
3707  KY210920     1.85%    passed     66.03%
3708  MK752947     1.85%    passed     54.45%
3709  MN503017     5.73%    passed     69.28%
3710  MN503063     5.73%    passed     72.19%
3711  KY406985     1.85%    passed     59.76%
3712  KY406986     1.85%    passed     63.37%
3713  KY406982     1.85%    passed     55.81%
3714  KY406984     1.85%    passed     50.64%
3715  KY406983     1.85%    passed     56.23%
3716  KY653724     1.85%    passed     49.34%
3717  MT526278     1.85%    passed     61.89%
3718  KY947548     1.85%    passed     71.92%
3719  MK752946     1.85%    passed     59.82%
3720  MK753008     1.85%    passed     58.34%
3721  MK764014     1.85%    passed     58.34%
3722  MK753010     1.85%    passed     54.73%
3723  MK753009     1.85%    passed     58.34%
3724  MK754443     1.85%    passed     56.15%
3725  MK753020     1.85%    passed     53.61%
3726  MK762745     1.85%    passed     60.15%
3727  MK762565     1.85%    passed     47.47%
3728  MN503082     5.73%    passed     83.59%
3729  LC122832     1.85%    passed     61.82%
3730  AB809984     4.25%    passed     57.90%
3731  AB809985     2.77%    passed     66.91%
3732  AB809987     1.97%    passed     51.21%
3733  AB809990     1.97%    passed     57.88%
3734  AB809989     4.87%    passed     47.93%
3735  AB810000     4.87%    passed     43.71%
3736  AB809995     4.07%    passed     57.05%
3737  AB809993     2.34%    passed     62.67%
3738  AB809988     2.59%    passed     69.07%
3739  AB809994     2.59%    passed     61.14%
3740  AB809992     2.83%    passed     75.76%
3741  AB809996     2.90%    passed     62.92%
3742  AB810001     2.90%    passed     61.92%
3743  AB809999     5.24%    passed     50.71%
3744  AB809986     2.40%    passed     60.54%
3745  AB809991     2.16%    passed     56.26%
3746  AB809997     2.83%    passed     57.29%
3747  AB809998     4.19%    passed     63.11%
3748  AB810014     2.71%    passed     73.14%
3749  AB810003     2.77%    passed     56.96%
3750  AB810009     4.44%    passed     45.20%
3751  AB810011     2.59%    passed     58.56%
3752  AB810013     4.62%    passed     46.67%
3753  AB810004     3.57%    passed     52.21%
3754  AB810005     4.44%    passed     42.08%
3755  AB810007     4.93%    passed     44.05%
3756  AB810006     3.33%    passed     57.86%
3757  MH608287     1.85%    passed     49.22%
3758  OR713748     1.85%    passed     66.10%
3759  MN502833     5.73%    passed     65.81%
3760  JN899242     1.85%    passed     69.91%
3761  MH218651     1.85%    passed     69.57%
3762  MH702263     1.85%    passed     75.20%
3763  MN394543     1.85%    passed     59.02%
3764  MN394545     1.85%    passed     77.70%
3765  AB809977     2.09%    passed     76.30%
3766  AB809978     1.85%    passed     66.30%
3767  AB809975     2.65%    passed     70.65%
3768  AB809976     1.85%    passed     67.33%
3769  AB809979     1.85%    passed     86.03%
3770  KJ196276     1.85%    passed     14.05%
3771  AB809973     1.97%    failed      2.58%
3772  AB809974     1.97%    failed      2.78%
3773  MW305577     1.85%    passed     22.42%
3774  PX458519     1.66%    passed     48.78%
3775  PQ610214     1.66%    passed     38.20%
3776  PZ251438     1.66%    passed     43.11%
3777  MZ026899     5.55%    passed     54.83%
3778  MN502853     5.55%    passed     53.86%
3779  MN503014     5.55%    passed     58.55%
3780  KU687019     5.55%    passed     50.54%
3781  MN502985     5.55%    passed     68.49%
3782  MN503040     5.55%    passed     68.49%
3783  MN503032     5.55%    passed     55.42%
3784  MN503020     5.55%    passed     59.44%
3785  MN503026     5.55%    passed     62.80%
3786  KU687022     5.55%    passed     53.86%
3787  MN503054     5.55%    passed     50.78%
3788  KU687018     5.55%    passed     61.48%
3789  KU687020     5.55%    passed     67.52%
3790  KU687021     5.55%    passed     60.50%
3791  MN502880     5.55%    passed     54.36%
3792  MN502916     5.55%    passed     56.06%
3793  KY406949     1.66%    passed     51.72%
3794  KR921939     1.66%    passed     51.72%
3795  KR921942     1.66%    passed     51.72%
3796  KY406950     1.66%    passed     53.47%
3797  KY406952     1.66%    passed     48.13%
3798  KR921940     1.66%    passed     48.13%
3799  KR921941     1.66%    passed     48.13%
3800  KY406951     1.66%    passed     49.78%
3801  KY406953     1.66%    passed     59.05%
3802  KY407199     1.66%    passed     53.32%
3803  KY407201     1.66%    passed     53.32%
3804  KY407202     1.66%    passed     53.32%
3805  KY407200     1.66%    passed     55.57%
3806  KU687017     5.55%    passed     63.21%
3807  MN502897     5.55%    passed     69.70%
3808  MN502980     5.55%    passed     71.60%
3809  MN502991     5.55%    passed     71.60%
3810  MN502855     5.55%    passed     59.55%
3811  MW305711     1.66%    passed     49.78%
3812  MW305712     1.66%    passed     56.07%
3813  MH702285     1.66%    passed     53.47%
3814  KX079488     1.66%    passed     53.32%
3815  MH702282     1.66%    passed     53.47%
3816  KY210925     1.66%    passed     51.18%
3817  KR921935     1.66%    passed     44.60%
3818  KR921936     1.66%    passed     44.60%
3819  KR921937     1.66%    passed     44.60%
3820  KR921938     1.66%    passed     60.23%
3821  MN502997     5.55%    passed     55.70%
3822  MN503036     5.55%    passed     55.70%
3823  MN502889     5.55%    passed     57.51%
3824  MN502906     5.55%    passed     60.50%
3825  MW305706     1.66%    passed     41.07%
3826  MH702279     1.91%    passed     59.77%
3827  MH702257     1.73%    passed     48.51%
3828  MK396776     1.73%    passed     48.51%
3829  MH702264     1.79%    passed     55.60%
3830  MH702268     1.91%    passed     56.25%
3831  MH702280     1.66%    passed     53.32%
3832  MK396771     1.66%    passed     50.04%
3833  MH702278     1.66%    passed     46.70%
3834  MH702281     1.79%    passed     48.87%
3835  KT962982     1.66%    passed     50.95%
3836  KU687014     5.55%    passed     55.60%
3837  MK396773     1.91%    passed     31.83%
3838  MK762720     1.66%    passed     39.33%
3839  KU687012     5.55%    passed     41.81%
3840  KU687023     5.55%    passed     38.76%
3841  KU687024     5.55%    passed     33.96%
3842  KJ196284     1.85%    passed     59.60%
3843  GQ856468     1.85%    passed     60.97%
3844  JN899245     1.85%    passed     69.72%
3845  GU138162     1.85%    passed     70.78%
3846  GU138163     1.85%    passed     70.78%
3847  GU138176     1.85%    passed     74.53%
3848  GU138177     1.85%    passed     74.53%
3849  HM590541     1.85%    passed     72.64%
3850  HM590519     1.85%    passed     79.27%
3851  PZ098700     1.97%    passed     60.67%
3852  MW305593     3.08%    passed     64.66%
3853  MW305595     3.08%    passed     64.66%
3854  MW305596     3.08%    passed     64.66%
3855  MW305597     3.08%    passed     64.66%
3856  MH608285     3.02%    passed     60.81%
3857  PQ273189     2.28%    passed     46.30%
3858  MZ026895     6.16%    passed     18.48%
3859  MN502829     6.16%    passed     16.57%
3860  MN502832     6.16%    passed     19.12%
3861  MN502838     6.16%    passed     18.24%
3862  MN502830     6.16%    passed     12.52%
3863  GQ856469     2.83%    passed     14.62%
3864  MG495083     2.28%    passed     16.47%
3865  MG495082     2.28%    passed     22.21%
3866  NC_044932    2.59%    passed     21.06%
3867  MG706448     2.59%    passed     21.06%
3868  MW305526     2.59%    passed     20.38%
3869  MN453358     2.59%    passed     18.14%
3870  KY496328     2.59%    passed     18.27%
3871  KT290889     2.59%    passed     18.27%
3872  KR232647     2.59%    passed     26.00%
3873  MG495080     2.59%    passed     28.64%
3874  MG551869     2.59%    passed     13.76%
3875  MG495077     2.59%    passed     36.74%
3876  MG495078     2.59%    passed     27.46%
3877  MG754365    11.46%    passed     31.56%
3878  MG572719    10.91%    passed     37.30%
3879  MG572730    10.47%    passed     37.99%
3880  MG572731    10.35%    passed     35.65%
3881  MF352142     2.90%    passed     52.12%
3882  MF352143     4.19%    passed     50.38%
3883  MG572720     2.59%    passed     55.85%
3884  MG572721     2.59%    passed     49.93%
3885  MF352144     3.02%    passed     45.51%
3886  MG572732     3.88%    passed     29.46%
3887  MG572722     2.59%    passed     49.39%
3888  MG572725     2.59%    passed     41.38%
3889  MG572726     2.59%    passed     30.57%
3890  MG572727     2.59%    passed     20.65%
3891  MG572728     2.59%    passed     24.75%
3892  MG572729     2.59%    passed     30.02%
3893  MG572723     2.59%    passed     24.01%
3894  MG572724     2.59%    passed     57.27%
3895  MG495079     2.59%    passed      5.26%
3896  MK733202     2.59%    passed     37.28%
3897  MK733203     2.59%    passed     39.13%
3898  MK733204     2.59%    passed     31.55%
3899  MK733205     2.59%    passed     42.76%
3900  MN453359     2.59%    passed      9.42%
3901  MG495081     2.59%    passed      9.42%
3902  KY225989     2.59%    passed      7.97%
3903  MG495084     2.59%    passed      6.12%
3904  MG495085     2.59%    passed      6.12%
3905  MK733206     2.59%    passed     42.76%
3906  MK733207     2.59%    passed     56.19%
3907  NC_044046    3.76%    passed     98.10%
3908  KJ196291     3.76%    passed     98.10%
3909  AB985418     3.76%    passed     95.29%
3910  PV806172     2.65%    passed     63.22%
3911  PQ100948     2.65%    passed     65.43%
3912  PV806173     2.65%    passed     64.83%
3913  PV806174     2.65%    passed     67.11%
3914  PQ100949     2.65%    passed     66.80%
3915  PQ100945     2.65%    passed     66.75%
3916  PQ100946     2.65%    passed     70.23%
3917  PQ100947     2.65%    passed     58.35%
3918  LC877021     2.65%    passed     65.61%
3919  LC877023     2.65%    passed     66.29%
3920  LC877024     2.65%    passed     65.61%
3921  LC877025     2.65%    passed     68.02%
3922  LC877030     2.65%    passed     62.14%
3923  LC877027     2.65%    passed     63.68%
3924  LC877028     2.65%    passed     63.68%
3925  LC877031     2.65%    passed     70.23%
3926  PQ754430     2.65%    passed     68.02%
3927  PQ754434     2.65%    passed     65.61%
3928  PQ754431     2.65%    passed     72.94%
3929  PQ754433     2.65%    passed     76.02%
3930  PQ754435     2.65%    passed     64.13%
3931  PQ754432     2.65%    passed     73.47%
3932  PQ507186     2.65%    passed     77.43%
3933  LC877026     2.65%    passed     68.02%
3934  PX988095     2.83%    passed     66.36%
3935  PX988096     2.83%    passed     66.36%
3936  PX988097     2.83%    passed     66.36%
3937  PX988098     2.83%    passed     66.36%
3938  PX988099     2.83%    passed     66.36%
3939  PX988100     2.83%    passed     65.68%
3940  PX988101     2.83%    passed     65.68%
3941  PX988108     2.83%    passed     67.99%
3942  PX988109     2.83%    passed     67.99%
3943  PX988110     2.83%    passed     67.99%
3944  PX988111     2.83%    passed     67.99%
3945  PX988118     2.83%    passed     66.36%
3946  PX988120     2.83%    passed     66.36%
3947  PX988121     2.83%    passed     66.36%
3948  PX988122     2.83%    passed     66.36%
3949  PX988123     2.83%    passed     66.36%
3950  PX988124     2.83%    passed     66.36%
3951  PX988125     2.83%    passed     66.36%
3952  PX988126     2.83%    passed     66.36%
3953  PX988119     2.83%    passed     66.36%
3954  PX988102     2.83%    passed     66.83%
3955  PX988103     2.83%    passed     66.83%
3956  PX988104     2.83%    passed     66.83%
3957  PX988127     2.83%    passed     71.51%
3958  PX988128     2.83%    passed     71.51%
3959  PX988129     2.83%    passed     71.51%
3960  PX988105     2.83%    passed     65.43%
3961  PX988106     2.83%    passed     65.43%
3962  PX988107     2.83%    passed     65.43%
3963  PX988114     2.83%    passed     70.87%
3964  PX988115     2.83%    passed     70.87%
3965  PX988116     2.83%    passed     70.87%
3966  PX988117     2.83%    passed     70.87%
3967  PX988112     2.83%    passed     71.51%
3968  PX988113     2.83%    passed     71.51%
3969  PQ507173     2.65%    passed     68.72%
3970  PQ594187     2.65%    passed     65.55%
3971  LC877029     2.65%    passed     61.51%
3972  LC877033     2.65%    passed     63.47%
3973  LC877034     2.65%    passed     60.31%
3974  LC877032     2.65%    passed     63.08%
3975  LC877022     2.65%    passed     64.72%
3976  PQ100943     2.65%    passed     74.93%
3977  PQ100944     2.65%    passed     68.02%
3978  MW305550     2.65%    passed     57.28%
3979  MW305552     2.65%    passed     57.28%
3980  MW305562     2.65%    passed     64.99%
3981  MH218661     2.65%    passed     61.16%
3982  PX631122     2.46%    passed     75.87%
3983  PX988092     2.83%    passed     63.12%
3984  PX988093     2.83%    passed     63.12%
3985  PX988094     2.83%    passed     63.12%
3986  PQ754436     2.65%    passed     58.75%
3987  MH218692     2.65%    passed     60.32%
3988  MZ292759     2.65%    passed     45.30%
3989  MN502815     6.53%    passed     65.85%
3990  KJ196295     2.65%    passed     55.55%
3991  MW305709     2.65%    passed     57.05%
3992  MW305710     2.65%    passed     54.05%
3993  LC122889     2.65%    passed     48.94%
3994  LC122887     2.65%    passed     57.21%
3995  LC122888     2.65%    passed     57.21%
3996  MW305675     2.65%    passed     28.39%
3997  MW305677     2.65%    passed     33.63%
3998  MN502847     6.53%    passed     67.88%
3999  MZ546182     2.65%    passed     68.80%
4000  MW284776     2.65%    passed     43.20%
4001  MW284778     2.65%    passed     43.20%
4002  MW284784     2.65%    passed     43.20%
4003  MW284777     2.65%    passed     43.20%
4004  MF140645     2.65%    passed     40.32%
4005  MF140646     2.65%    passed     41.23%
4006  MF140647     2.65%    passed     38.45%
4007  MF140648     2.65%    passed     40.08%
4008  MH279829     2.65%    passed     50.56%
4009  MZ478135     2.65%    passed     49.20%
4010  MZ478138     2.65%    passed     50.56%
4011  MZ478137     2.65%    passed     49.20%
4012  MN038126     2.65%    passed     61.43%
4013  MW305620     2.65%    passed     68.64%
4014  MW305707     2.65%    passed     48.85%
4015  MW305721     2.65%    passed     63.12%
4016  MW305713     2.65%    passed     53.25%
4017  MH218658     2.65%    passed     63.34%
4018  GQ849129     2.65%    passed     45.16%
4019  GQ849130     2.65%    passed     43.91%
4020  MW305602     2.65%    passed     48.69%
4021  MW305603     2.65%    passed     48.69%
4022  MW305606     2.65%    passed     48.69%
4023  MW305605     2.65%    passed     67.90%
4024  LC122890     2.65%    passed     57.96%
4025  MH279833     2.65%    passed     44.63%
4026  KC832474     2.65%    passed     63.14%
4027  GU385891    17.56%    passed     69.53%
4028  GU385892    17.56%    passed     72.18%
4029  MH279830     2.65%    passed     59.40%
4030  MN502816     6.53%    passed     53.47%
4031  MN502827     6.53%    passed     52.30%
4032  LC122886     2.65%    passed     45.72%
4033  GU134965     2.65%    passed     57.56%
4034  KT943504     2.65%    passed     52.58%
4035  KT943505     2.65%    passed     63.23%
4036  MT731332     2.65%    passed     58.19%
4037  MW305718     2.65%    passed     58.33%
4038  MK762722     2.83%    passed     79.35%
4039  OR821720     1.85%    passed     70.15%
4040  OP205528     2.65%    passed     71.18%
4041  PV844616     2.71%    passed     57.71%
4042  KF006266     2.65%    passed     40.10%
4043  PZ098691     2.65%    passed     23.73%
4044  MW305573     2.65%    passed     49.33%
4045  JN699042     2.65%    passed     49.33%
4046  PX458469     2.34%    passed     59.42%
4047  OP712196     2.34%    passed     73.59%
4048  MW305735     2.34%    passed     67.80%
4049  OP901692     2.34%    passed     51.87%
4050  LC790056     2.34%    passed     62.79%
4051  PX733044    15.71%    passed     56.56%
4052  KM267741    10.35%    passed     63.47%
4053  PX733054     2.53%    passed     66.23%
4054  PX733060     2.53%    passed     66.23%
4055  KM036375     2.34%    passed     57.92%
4056  KM267742     2.34%    passed     65.55%
4057  KM267740     2.34%    passed     48.96%
4058  MK614063     2.34%    passed     63.36%
4059  LC720163     2.34%    passed     46.34%
4060  LC760146     2.53%    passed     68.50%
4061  LC760157     2.53%    passed     68.50%
4062  LC760165     2.53%    passed     62.87%
4063  LC760163     2.53%    passed     56.02%
4064  LC760164     2.53%    passed     56.02%
4065  LC373450     2.34%    passed     72.17%
4066  LC760147     2.53%    passed     50.31%
4067  LC760150     2.53%    passed     64.90%
4068  LC760170     2.53%    passed     59.23%
4069  LC760156     2.53%    passed     61.72%
4070  LC760158     2.53%    passed     61.18%
4071  LC760159     2.53%    passed     60.40%
4072  LC760161     2.53%    passed     67.92%
4073  LC760151     2.53%    passed     48.09%
4074  LC760154     2.53%    passed     48.09%
4075  LC760167     2.53%    passed     57.11%
4076  LC760166     2.53%    passed     67.65%
4077  LC760169     2.53%    passed     67.65%
4078  LC122901     2.34%    passed     63.08%
4079  LC122902     2.34%    passed     64.13%
4080  LC122907     2.34%    passed     74.96%
4081  LC122904     2.34%    passed     57.40%
4082  LC122910     2.34%    passed     55.62%
4083  LC122909     2.34%    passed     67.02%
4084  LC122912     2.34%    passed     59.94%
4085  LC760155     2.53%    passed     53.49%
4086  LC760168     2.53%    passed     88.30%
4087  LC122913     2.34%    passed     73.87%
4088  LC122914     2.34%    passed     54.82%
4089  LC122915     2.34%    passed     49.88%
4090  KX228762     2.34%    passed     45.30%
4091  MT409887     2.34%    passed     61.37%
4092  PV282523     2.34%    passed     57.69%
4093  PV282528     2.34%    passed     57.69%
4094  MH218640     2.34%    passed     62.34%
4095  MH218644     2.34%    passed     62.96%
4096  OL468714     2.34%    passed     65.55%
4097  KU935739     2.34%    passed     61.21%
4098  MG674720     2.34%    passed     53.65%
4099  MH702284     2.34%    passed     62.52%
4100  MH702286     2.34%    passed     62.52%
4101  LC597121     2.34%    passed     38.15%
4102  LC597131     2.34%    passed     26.78%
4103  LC597123     2.34%    passed     41.83%
4104  LC597124     2.34%    passed     43.39%
4105  MF802550     2.34%    passed     31.32%
4106  MH218650     2.34%    passed     53.44%
4107  MH279827     2.34%    passed     55.69%
4108  MH279835     2.34%    passed     54.25%
4109  MH279836     2.34%    passed     51.03%
4110  MH279839     2.34%    passed     54.25%
4111  MH279837     2.34%    passed     43.39%
4112  MH279838     2.34%    passed     43.39%
4113  MT221253     2.34%    passed     53.57%
4114  MT221255     2.34%    passed     53.41%
4115  MT221254     2.34%    passed     47.50%
4116  MT363962     2.34%    passed     47.50%
4117  MG557654     2.34%    passed     36.76%
4118  MW305549     2.34%    passed     66.77%
4119  MW305559     2.34%    passed     63.18%
4120  MW305551     2.34%    passed     70.08%
4121  MW305563     2.34%    passed     64.03%
4122  MW305554     2.34%    passed     43.34%
4123  MW305556     2.34%    passed     51.98%
4124  MW305635     2.34%    passed     59.94%
4125  MW305561     2.34%    passed     59.94%
4126  MW305638     2.34%    passed     66.65%
4127  MH260487     2.34%    passed     61.12%
4128  MH260510     2.34%    passed     61.12%
4129  MH791993     2.34%    passed     62.91%
4130  MH279824     2.34%    passed     61.12%
4131  LC726059     2.34%    passed     65.17%
4132  LC771967     2.34%    passed     53.66%
4133  KY406918     2.34%    passed     37.70%
4134  KY406921     2.34%    passed     63.08%
4135  LC133338     2.34%    passed     59.31%
4136  LC133342     2.34%    passed     57.69%
4137  KY406920     2.34%    passed     58.48%
4138  KY407213     2.34%    passed     79.42%
4139  KY407214     2.34%    passed     76.32%
4140  KY407215     2.34%    passed     76.32%
4141  KY407216     2.34%    passed     76.32%
4142  KY406919     2.34%    passed     47.77%
4143  MZ026938     6.22%    passed     60.58%
4144  MN502947     6.22%    passed     65.91%
4145  MN503074     6.22%    passed     60.16%
4146  MN503077     6.22%    passed     70.99%
4147  MZ026952     6.22%    passed     61.54%
4148  MN502920     6.22%    passed     54.91%
4149  MZ026975     6.22%    passed     55.82%
4150  MZ026976     6.22%    passed     60.35%
4151  MN502915     6.22%    passed     72.60%
4152  MN503001     6.22%    passed     53.82%
4153  MN502974     6.22%    passed     44.38%
4154  ON706296     2.34%    passed     72.01%
4155  KX158281     2.34%    passed     68.81%
4156  MH279828     2.34%    passed     68.31%
4157  KY424341     2.34%    passed     69.69%
4158  KY424342     2.34%    passed     69.69%
4159  KY424343     2.34%    passed     69.69%
4160  KY424344     2.34%    passed     69.69%
4161  OR069405     2.34%    passed     77.28%
4162  MH218639     2.34%    passed     78.38%
4163  MH702288     2.34%    passed     58.41%
4164  MN248514     2.34%    passed     73.93%
4165  MN248516     2.40%    passed     72.31%
4166  MN248517     2.83%    passed     81.57%
4167  MN248515     4.19%    passed     67.34%
4168  MW305740     2.40%    passed     46.25%
4169  MH218641     2.34%    passed     44.50%
4170  OR793081     2.34%    passed     43.06%
4171  PP267273     2.34%    passed     63.18%
4172  PV282510     2.34%    passed     24.14%
4173  PV282518     2.34%    passed     20.28%
4174  PV282511     2.34%    passed     17.22%
4175  PV282517     2.34%    passed     23.56%
4176  PX458535     2.34%    passed     46.42%
4177  MH218687     2.34%    passed     66.00%
4178  MW305611     2.34%    passed     46.57%
4179  MW305598     2.34%    passed     36.89%
4180  MW305741     2.34%    passed     40.75%
4181  LC760142     2.53%    passed     30.61%
4182  LC122924     2.34%    passed     29.84%
4183  LC122925     2.34%    passed     29.84%
4184  LC122926     2.34%    passed     32.60%
4185  LC122927     2.34%    passed     32.60%
4186  LC122928     2.34%    passed     32.60%
4187  LC122929     2.34%    passed     27.19%
4188  LC122930     2.34%    passed     29.84%
4189  LC122931     2.34%    passed     32.60%
4190  LC122933     2.34%    passed     35.45%
4191  LC122932     2.34%    passed     25.52%
4192  HQ169542     2.34%    passed     56.51%
4193  LC122923     2.34%    passed     77.84%
4194  JX984945     2.34%    passed     50.40%
4195  JX984949     2.34%    passed     45.58%
4196  JX984953     2.34%    passed     60.48%
4197  JX989075     2.34%    passed     60.48%
4198  MW305739     2.34%    passed     64.12%
4199  JN699041     2.34%    passed     64.12%
4200  GU930737     2.22%    passed     39.24%
4201  OR536442     2.46%    passed     73.72%
4202  MF140676     2.46%    passed     66.76%
4203  MF140677     2.46%    passed     64.22%
4204  MF140678     2.46%    passed     59.78%
4205  MF140679     2.46%    passed     59.78%
4206  PP661666     2.46%    passed     37.15%
4207  PQ273187     2.34%    passed     37.83%
4208  OP690425     2.34%    passed     34.63%
4209  OP690426     2.34%    passed     34.63%
4210  OQ702253     2.34%    passed     39.32%
4211  OQ702254     2.34%    passed     33.14%
4212  LC760171     2.53%    passed     39.16%
4213  LC760172     2.53%    passed     36.27%
4214  LC760173     2.53%    passed     29.93%
4215  LC122891     2.34%    passed     45.78%
4216  KM267743     2.34%    passed     46.88%
4217  MZ026898     6.22%    passed     52.69%
4218  MZ026998     6.22%    passed     41.86%
4219  MN502856     6.22%    passed     43.79%
4220  MN503016     6.22%    passed     63.96%
4221  MN503029     6.22%    passed     52.33%
4222  MN502849     6.22%    passed     42.06%
4223  MN502862     6.22%    passed     50.76%
4224  MN502886     6.22%    passed     54.63%
4225  MN502898     6.22%    passed     63.93%
4226  MN502894     6.22%    passed     60.19%
4227  MN502979     6.22%    passed     52.91%
4228  MN503041     6.22%    passed     52.91%
4229  MN503024     6.22%    passed     60.30%
4230  MN502902     6.22%    passed     37.98%
4231  MN502998     6.22%    passed     41.16%
4232  MN503037     6.22%    passed     41.16%
4233  MN503025     6.22%    passed     41.94%
4234  MN502978     6.22%    passed     30.55%
4235  MN503042     6.22%    passed     30.55%
4236  MN502882     6.22%    passed     60.30%
4237  MN502911     6.22%    passed     64.53%
4238  MN502912     6.22%    passed     64.19%
4239  MZ026896     6.22%    passed     58.05%
4240  MN502826     6.22%    passed     56.97%
4241  MN502828     6.22%    passed     55.72%
4242  MN502835     6.22%    passed     56.14%
4243  MN502840     6.22%    passed     64.02%
4244  MN502834     6.22%    passed     45.22%
4245  KM198530     2.34%    passed     82.89%
4246  KM198549     2.34%    passed     81.43%
4247  KM198531     2.34%    passed     61.01%
4248  PV258471     2.34%    passed     24.59%
4249  PV258472     2.34%    passed     24.59%
4250  OR051903     2.34%    passed     40.99%
4251  MZ265480     2.34%    passed     48.08%
4252  MW305614     2.34%    passed     73.08%
4253  LC760143     2.53%    passed     75.69%
4254  LC760144     2.53%    passed     52.57%
4255  LC122896     2.34%    passed     56.22%
4256  LC122893     2.34%    passed     45.69%
4257  LC122894     2.34%    passed     68.77%
4258  LC122895     2.34%    passed     61.37%
4259  GU969054     2.34%    passed     57.44%
4260  GU969055     2.34%    passed     65.55%
4261  GU969056     2.34%    passed     65.27%
4262  GU969057     2.34%    passed     61.23%
4263  HM633213     2.34%    passed     54.68%
4264  AB758451     2.34%    passed     58.17%
4265  LC122892     2.34%    passed     66.57%
4266  KM461690     5.73%    passed     60.19%
4267  AB682736     2.34%    passed     55.02%
4268  LC760145     2.53%    passed     66.74%
4269  LC122897     2.34%    passed     62.32%
4270  MH218645     2.34%    passed     65.73%
4271  MH218673     2.34%    passed     65.73%
4272  LC122898     2.34%    passed     79.57%
4273  LC122899     2.34%    passed     79.15%
4274  KC464321     2.34%    passed     48.90%
4275  PV282529     2.34%    passed     59.16%
4276  MW305564     2.34%    passed     36.70%
4277  PV553834     2.34%    passed     66.86%
4278  MW661274     2.34%    passed     75.68%
4279  MW661275     2.34%    passed     75.68%
4280  MT731279     2.34%    passed     73.10%
4281  MK956197     2.34%    passed     73.59%
4282  MK956198     2.34%    passed     72.70%
4283  MK956199     2.34%    passed     69.64%
4284  MN416946     2.34%    passed     76.55%
4285  MN416944     2.34%    passed     69.32%
4286  MN502921     6.22%    passed     77.52%
4287  PV746280     2.34%    passed     65.73%
4288  MK301293     2.34%    passed     22.53%
4289  MW305737     2.34%    passed     56.21%
4290  KY424345     2.34%    passed     56.21%
4291  KY424346     2.40%    passed     61.28%
4292  KY424348     2.40%    passed     62.11%
4293  KY424347     2.53%    passed     59.53%
4294  PX732944     2.28%    passed     80.47%
4295  MZ265418     2.09%    passed     77.44%
4296  KM461694     4.50%    passed     87.54%
4297  LC122916     2.09%    passed     74.79%
4298  KM461693     4.19%    passed     93.90%
4299  MW305704     2.09%    passed     69.43%
4300  MN503002     5.98%    passed     84.51%
4301  MN503028     5.98%    passed     68.97%
4302  MN503015     5.98%    passed     82.00%
4303  MN503003     6.10%    passed     82.33%
4304  MN502987     5.98%    passed     87.88%
4305  MH279832     2.09%    passed     92.63%
4306  MH279834     2.09%    passed     82.19%
4307  MH279831     2.09%    passed     82.03%
4308  MW305555     2.09%    passed     43.95%
4309  PX988130     2.28%    passed     91.65%
4310  PX988131     2.28%    passed     91.65%
4311  PX988132     2.28%    passed     91.65%
4312  PX988133     2.28%    passed     91.65%
4313  PX988134     2.28%    passed     91.65%
4314  PX988135     2.28%    passed     78.61%
4315  PX988136     2.28%    passed     78.61%
4316  PX988137     2.28%    passed     78.61%
4317  PX988138     2.28%    passed     78.61%
4318  PX988139     2.28%    passed     78.61%
4319  PX988140     2.28%    passed     88.46%
4320  PX988141     2.28%    passed     88.46%
4321  PX988142     2.28%    passed     88.46%
4322  PX988143     2.28%    passed     88.46%
4323  PX988144     2.28%    passed     88.46%
4324  PX988145     2.28%    passed     88.46%
4325  PX988146     2.28%    passed     85.88%
4326  PX988147     2.28%    passed     85.88%
4327  PX988148     2.28%    passed     85.88%
4328  PX988149     2.28%    passed     85.88%
4329  PX988150     2.28%    passed     85.88%
4330  PX988151     2.28%    passed     85.88%
4331  PX988152     2.28%    passed     85.88%
4332  PX988153     2.28%    passed     85.88%
4333  PX988154     2.28%    passed     85.88%
4334  PX988155     2.28%    passed     85.88%
4335  PX988156     2.28%    passed     85.88%
4336  PX988157     2.28%    passed     85.88%
4337  PX988158     2.28%    passed     85.88%
4338  PZ240465     2.09%    passed     86.28%
4339  PZ240467     2.09%    passed     82.96%
4340  PP267271     2.09%    passed     83.08%
4341  PZ240466     2.09%    passed     90.38%
4342  PQ740334     2.09%    passed     89.90%
4343  PQ740335     2.09%    passed     86.84%
4344  PP267274     2.09%    passed     86.28%
4345  PQ740333     2.16%    passed     88.97%
4346  PZ240463     2.09%    passed     83.72%
4347  PZ240464     2.09%    passed     89.29%
4348  MT158850     2.09%    passed     88.78%
4349  PQ740337     2.09%    passed     89.82%
4350  PQ740336     2.09%    passed     88.78%
4351  MW243610     2.16%    passed     95.35%
4352  MH114014     4.00%    passed     92.56%
4353  MZ026997     5.98%    passed     91.70%
4354  MZ027009     5.98%    passed     86.34%
4355  KM461695    14.73%    passed     97.17%
4356  MT227816     2.09%    passed     83.55%
4357  MW305613     2.09%    passed     82.03%
4358  MW305615     2.09%    passed     91.79%
4359  MW305616     2.09%    passed     90.46%
4360  MW305529     2.09%    passed     76.91%
4361  MW305531     2.09%    passed     76.91%
4362  MW305532     2.09%    passed     79.64%
4363  KM198498     2.09%    passed     77.93%
4364  KM198534     2.09%    passed     81.95%
4365  JN183165     2.16%    passed     91.20%
4366  KP064098     2.09%    passed     87.14%
4367  ON706286     2.09%    passed     79.94%
4368  ON706287     2.09%    passed     79.94%
4369  ON706288     2.09%    passed     79.94%
4370  ON706294     2.09%    passed     79.94%
4371  LC760176     2.28%    passed     85.86%
4372  LC760177     2.28%    passed     75.59%
4373  LC760179     2.28%    passed     80.82%
4374  LC760178     2.28%    passed     91.15%
4375  LC122917     2.09%    passed     83.17%
4376  LC122918     2.09%    passed     79.08%
4377  LC760174     2.28%    passed     59.54%
4378  KX752057     2.09%    passed     67.46%
4379  KM198519     2.22%    passed     71.88%
4380  ON706290     2.09%    passed     83.27%
4381  ON706295     2.09%    passed     79.94%
4382  MW305511     2.09%    passed     90.05%
4383  MW305523     2.09%    passed     89.21%
4384  MW305544     2.09%    passed     86.12%
4385  MW305540     2.09%    passed     87.70%
4386  MW305547     2.09%    passed     87.70%
4387  MW305599     2.09%    passed     85.66%
4388  PX732959     2.34%    passed     82.36%
4389  MW305736     2.09%    passed     78.77%
4390  OM386672     2.09%    passed     89.74%
4391  MW661284     2.09%    passed     87.24%
4392  MH260511     4.87%    passed     83.46%
4393  MT227832     2.09%    passed     89.62%
4394  LC122919     2.09%    passed     95.25%
4395  PQ740332     2.09%    passed     92.45%
4396  MZ027007     5.98%    passed     97.99%
4397  MZ027050     5.98%    passed     95.81%
4398  LC122920     2.09%    passed     78.70%
4399  LC122921     2.09%    passed     77.43%
4400  LC122922     2.09%    passed     92.85%
4401  MW363197     2.09%    passed     80.64%
4402  MW363198     2.09%    passed     69.99%
4403  PZ251437     2.09%    passed     73.27%
4404  MW305571     2.09%    passed     70.58%
4405  MW305581     2.09%    passed     72.75%
4406  KC576910     2.09%    passed     72.75%
4407  JN699035     2.09%    passed     72.75%
4408  JN699036     2.09%    passed     70.58%
4409  JX846927     2.09%    passed     97.23%
4410  LC760175     2.28%    passed     70.78%
4411  PV174239     2.09%    passed     60.03%
4412  PV174245     2.09%    passed     62.96%
4413  PV553832     2.09%    passed     63.23%
4414  PV174243     2.09%    passed     59.24%
4415  PV174244     2.09%    passed     51.28%
4416  OR793097     2.46%    passed     91.07%
4417  MW305719     2.46%    passed     89.06%
4418  MW305722     2.46%    passed     92.50%
4419  MK614060     2.46%    passed     87.57%
4420  OR797349     2.46%    passed     92.35%
4421  OR797473     2.46%    passed     92.35%
4422  MN502922     6.35%    passed     80.20%
4423  OR069406     2.46%    passed     91.89%
4424  OL898513     2.46%    passed     95.95%
4425  MK641589     2.46%    passed     98.49%
4426  LC535110     2.46%    passed     95.97%
4427  LC556388     2.65%    passed     90.01%
4428  LC556389     2.65%    passed     90.01%
4429  LC556391     2.65%    passed     88.24%
4430  LC556390     2.65%    passed     90.01%
4431  LC556392     2.65%    passed     88.24%
4432  MZ026991     6.35%    passed     65.05%
4433  MK588004     2.46%    passed     69.79%
4434  MZ026902     6.35%    passed     80.98%
4435  MN502990     6.35%    passed     83.38%
4436  MN503045     6.35%    passed     83.38%
4437  MN502858     6.35%    passed     78.72%
4438  MN502878     6.35%    passed     77.22%
4439  MN502883     6.35%    passed     79.46%
4440  MN502905     6.35%    passed     85.24%
4441  MN503071     6.35%    passed     82.13%
4442  MN503070     6.35%    passed     77.60%
4443  MN503058     6.35%    passed     82.42%
4444  MN502865     6.35%    passed     80.11%
4445  MN502867     6.35%    passed     78.46%
4446  MN502919     6.35%    passed     68.77%
4447  MN502948     6.47%    passed     66.51%
4448  MN502966     6.35%    passed     79.88%
4449  MZ272053     2.46%    passed     96.11%
4450  MZ272475     2.46%    passed     96.11%
4451  GU017900     2.46%    passed     96.32%
4452  GU017901     2.46%    passed     96.32%
4453  GU017902     2.46%    passed     96.32%
4454  GU017904     2.46%    passed     96.35%
4455  GU017908     2.46%    passed     96.32%
4456  GU017906     2.46%    passed     96.32%
4457  GU017907     2.46%    passed     96.75%
4458  GU594162     2.46%    passed     96.35%
4459  GU017905     2.46%    passed     96.35%
4460  GU017903     2.46%    passed     93.53%
4461  MW305663     2.46%    passed     94.99%
4462  LC122875     2.46%    passed     94.07%
4463  LC122877     2.46%    passed     86.50%
4464  LC122876     2.46%    passed     92.90%
4465  MW305667     2.46%    passed     93.33%
4466  MW305668     2.46%    passed     94.31%
4467  MW305685     2.46%    passed     94.31%
4468  MW305686     2.46%    passed     94.31%
4469  MW305687     2.46%    passed     94.31%
4470  MW305689     2.46%    passed     94.31%
4471  MW305688     2.46%    passed     94.31%
4472  LC122860     2.46%    passed     93.33%
4473  LC122864     2.46%    passed     93.36%
4474  MW305691     2.46%    passed     93.36%
4475  LC122867     2.46%    passed     93.08%
4476  LC122861     2.46%    passed     94.07%
4477  MW305694     2.46%    passed     93.19%
4478  MW305690     2.46%    passed     94.92%
4479  MW305692     2.46%    passed     94.92%
4480  MW305693     2.46%    passed     95.05%
4481  LC122878     2.46%    passed     95.05%
4482  MW305679     2.46%    passed     91.36%
4483  MW305681     2.46%    passed     91.36%
4484  LC122868     2.46%    passed     94.34%
4485  MW305670     2.46%    passed     94.82%
4486  LC122862     2.46%    passed     92.81%
4487  LC122863     2.46%    passed     92.57%
4488  MW305674     2.46%    passed     91.36%
4489  LC122870     2.46%    passed     89.98%
4490  MW305669     2.46%    passed     93.36%
4491  MW305671     2.46%    passed     93.80%
4492  LC122869     2.46%    passed     93.36%
4493  MW305683     2.46%    passed     92.81%
4494  MW305684     2.46%    passed     93.19%
4495  LC122874     2.46%    passed     91.83%
4496  MW305672     2.46%    passed     93.33%
4497  MW305673     2.46%    passed     93.33%
4498  LC122865     2.46%    passed     92.64%
4499  LC122866     2.46%    passed     93.36%
4500  LC122871     2.46%    passed     93.08%
4501  LC122873     2.46%    passed     93.36%
4502  LC122872     2.46%    passed     93.36%
4503  LC122879     2.46%    passed     92.11%
4504  LC720166     2.53%    passed     93.77%
4505  MW305664     2.46%    passed     93.33%
4506  MW305665     2.46%    passed     94.34%
4507  MW305666     2.46%    passed     94.34%
4508  LC122880     2.46%    passed     93.36%
4509  MW305700     2.46%    passed     92.97%
4510  LC122881     2.46%    passed     93.46%
4511  LC122882     2.46%    passed     95.21%
4512  MK850443     2.46%    passed     93.22%
4513  MW305698     2.46%    passed     89.61%
4514  LC720165     2.46%    passed     89.39%
4515  LC122885     2.46%    passed     89.39%
4516  KJ196278     2.46%    passed     91.19%
4517  KJ196297     2.46%    passed     92.73%
4518  LC122883     2.46%    passed     89.74%
4519  LC122884     2.46%    passed     89.91%
4520  LC133340     9.49%    passed     90.05%
4521  GQ856465     2.46%    passed     93.25%
4522  MN502818     6.35%    passed     89.37%
4523  MN502820     6.35%    passed     88.54%
4524  MW305518     2.46%    passed     90.75%
4525  MW305519     2.46%    passed     87.17%
4526  MN502812     6.35%    passed     92.39%
4527  MH279826     2.46%    passed     96.61%
4528  MW305648     2.46%    passed     98.90%
4529  PV553833     2.46%    passed     92.63%
4530  OR536443     2.46%    passed     54.12%
4531  OR536444     2.46%    passed     60.69%
4532  OR536445     2.46%    passed     45.08%
4533  OR536446     2.46%    passed     43.63%
4534  OR536447     2.46%    passed     43.48%
4535  OR536448     2.46%    passed     43.19%
4536  OR536449     2.46%    passed     59.63%
4537  OR536450     2.46%    passed     52.83%
4538  OR536455     2.46%    passed     46.49%
4539  OR536451     2.46%    passed     48.87%
4540  OR536452     2.46%    passed     49.14%
4541  OR536453     2.46%    passed     54.35%
4542  OR536454     2.46%    passed     51.52%
4543  OR536456     2.46%    passed     51.10%
4544  OR536457     2.46%    passed     49.54%
4545  OR536458     2.46%    passed     74.72%
4546  OR536459     2.46%    passed     71.45%
4547  OR536460     2.46%    passed     59.36%
4548  OR536462     2.46%    passed     52.48%
4549  OR536463     2.46%    passed     52.48%
4550  OR536465     2.46%    passed     55.79%
4551  OR536461     2.46%    passed     48.13%
4552  OR536464     2.46%    passed     42.92%
4553  KM289171     7.15%    passed     73.95%
4554  MW305730     2.46%    passed     94.40%
4555  MW305569     2.22%    passed     71.82%
4556  MW305576     2.22%    passed     45.92%
4557  JN699038     2.22%    passed     45.92%
4558  PX353865     2.65%    passed     83.27%
4559  PZ143332     2.65%    passed     68.89%
4560  MZ026970     6.35%    passed     56.60%
4561  MN503085     6.35%    passed     40.76%
4562  MN502942     6.35%    passed     47.02%
4563  MN502923     6.35%    passed     49.05%
4564  MN502955     6.35%    passed     38.07%
4565  MN502965     6.35%    passed     45.80%
4566  MN503079     6.35%    passed     42.48%
4567  MN502931     6.35%    passed     38.07%
4568  MN502976     6.35%    passed     49.05%
4569  MN502952     6.35%    passed     50.30%
4570  MN502957     6.35%    passed     47.19%
4571  MN502938     6.35%    passed     59.60%
4572  MN502944     6.35%    passed     44.71%
4573  MN502940     6.35%    passed     26.31%
4574  MZ312111     2.46%    passed     38.14%
4575  MN502822     6.35%    passed     37.16%
4576  MW305516     2.46%    passed     36.23%
4577  MW305520     2.46%    passed     33.11%
4578  MW305514     2.46%    passed     47.00%
4579  MN502850     6.35%    passed     32.02%
4580  PX733033     2.40%    passed     89.03%
4581  OP686904     2.22%    passed     81.45%
4582  OR546394     2.22%    passed     86.17%
4583  OR546395     2.22%    passed     91.02%
4584  MZ026906     6.10%    passed     95.55%
4585  MZ026908     6.10%    passed     97.61%
4586  MZ026916     6.10%    passed     97.61%
4587  MZ026940     6.10%    passed     96.15%
4588  MN502941     6.10%    passed     96.73%
4589  MZ026917     6.10%    passed     94.13%
4590  MZ027031     6.10%    passed     94.85%
4591  MZ026918     6.10%    passed     95.65%
4592  MN502890     6.10%    passed     95.60%
4593  MN502852     6.10%    passed     96.21%
4594  MN502962     6.10%    passed     93.18%
4595  MN502970     6.10%    passed     94.82%
4596  MZ033219     6.10%    passed     96.74%
4597  MN502954     6.10%    passed     93.93%
4598  MN502899     6.10%    passed     94.16%
4599  MZ027030     6.10%    passed     93.93%
4600  MZ033217     6.10%    passed     96.40%
4601  MN502881     6.10%    passed     96.73%
4602  MN502983     6.10%    passed     95.55%
4603  MN503039     6.10%    passed     95.55%
4604  MN503031     6.10%    passed     98.51%
4605  MN503010     6.10%    passed     97.29%
4606  MZ033218     6.10%    passed     97.77%
4607  MN502904     6.10%    passed     96.75%
4608  MN502908     6.10%    passed     97.77%
4609  MN502968     6.10%    passed     97.60%
4610  MN502893     6.10%    passed     96.99%
4611  MZ033220     6.10%    passed     96.95%
4612  MZ033222     6.10%    passed     94.82%
4613  MN503080     6.10%    passed     96.00%
4614  MN502864     6.10%    passed     94.98%
4615  MN503013     6.10%    passed     94.98%
4616  MN503056     6.10%    passed     95.80%
4617  MN503053     6.10%    passed     94.90%
4618  MN502992     6.10%    passed     93.99%
4619  MN503055     6.10%    passed     95.63%
4620  MZ026943     6.10%    passed     95.06%
4621  MZ026946     6.10%    passed     89.32%
4622  MN502975     6.10%    passed     89.32%
4623  MZ033225     6.10%    passed     94.05%
4624  MZ027039     6.10%    passed     87.74%
4625  MZ033190     6.10%    passed     92.69%
4626  MN502949     6.10%    passed     89.36%
4627  MN502929     6.10%    passed     90.39%
4628  MN502935     6.10%    passed     94.10%
4629  MN502863     6.10%    passed     96.72%
4630  MN503052     6.10%    passed     94.85%
4631  MZ026924     6.10%    passed     91.79%
4632  MZ026931     6.10%    passed     91.79%
4633  MZ026925     6.10%    passed     94.42%
4634  MZ026926     6.10%    passed     95.35%
4635  MZ026928     6.10%    passed     92.18%
4636  MZ026932     6.10%    passed     91.74%
4637  MN502932     6.10%    passed     93.22%
4638  MN502924     6.10%    passed     96.03%
4639  MZ026927     6.10%    passed     92.18%
4640  MZ026929     6.10%    passed     92.49%
4641  MZ026930     6.10%    passed     96.61%
4642  MZ027040     6.10%    passed     89.36%
4643  MZ027041     6.10%    passed     89.36%
4644  MZ026949     6.10%    passed     96.21%
4645  MZ026954     6.10%    passed     97.06%
4646  MZ026996     6.10%    passed     97.88%
4647  MZ026956     6.10%    passed     96.78%
4648  MZ026962     6.10%    passed     97.40%
4649  MZ033228     6.10%    passed     97.61%
4650  MZ033241     6.10%    passed     96.41%
4651  MZ033240     6.10%    passed     96.41%
4652  MZ026969     6.10%    passed     97.64%
4653  MZ026987     6.10%    passed     98.22%
4654  MZ027044     6.10%    passed     97.46%
4655  MZ033235     6.10%    passed     97.27%
4656  MZ026999     6.10%    passed     96.03%
4657  MZ033185     6.10%    passed     96.73%
4658  MZ033189     6.10%    passed     96.03%
4659  MZ033244     6.10%    passed     96.16%
4660  MZ033229     6.10%    passed     96.48%
4661  MZ027035     6.10%    passed     97.61%
4662  MZ033239     6.10%    passed     97.61%
4663  MZ033237     6.10%    passed     96.95%
4664  MZ027037     6.10%    passed     97.96%
4665  MZ026974     6.10%    passed     96.60%
4666  MZ033233     6.10%    passed     96.03%
4667  MZ033187     6.10%    passed     95.85%
4668  MZ033188     6.10%    passed     95.85%
4669  MZ033232     6.10%    passed     95.07%
4670  MZ033242     6.10%    passed     97.77%
4671  MZ033230     6.10%    passed     97.25%
4672  MZ033234     6.10%    passed     93.96%
4673  MZ026967     6.10%    passed     95.07%
4674  MZ027003     6.10%    passed     97.29%
4675  MZ027010     6.10%    passed     96.27%
4676  MZ033243     6.10%    passed     95.55%
4677  MZ027012     6.10%    passed     94.18%
4678  MZ027013     6.10%    passed     97.61%
4679  MZ027049     6.10%    passed     93.59%
4680  MZ033238     6.10%    passed     93.90%
4681  MZ033236     6.10%    passed     97.22%
4682  MZ026958     6.10%    passed     96.03%
4683  MZ026971     6.10%    passed     88.13%
4684  MZ026993     6.10%    passed     97.73%
4685  MZ026957     6.10%    passed     92.09%
4686  MZ026994     6.10%    passed     97.22%
4687  MZ027018     6.10%    passed     97.04%
4688  MZ033223     6.10%    passed     96.31%
4689  MZ027036     6.10%    passed     90.35%
4690  MN502958     6.10%    passed     92.41%
4691  MW661257     2.22%    passed     86.67%
4692  MK213549     2.22%    passed     86.67%
4693  KY406948     2.22%    passed     81.17%
4694  MN502913     6.10%    passed     93.97%
4695  MZ292794     2.22%    passed     93.66%
4696  PX988083     2.40%    passed     91.12%
4697  PX988084     2.40%    passed     91.12%
4698  PX988085     2.40%    passed     91.12%
4699  PX988086     2.40%    passed     91.12%
4700  PX988087     2.40%    passed     91.12%
4701  PX988088     2.40%    passed     91.12%
4702  PX988089     2.40%    passed     91.12%
4703  PX988090     2.40%    passed     91.12%
4704  PX988091     2.40%    passed     91.12%
4705  PQ754429     2.28%    passed     90.55%
4706  PV416744     2.22%    passed     88.48%
4707  PP645198     2.22%    passed     89.91%
4708  PP645199     2.22%    passed     89.91%
4709  OR546399     2.22%    passed     89.91%
4710  OR546400     2.22%    passed     89.91%
4711  OR546398     2.22%    passed     88.26%
4712  OR546396     2.22%    passed     66.00%
4713  OR546391     2.22%    passed     81.80%
4714  OR546392     2.22%    passed     81.41%
4715  MN996298     2.22%    passed     81.80%
4716  OR546393     2.22%    passed     76.99%
4717  OR546397     2.22%    passed     86.77%
4718  MN525215     6.10%    passed     94.42%
4719  MN525217     6.10%    passed     89.65%
4720  MN502817     6.10%    passed     97.06%
4721  PV843154     2.53%    passed     54.44%
4722  OP729310     2.53%    passed     71.65%
4723  OP729311     2.53%    passed     71.65%
4724  OP729312     2.53%    passed     71.65%
4725  OP729313     2.53%    passed     71.65%
4726  OP729314     2.53%    passed     71.65%
4727  OQ682536     2.77%    passed     96.33%
4728  EU072235     2.77%    passed     95.38%
4729  PQ626688     1.66%    passed     55.89%
4730  OR050582     1.66%    passed     63.04%
4731  OR050583     1.66%    passed     63.04%
4732  OR050584     1.66%    passed     63.04%
4733  OR050585     1.66%    passed     63.04%
4734  OR050586     1.66%    passed     63.04%
4735  MT703831     1.66%    passed     58.72%
4736  MN227772     1.66%    passed     68.21%
4737  MN227773     1.66%    passed     68.21%
4738  MN227777     1.66%    passed     57.38%
4739  OK247589     1.66%    passed     44.09%
4740  OK247590     1.66%    passed     46.37%
4741  OL685293     1.66%    passed     47.59%
4742  OL685301     1.66%    passed     47.59%
4743  OL685294     1.66%    passed     47.59%
4744  OL685295     1.66%    passed     47.59%
4745  OL685298     1.66%    passed     47.59%
4746  OL685302     1.66%    passed     47.59%
4747  OL685300     1.66%    passed     48.06%
4748  OL685296     1.66%    passed     47.59%
4749  OL685297     1.66%    passed     47.59%
4750  OL685303     1.66%    passed     46.96%
4751  OL685304     1.66%    passed     46.96%
4752  OL685299     1.66%    passed     47.59%
4753  PQ740278     1.66%    passed     56.76%
4754  MN227771     1.66%    passed     51.58%
4755  MN227774     1.66%    passed     49.57%
4756  KU954108     1.66%    passed     49.92%
4757  MN462922     1.66%    passed     50.33%
4758  MN473468     1.66%    passed     50.33%
4759  MW228040     1.66%    passed     39.47%
4760  MN227770     1.66%    passed     40.11%
4761  MN227776     1.66%    passed     42.49%
4762  LC567100     1.66%    passed     38.73%
4763  MT707683     1.66%    passed     52.42%
4764  MH202748     1.66%    passed     36.52%
4765  MT010298     1.66%    passed     46.01%
4766  MT010299     1.66%    passed     44.31%
4767  OP811331     1.73%    passed     42.43%
4768  MN227775     1.66%    passed     62.65%
4769  MK762723     1.66%    passed     69.74%
4770  NC_044045    1.66%    passed     48.34%
4771  KJ196290     1.66%    passed     48.34%
4772  MW261798     1.66%    passed     56.20%
4773  MW261799     1.66%    passed     56.20%
4774  LC048991     1.66%    passed     42.51%
4775  MW261787     1.66%    passed     46.48%
4776  MW261788     1.66%    passed     50.08%
4777  MW261789     1.66%    passed     50.08%
4778  MW261791     1.66%    passed     50.08%
4779  MW261793     1.66%    passed     54.19%
4780  MW261794     1.66%    passed     54.19%
4781  MW261796     1.66%    passed     50.08%
4782  MW261797     1.66%    passed     50.08%
4783  MW261800     1.66%    passed     50.08%
4784  MW261795     1.66%    passed     46.03%
4785  MW261790     1.66%    passed     50.56%
4786  MW261792     1.66%    passed     50.56%
4787  KY510434     1.66%    passed     25.46%
4788  GQ856474     1.66%    passed     48.37%
4789  OR905889     1.36%    passed     14.24%
4790  PQ467814     1.36%    passed     35.92%
4791  PQ467815     1.36%    passed     24.04%
4792  PQ467816     1.36%    passed     24.37%
4793  PQ467819     1.36%    passed     24.37%
4794  PQ467817     1.36%    passed     31.28%
4795  PQ467818     1.36%    passed     29.08%
4796  PQ467807     1.60%    failed      1.24%
4797  PQ467808     1.60%    failed      0.95%
4798  PQ467809     1.60%    failed      2.14%
4799  PQ467810     1.60%    failed      2.14%
4800  PQ467811     1.60%    failed      1.03%
4801  PQ467812     1.60%    failed      1.83%
4802  PQ467813     1.60%    failed      1.50%
4803  LC509011     1.60%    failed      0.26%
4804  HQ392821     1.60%    failed      0.44%
4805  HM346627     1.60%    failed      0.56%
4806  MN567957     1.60%    failed      0.05%
4807  MG572714     2.96%    failed      0.01%
4808  PZ043822     2.09%    failed      0.00%
4809  PZ043823     2.09%    failed      0.00%
4810  PZ043825     2.09%    failed      0.00%
4811  OQ848746     2.09%    failed      0.00%
4812  MW662289     2.09%    failed      0.01%
4813  JF939046     2.09%    failed      0.04%
4814  MW939576     2.09%    failed      0.03%
4815  MW945229     2.09%    failed      0.06%
4816  FJ875027     2.09%    failed      0.00%
4817  PZ043824     2.09%    failed      0.00%
4818  PZ043826     2.09%    failed      0.00%
4819  MT256404     2.09%    failed      0.00%
4820  MT256408     2.09%    failed      0.00%
4821  MT256409     2.09%    failed      0.00%
4822  ON595847     2.09%    failed      0.00%
4823  MT256410     2.09%    failed      0.00%
4824  LC389583     2.09%    failed      0.00%
4825  NC_045762    2.09%    failed      0.00%
4826  JF781268     2.09%    failed      0.00%
4827  ON595846     2.09%    failed      0.00%
4828  MT256405     2.09%    failed      0.00%
4829  MT256406     2.09%    failed      0.00%
4830  MT256407     2.09%    failed      0.00%
4831  MN912824     2.09%    failed      0.67%
4832  MK067288     2.09%    failed      0.33%
4833  MK067290     2.09%    failed      0.18%
4834  MK067291     2.09%    failed      0.18%
4835  PV418613     2.46%    failed      0.00%
4836  PV418615     2.46%    failed      0.00%
4837  PV418614     2.46%    failed      0.00%
4838  PV418616     2.46%    failed      0.00%
4839  PV418617     2.46%    failed      0.00%
4840  KY486329     2.46%    failed      0.00%
4841  JF930689     2.46%    failed      0.00%
4842  GQ443611     2.46%    failed      0.00%
4843  MN897757     2.28%    failed      0.00%
4844  MN897759     2.28%    failed      0.00%
4845  MN908340     2.28%    failed      0.00%
4846  MN897758     2.28%    failed      0.00%
4847  MN897760     2.28%    failed      0.00%
4848  MK067295     2.28%    failed      0.00%
4849  MK067296     3.64%    failed      0.00%
4850  MK067297     3.64%    failed      0.00%
4851  KT245136     2.28%    failed      0.00%
4852  PQ182552     3.45%    failed      0.00%
4853  NC_029647    3.14%    passed     42.53%
4854  JQ613567     3.14%    passed     42.53%
4855  KC894731     3.14%    passed     36.84%
4856  MT232232     3.14%    passed     34.00%
4857  KT030674     3.14%    passed     28.73%
4858  MK726262     3.14%    passed     35.72%
4859  FM865412     3.14%    passed     54.40%
4860  JQ970479     3.14%    passed     26.07%
4861  LC101824     3.14%    passed     16.79%
4862  NC_044855    3.88%    passed     24.08%
4863  KX907728     3.88%    passed     24.08%
4864  MG572715     4.25%    failed      0.00%
4865  MG572716     4.25%    failed      0.00%
4866  KY486328     2.16%    failed      0.06%
4867  PV418618     5.48%    failed      0.00%
4868  NC_044047    5.48%    failed      0.00%
4869  FJ692500     5.48%    failed      0.00%
4870  FJ692501     5.48%    failed      0.00%
4871  OL757872     5.36%    failed      0.03%
4872  OP930878     8.69%    failed      0.00%
4873  KJ790198     6.10%    failed      0.00%
4874  MF373609     7.46%    failed      0.00%
4875  PV053516    10.10%    failed      0.00%
4876  OM991740    10.10%    failed      0.00%
4877  OM991839    10.10%    failed      0.00%
4878  KX189069    10.17%    failed      0.00%
4879  KX189067    10.10%    failed      0.00%
4880  OK032546     9.80%    failed      0.00%
4881  MK159169     9.80%    failed      0.00%
4882  MK159174     9.80%    failed      0.00%
4883  MK159172     9.80%    failed      0.00%
4884  MK159173     9.80%    failed      0.00%
4885  MK159170     9.80%    failed      0.00%
4886  MK159171     9.80%    failed      0.00%
4887  PV839786     5.11%    passed     76.45%
4888  PP594195     4.99%    passed     76.29%
4889  MT031988     4.99%    passed     73.71%
4890  PZ176369     4.99%    passed     39.79%
4891  OP162337     4.99%    passed     63.63%
4892  MN922649     6.59%    passed     53.56%
4893  MN922654     6.59%    passed     50.60%
4894  MN922655     6.59%    passed     50.60%
4895  MN922667     6.59%    passed     52.17%
4896  MN922659     6.59%    passed     60.30%
4897  MN922663     6.59%    passed     52.53%
4898  MN922664     6.59%    passed     52.53%
4899  MN922665     6.59%    passed     52.53%
4900  MN922670     6.59%    passed     61.83%
4901  MN922671     6.59%    passed     61.83%
4902  MN922672     6.59%    passed     61.83%
4903  MN922673     6.59%    passed     61.83%
4904  MN922674     6.59%    passed     54.37%
4905  MN922696     6.59%    passed     58.13%
4906  MN922697     6.59%    passed     58.13%
4907  MN922710     6.59%    passed     61.83%
4908  MN922688     6.59%    passed     58.13%
4909  MN922689     6.59%    passed     54.37%
4910  MN922703     6.59%    passed     54.37%
4911  MN922712     6.59%    passed     58.13%
4912  MN922699     6.59%    passed     58.43%
4913  MN922711     6.59%    passed     60.30%
4914  MN922681     6.59%    passed     58.13%
4915  MN922687     6.59%    passed     52.53%
4916  MN922692     6.59%    passed     62.30%
4917  MN922695     6.59%    passed     56.85%
4918  MN922707     6.59%    passed     58.14%
4919  MN922706     6.59%    passed     56.67%
4920  MN922686     6.59%    passed     59.52%
4921  MN922662     6.59%    passed     62.04%
4922  MN922666     6.59%    passed     60.30%
4923  MN922677     6.59%    passed     56.85%
4924  MN922669     6.59%    passed     65.93%
4925  MN922718     6.59%    passed     63.06%
4926  MN922650     6.59%    passed     52.05%
4927  MN922653     6.59%    passed     50.60%
4928  MN922690     6.59%    passed     46.85%
4929  MN922678     6.59%    passed     59.19%
4930  MN922668     6.59%    passed     47.38%
4931  MN922691     6.59%    passed     51.54%
4932  MN922652     6.59%    passed     43.44%
4933  MN922657     6.59%    passed     43.44%
4934  MN922656     6.59%    passed     39.96%
4935  LC720153     4.99%    passed     53.90%
4936  LC720154     4.99%    passed     48.30%
4937  LC720156     4.99%    passed     48.30%
4938  MW305500     4.99%    passed     52.94%
4939  MH218647     4.99%    passed     74.03%
4940  MH218727     4.99%    passed     70.46%
4941  MH218724     4.99%    passed     52.86%
4942  MH218725     4.99%    passed     50.02%
4943  MH218726     4.99%    passed     56.80%
4944  MH218728     4.99%    passed     57.63%
4945  MK789654     4.99%    passed     41.55%
4946  LC378984     5.18%    passed     55.97%
4947  LC378985     5.18%    passed     51.12%
4948  MW590347     4.99%    passed     52.05%
4949  MW590348     4.99%    passed     50.03%
4950  MW600279     4.99%    passed     46.54%
4951  MW600284     4.99%    passed     55.12%
4952  MT089578     4.99%    passed     37.24%
4953  MT089579     4.99%    passed     37.24%
4954  MT089580     4.99%    passed     37.24%
4955  NC_039897    4.99%    passed     44.10%
4956  KJ196292     4.99%    passed     44.10%
4957  KP064096     5.36%    passed     57.54%
4958  MN448477     4.99%    passed     60.36%
4959  LC122719     4.99%    passed     64.10%
4960  LC122718     4.99%    passed     38.83%
4961  JQ743330     4.99%    passed     66.27%
4962  MW305489     4.99%    passed     28.35%
4963  MW305509     4.99%    passed     28.35%
4964  MW305510     4.99%    passed     28.78%
4965  MW305490     4.99%    passed     28.78%
4966  KJ194510     4.99%    passed     65.35%
4967  MH608286     5.05%    passed     82.82%
4968  FJ711163     4.99%    passed     74.84%
4969  FJ711164     4.99%    passed     74.58%
4970  MG557650     4.99%    passed     45.92%
4971  OR792775     5.18%    passed     78.01%
4972  OR084254     5.18%    passed     75.77%
4973  OR084255     5.18%    passed     75.77%
4974  MT008455     5.18%    passed     73.29%
4975  MN922709     6.78%    passed     79.65%
4976  MN922713     6.78%    passed     79.63%
4977  MN922714     6.78%    passed     82.73%
4978  MN922721     6.78%    passed     80.51%
4979  MN922738     6.78%    passed     80.51%
4980  MN922682     6.78%    passed     59.77%
4981  MN922683     6.78%    passed     56.02%
4982  MZ462929     5.18%    passed     71.45%
4983  MZ462930     5.18%    passed     76.26%
4984  MZ462932     5.18%    passed     71.45%
4985  MZ462931     5.18%    passed     76.26%
4986  OP162334     5.18%    passed     84.63%
4987  MK073887     5.18%    passed     71.45%
4988  MK073892     5.18%    passed     74.67%
4989  MK073893     5.18%    passed     74.67%
4990  MT451991     5.18%    passed     82.09%
4991  MT526277     5.18%    passed     82.09%
4992  MT526276     5.18%    passed     82.09%
4993  MW445537     5.18%    passed     72.26%
4994  MZ021603     5.18%    passed     84.61%
4995  MZ021612     5.18%    passed     84.61%
4996  MZ021627     5.18%    passed     84.57%
4997  MN494945     5.18%    passed     82.63%
4998  MN495010     5.18%    passed     80.44%
4999  MN495016     5.18%    passed     80.44%
5000  MZ021631     5.18%    passed     82.63%
5001  MZ021610     5.18%    passed     92.09%
5002  MZ021626     5.18%    passed     85.34%
5003  MZ021614     5.18%    passed     78.01%
5004  MN494998     5.18%    passed     73.29%
5005  MN495006     5.18%    passed     70.59%
5006  MZ021615     5.18%    passed     88.18%
5007  MZ021636     5.18%    passed     92.55%
5008  MZ021640     5.18%    passed     72.26%
5009  MZ021641     5.18%    passed     90.39%
5010  MH218721     4.99%    passed     81.42%
5011  MH218723     4.99%    passed     86.12%
5012  MT372466     5.18%    passed     88.33%
5013  MT372467     5.18%    passed     92.09%
5014  MW305491     5.18%    passed     73.28%
5015  JN699050     5.18%    passed     73.28%
5016  MW305492     5.18%    passed     93.06%
5017  MW305493     5.18%    passed     94.33%
5018  JN699048     5.18%    passed     94.33%
5019  JN699049     5.18%    passed     93.06%
5020  MW558948     5.36%    passed     11.51%
5021  MN494916     5.36%    passed     10.88%
5022  MN494918     5.36%    passed     12.25%
5023  MN494917     5.36%    passed     15.68%
5024  MN494919     5.36%    passed     12.45%
5025  MN494929     5.36%    passed     17.19%
5026  MN494963     5.36%    passed     17.35%
5027  LC720155     5.36%    passed     12.64%
5028  MZ021600     5.36%    passed     11.01%
5029  MZ021601     5.36%    passed     12.21%
5030  MN494965     5.36%    passed     11.12%
5031  MN494936     5.36%    passed      9.74%
5032  MN494964     5.36%    passed      9.88%
5033  MZ021905     5.36%    passed     13.23%
5034  MN494935     5.36%    passed     12.01%
5035  MN494939     5.36%    passed     12.01%
5036  MN494974     5.36%    passed     14.39%
5037  MZ021602     5.36%    passed     10.64%
5038  MN494970     5.36%    passed      9.40%
5039  MN494966     5.36%    passed     13.93%
5040  MN494969     5.36%    passed     14.50%
5041  MN494978     5.36%    passed     14.59%
5042  MZ021618     5.36%    passed     23.76%
5043  MZ021909     5.36%    passed     23.05%
5044  MN494984     5.36%    passed     23.21%
5045  MN495004     5.36%    passed     23.21%
5046  MN494971     5.36%    passed     22.79%
5047  MN494973     5.36%    passed     22.79%
5048  MN494938     5.36%    passed     25.02%
5049  MN494992     5.36%    passed     28.37%
5050  LC122715     5.36%    passed     20.83%
5051  LC122717     5.36%    passed     20.83%
5052  MT372468     5.36%    passed     22.79%
5053  MT372463     5.36%    failed      4.56%
5054  MT372470     5.36%    failed      4.87%
5055  MN494955     5.36%    passed     10.00%
5056  MN494956     5.36%    passed     11.24%
5057  LC122714     5.36%    passed     13.61%
5058  GQ856470     5.36%    passed     31.34%
5059  JN183164     6.72%    passed     16.53%
5060  JN603244     5.36%    passed     18.73%
5061  MW305494     5.36%    passed     17.90%
5062  MW305495     5.36%    passed     17.90%
5063  KM289169     9.98%    failed      0.92%
5064  PX986560     5.30%    passed     31.44%
5065  PX986561     5.30%    passed     31.69%
5066  PP564824     5.11%    passed     39.82%
5067  PP584624     5.11%    passed     32.54%
5068  PQ582089     5.11%    passed     39.82%
5069  PP663093     5.11%    passed     25.44%
5070  PQ632216     5.11%    passed     25.44%
5071  PQ632217     5.11%    passed     25.44%
5072  MN922741     6.72%    passed     14.61%
5073  MN922742     6.72%    passed     18.90%
5074  LC769687     5.11%    passed     17.79%
5075  LC769710     5.11%    passed     20.10%
5076  LC769711     5.11%    passed     22.06%
5077  LC769690     5.11%    passed     33.84%
5078  MZ021642     5.11%    passed     20.79%
5079  MZ021646     5.11%    passed     26.68%
5080  MZ021910     5.11%    passed     23.44%
5081  MZ021649     5.11%    passed     17.73%
5082  MZ021660     5.11%    passed     18.07%
5083  MZ021661     5.11%    passed     19.09%
5084  MZ021651     5.11%    passed     28.92%
5085  MZ021645     5.11%    passed     20.84%
5086  LC848163     5.11%    passed     25.01%
5087  LC848164     5.11%    passed     27.28%
5088  OR792774     5.11%    passed     38.62%
5089  MN922675     6.72%    passed     49.97%
5090  MN922701     6.72%    passed     44.49%
5091  MN922725     6.72%    passed     40.38%
5092  MN922735     6.72%    passed     42.51%
5093  MN922728     6.72%    passed     41.18%
5094  MN922684     6.72%    passed     45.82%
5095  MN922731     6.72%    passed     45.82%
5096  MN922719     6.72%    passed     49.14%
5097  MN922726     6.72%    passed     51.42%
5098  MN922737     6.72%    passed     49.14%
5099  MN922685     6.72%    passed     45.82%
5100  MN922730     6.72%    passed     40.38%
5101  MN922733     6.72%    passed     51.42%
5102  MN922720     6.72%    passed     40.38%
5103  MN922722     6.72%    passed     40.38%
5104  MN922723     6.72%    passed     42.51%
5105  MN922724     6.72%    passed     42.51%
5106  MN922727     6.72%    passed     40.38%
5107  MN922739     6.72%    passed     40.38%
5108  MN922729     6.72%    passed     45.82%
5109  MN922740     6.72%    passed     34.76%
5110  MN922680     6.72%    passed     43.55%
5111  MN922676     6.72%    passed     45.82%
5112  MN922693     6.72%    passed     45.88%
5113  MN922694     6.72%    passed     45.88%
5114  MN922679     6.72%    passed     37.25%
5115  MN922734     6.72%    passed     45.56%
5116  MN922736     6.72%    passed     43.55%
5117  MN922705     6.72%    passed     41.16%
5118  MN922732     6.72%    passed     40.45%
5119  MZ021604     5.11%    passed     61.70%
5120  MZ021605     5.11%    passed     52.59%
5121  MN495001     5.11%    passed     52.59%
5122  MN494983     5.11%    passed     56.12%
5123  MN494996     5.11%    passed     56.12%
5124  MZ021637     5.11%    passed     52.59%
5125  MN494942     5.11%    passed     56.12%
5126  MZ021609     5.11%    passed     61.70%
5127  MZ021628     5.11%    passed     50.89%
5128  MZ021647     5.11%    passed     53.92%
5129  MN495017     5.11%    passed     56.12%
5130  MN494946     5.11%    passed     49.05%
5131  MN494994     5.11%    passed     54.53%
5132  MN494985     5.11%    passed     52.59%
5133  MN495007     5.11%    passed     52.57%
5134  MZ021633     5.11%    passed     52.59%
5135  MZ021908     5.11%    passed     48.81%
5136  MZ021907     5.11%    passed     56.30%
5137  MN494988     5.11%    passed     50.89%
5138  MN494947     5.11%    passed     49.38%
5139  MN494944     5.11%    passed     52.59%
5140  MN494999     5.11%    passed     50.89%
5141  MN494982     5.11%    passed     56.12%
5142  MN495009     5.11%    passed     50.46%
5143  MZ021632     5.11%    passed     54.53%
5144  MZ021621     5.11%    passed     61.70%
5145  MN495013     5.11%    passed     61.64%
5146  MN494972     5.11%    passed     40.29%
5147  MN494979     5.11%    passed     47.07%
5148  MZ021608     5.11%    passed     59.59%
5149  MZ021643     5.11%    passed     55.96%
5150  MZ021644     5.11%    passed     58.15%
5151  MZ021611     5.11%    passed     53.98%
5152  MZ021613     5.11%    passed     52.54%
5153  MZ021619     5.11%    passed     49.05%
5154  MN494987     5.11%    passed     53.98%
5155  MN494990     5.11%    passed     61.70%
5156  MN525232     5.11%    passed     62.97%
5157  MZ203488     5.11%    passed     48.30%
5158  JQ911594     5.11%    passed     43.35%
5159  GQ856471     5.11%    passed     29.76%
5160  GQ856472     5.11%    passed     21.88%
5161  JN699047     5.11%    passed     17.41%
5162  PX720643     5.36%    passed      6.74%
5163  MT008457     5.30%    passed      7.27%
5164  MN494922     5.30%    passed     11.05%
5165  MN494928     5.30%    passed     10.58%
5166  KT781411     5.30%    passed      9.64%
5167  GQ856473     5.30%    passed     13.24%
5168  MN494953     5.30%    passed     10.07%
5169  OR648469     5.30%    passed     11.64%
5170  MW305507     5.30%    failed      2.59%
5171  PX986539     5.98%    failed      0.98%
5172  PX986540     5.98%    failed      0.98%
5173  PX986541     5.98%    failed      0.98%
5174  PX986542     5.98%    failed      0.98%
5175  PX986543     5.98%    failed      0.98%
5176  PX986544     5.98%    failed      0.98%
5177  PX986545     5.98%    failed      0.98%
5178  PX986546     5.98%    failed      0.98%
5179  PX986547     5.98%    failed      0.98%
5180  PX986549     5.98%    failed      0.98%
5181  PX986550     5.98%    failed      0.98%
5182  PX986551     5.98%    failed      0.98%
5183  PX986552     5.98%    failed      0.98%
5184  PX986554     5.98%    failed      0.98%
5185  PX986555     5.98%    failed      0.98%
5186  PX986556     5.98%    failed      0.98%
5187  PX986557     5.98%    failed      0.98%
5188  PX986559     5.98%    failed      0.98%
5189  PX986548     5.98%    failed      1.21%
5190  PX986553     5.98%    failed      0.95%
5191  PX986558     5.98%    failed      1.00%
5192  ON033826     5.79%    passed      8.43%
5193  MW305506     5.79%    failed      1.91%
5194  LC122713     5.79%    failed      4.93%
5195  MK762573     5.91%    failed      0.00%
5196  KC473548     5.91%    failed      0.01%
5197  GU299761     5.91%    failed      0.01%
5198  GQ856462     5.91%    failed      0.01%
5199  OR065043     6.22%    passed     27.79%
5200  MT357897     6.22%    passed     27.79%
5201  MT357898     6.22%    passed     27.79%
5202  MT357899     6.28%    passed     30.28%
5203  LC646335     6.22%    passed     34.33%
5204  OP162336     6.22%    passed     14.93%
5205  MG557651    10.72%    passed      5.33%
5206  JN183160     7.58%    passed     18.99%
5207  JN183161     7.58%    passed     20.28%
5208  MZ215727     6.28%    passed     27.18%
5209  MG557649    18.98%    passed     49.06%
5210  MW305486     6.28%    passed     24.65%
5211  KU311161     6.28%    passed     15.06%
5212  JN899243     6.28%    passed     25.54%
5213  OM892923     6.22%    passed     15.78%
5214  MN494975     6.22%    passed     18.60%
5215  LC122722     6.22%    passed     14.33%
5216  LC122723     6.22%    passed     14.57%
5217  KX907729     6.22%    passed     17.10%
5218  MT008459     6.22%    passed     16.09%
5219  LC646334     6.22%    passed     12.52%
5220  LC122720     6.22%    passed     19.31%
5221  LC122721     6.22%    passed     17.98%
5222  AB758449     6.22%    passed     17.98%
5223  JN005886     6.22%    passed     33.58%
5224  MH702262     4.81%    passed      6.38%
5225  GU296356     6.04%    failed      2.88%
5226  JN183159     5.98%    failed      2.59%
5227  HQ637267     4.68%    passed      9.62%
5228  AB684671     4.68%    failed      0.31%
5229  PX458189     6.90%    failed      0.23%
5230  PX458204     6.90%    failed      0.23%
5231  PX458209     6.90%    failed      0.23%
5232  PX458264     6.90%    failed      0.23%
5233  PX458203     6.90%    failed      0.23%
5234  PX458251     6.90%    failed      0.23%
5235  PX458196     6.90%    failed      0.23%
5236  PX458206     6.90%    failed      0.23%
5237  PX458242     6.90%    failed      0.23%
5238  PX458252     6.90%    failed      0.23%
5239  PX458210     6.90%    failed      0.23%
5240  PX458194     6.90%    failed      0.23%
5241  PX458237     6.90%    failed      0.23%
5242  PX458269     6.90%    failed      0.23%
5243  PX458277     6.90%    failed      0.23%
5244  PX458247     6.90%    failed      0.23%
5245  PX458268     6.90%    failed      0.23%
5246  PX458191     6.90%    failed      0.23%
5247  PX458243     6.90%    failed      0.23%
5248  PV242313     6.90%    failed      0.23%
5249  PV277014     6.90%    failed      0.23%
5250  PX458214     6.90%    failed      0.23%
5251  PX458232     6.90%    failed      0.23%
5252  PX458219     6.90%    failed      0.23%
5253  PX458212     6.90%    failed      0.23%
5254  PX458270     6.90%    failed      0.23%
5255  PX458198     6.90%    failed      0.23%
5256  PX458221     6.90%    failed      0.23%
5257  PX458266     6.90%    failed      0.23%
5258  PX458265     6.90%    failed      0.23%
5259  PX458200     6.90%    failed      0.26%
5260  PX458220     6.90%    failed      0.23%
5261  PV242302     6.90%    failed      0.23%
5262  PX458201     6.90%    failed      0.21%
5263  PV242316     6.90%    failed      0.23%
5264  PV242318     6.90%    failed      0.23%
5265  PX458205     6.90%    failed      0.23%
5266  PX458216     6.90%    failed      0.23%
5267  PX458225     6.90%    failed      0.23%
5268  PX458228     6.90%    failed      0.23%
5269  PV242315     6.90%    failed      0.23%
5270  PX458248     6.90%    failed      0.23%
5271  PX458250     6.90%    failed      0.23%
5272  PV242306     6.90%    failed      0.23%
5273  PX458273     6.90%    failed      0.23%
5274  PX458274     6.90%    failed      0.23%
5275  PX458275     6.90%    failed      0.23%
5276  PV242304     6.90%    failed      0.23%
5277  PX458279     6.90%    failed      0.23%
5278  PX458199     6.90%    failed      0.21%
5279  PX458211     6.90%    failed      0.23%
5280  PX458231     6.90%    failed      0.23%
5281  PX458213     6.90%    failed      0.23%
5282  PV242300     6.90%    failed      0.23%
5283  PX458271     6.90%    failed      0.23%
5284  PX458263     6.90%    failed      0.23%
5285  PV242303     6.90%    failed      0.23%
5286  PX458192     6.90%    failed      0.23%
5287  PX458223     6.90%    failed      0.23%
5288  PX458280     6.90%    failed      0.23%
5289  PX458195     6.90%    failed      0.23%
5290  PX458245     6.90%    failed      0.23%
5291  PV242309     6.90%    failed      0.23%
5292  PV289253     7.64%    failed      0.23%
5293  PX458260     6.90%    failed      0.23%
5294  PV242301     6.90%    failed      0.23%
5295  PX458190     6.90%    failed      0.23%
5296  PX458193     6.90%    failed      0.23%
5297  PX458246     6.90%    failed      0.23%
5298  PX458207     6.90%    failed      0.23%
5299  PX458227     6.90%    failed      0.23%
5300  PX458241     6.90%    failed      0.23%
5301  PX458229     6.90%    failed      0.23%
5302  PX458215     6.90%    failed      0.23%
5303  PX458240     6.90%    failed      0.23%
5304  KF429770     6.90%    failed      0.23%
5305  KF429773     6.90%    failed      0.23%
5306  KF429761     6.90%    failed      0.23%
5307  KF429774     6.90%    failed      0.23%
5308  KF429789     6.90%    failed      0.23%
5309  KF429783     6.90%    failed      0.23%
5310  JX023285     6.90%    failed      0.23%
5311  KF429765     6.90%    failed      0.23%
5312  PX458272     6.90%    failed      0.23%
5313  PV277015     9.86%    failed      0.50%
5314  PV242299    10.23%    failed      0.09%
5315  KT943503     6.90%    failed      0.23%
5316  LC122688     6.90%    failed      0.05%
5317  LC122689     6.90%    failed      0.36%
5318  KT732279     6.90%    failed      0.21%
5319  MZ021607     7.09%    failed      1.08%
5320  MK956174     6.90%    failed      0.81%
5321  MZ021616     7.09%    failed      0.99%
5322  MZ021634     7.09%    failed      0.86%
5323  MZ021650     7.09%    failed      1.13%
5324  MH638228     6.90%    failed      0.88%
5325  MH638229     6.90%    failed      0.88%
5326  MK956173     6.90%    failed      1.04%
5327  MZ220330     6.90%    failed      0.48%
5328  MZ220331     6.90%    failed      0.48%
5329  MT357991     6.90%    failed      1.05%
5330  MT357992     6.90%    failed      1.18%
5331  MT357993     6.90%    failed      1.02%
5332  PX720642     4.93%    passed     19.83%
5333  PX720644    10.47%    passed     32.76%
5334  MZ021629     4.87%    passed     22.88%
5335  MZ021906     4.87%    passed     22.88%
5336  MN494943     4.87%    passed     21.90%
5337  MN495015     4.87%    passed     19.42%
5338  MN494995     4.87%    passed     25.25%
5339  MN495012     4.87%    passed     23.97%
5340  MZ021638     4.87%    passed     21.21%
5341  MZ021639     4.87%    passed     20.20%
5342  MZ021901     4.87%    passed     14.93%
5343  MN494920     4.87%    passed     20.31%
5344  MZ021902     4.87%    passed     20.31%
5345  MN494924     4.87%    passed     21.61%
5346  MN494961     4.87%    passed     17.06%
5347  MZ021903     4.87%    passed     24.60%
5348  MZ021904     4.87%    passed     18.54%
5349  MN494930     4.87%    passed     23.08%
5350  MN494927     4.87%    passed     23.88%
5351  MN494980     4.87%    passed     23.00%
5352  MN494923     4.87%    passed     20.13%
5353  LC122690     4.87%    passed     22.64%
5354  KU954111     4.87%    passed     20.53%
5355  MZ021623     4.87%    passed     18.29%
5356  PX986526     5.05%    passed     22.17%
5357  PX986527     5.05%    passed     23.04%
5358  PX986528     5.05%    passed     24.55%
5359  PX986529     5.05%    passed     24.55%
5360  PX986530     5.05%    passed     24.55%
5361  PX986531     5.05%    passed     24.55%
5362  PX986532     5.05%    passed     22.96%
5363  PX986533     5.05%    passed     22.96%
5364  PX986534     5.05%    passed     22.96%
5365  PX986535     5.05%    passed     22.96%
5366  PX986536     5.05%    passed     22.96%
5367  PX986537     5.05%    passed     22.96%
5368  PX986538     5.05%    passed     22.96%
5369  JQ743332     4.87%    passed     15.54%
5370  PX720650    10.10%    passed      5.07%
5371  PX720651     5.48%    failed      4.30%
5372  PX720656     5.48%    failed      4.04%
5373  PX720657     5.48%    failed      4.04%
5374  PX720652     5.48%    passed      5.15%
5375  PX720655     5.48%    passed      5.17%
5376  PX720653     5.48%    failed      3.67%
5377  PX720654     5.48%    failed      3.67%
5378  KY210910     5.42%    passed      5.35%
5379  OR267350     5.42%    failed      3.66%
5380  LC726060     5.42%    failed      3.79%
5381  LC726062     5.42%    failed      3.79%
5382  MZ021657     5.42%    failed      4.22%
5383  MN494989     5.42%    failed      3.92%
5384  OP162340     5.42%    passed      5.14%
5385  MK236609     5.42%    failed      3.92%
5386  MK236611     5.42%    failed      3.92%
5387  OR268635     5.42%    passed      5.23%
5388  OR268636     5.42%    passed      5.23%
5389  MT357996     5.42%    passed      5.50%
5390  OP162339     5.42%    passed      5.41%
5391  MT357995     5.42%    failed      4.55%
5392  OR267446     5.42%    failed      3.28%
5393  OR267447     5.42%    failed      3.86%
5394  LC646339     5.42%    failed      2.66%
5395  PQ583776     5.42%    failed      3.20%
5396  MT372477     5.42%    failed      3.69%
5397  MK789656     5.42%    failed      3.84%
5398  KY210909     5.42%    failed      3.98%
5399  KY210911     5.42%    failed      3.98%
5400  MZ227264     5.42%    failed      2.74%
5401  MZ227265     5.42%    failed      2.74%
5402  LC122697     5.42%    failed      3.05%
5403  KY653723     5.42%    passed      5.10%
5404  PX986562     5.61%    passed      5.72%
5405  PX986563     5.61%    passed      5.72%
5406  MT754179     5.42%    failed      3.53%
5407  PQ249007     5.42%    failed      4.05%
5408  KC998959     5.42%    failed      1.68%
5409  PQ583777     5.42%    failed      2.42%
5410  PQ583778     5.42%    failed      2.78%
5411  PQ583779     5.42%    failed      2.27%
5412  JN222366     8.63%    failed      2.09%
5413  JQ388274     5.42%    failed      1.29%
5414  LC122691     5.42%    passed      5.28%
5415  LC122692     5.42%    passed      5.66%
5416  LC122693     5.42%    passed      6.30%
5417  GQ856464     5.42%    passed      5.83%
5418  GQ856463     5.42%    failed      4.10%
5419  KM036372     5.42%    failed      4.84%
5420  LC122694     5.42%    passed      6.12%
5421  LC122695     5.42%    passed      5.88%
5422  LC122696     5.42%    passed      6.55%
5423  KP407451     5.42%    failed      4.66%
5424  KC473547     5.79%    failed      4.83%
5425  JN699045     5.42%    failed      0.78%
5426  PQ585620     5.42%    failed      0.74%
5427  MZ021654     5.42%    failed      1.17%
5428  MZ021911     5.42%    failed      0.97%
5429  MN494925     5.42%    failed      0.53%
5430  MN494931     5.42%    failed      0.44%
5431  MN494932     5.42%    failed      0.59%
5432  MN494926     5.42%    failed      0.50%
5433  MN494968     5.42%    failed      0.53%
5434  MN494933     5.42%    failed      0.62%
5435  MN494962     5.42%    failed      0.92%
5436  MN494934     5.42%    failed      0.42%
5437  MN494959     5.42%    failed      0.69%
5438  MN494937     5.42%    failed      1.04%
5439  LC122701     5.42%    failed      0.86%
5440  LC122702     5.42%    failed      0.29%
5441  LC101822     5.42%    failed      0.91%
5442  PZ251443     5.18%    failed      0.00%
5443  MZ021635     5.18%    failed      0.06%
5444  MZ229330     4.99%    failed      0.01%
5445  MZ229462     4.99%    failed      0.01%
5446  JN183162     6.41%    failed      0.01%
5447  JN183163     6.41%    failed      0.01%
5448  JN603245     6.41%    failed      0.01%
5449  MW305499     4.99%    failed      0.02%
5450  MK956177     4.99%    failed      0.03%
5451  MN416765     4.99%    failed      0.02%
5452  GQ413970     4.99%    failed      0.02%
5453  PV640830     4.99%    failed      0.28%
5454  MT750326     4.99%    failed      0.03%
5455  MT756627     4.99%    failed      0.03%
5456  MT756561     4.99%    failed      0.03%
5457  LC122707     4.99%    failed      0.04%
5458  LC122708     4.99%    failed      0.04%
5459  LC122709     5.30%    failed      0.03%
5460  LC122710     4.99%    failed      0.04%
5461  MT756629     4.99%    failed      0.14%
5462  MT874469     4.99%    failed      0.14%
5463  GQ856475     4.99%    failed      0.08%
5464  MW305504     4.99%    failed      0.08%
5465  LC122705     4.99%    failed      0.08%
5466  LC122704     4.99%    failed      0.06%
5467  LC122703     4.99%    failed      0.08%
5468  KT732281     4.99%    failed      0.09%
5469  LC122706     4.99%    failed      0.08%
5470  LC122712     4.99%    failed      0.14%
5471  KM036381     4.99%    failed      0.18%
5472  MG049693     4.99%    failed      0.10%
5473  MN938460     4.99%    failed      0.10%
5474  MN938461     4.99%    failed      0.10%
5475  OP669384     4.81%    passed     17.00%
5476  MZ021630     4.99%    passed     17.79%
5477  MZ021655     4.99%    passed     16.41%
5478  MN494986     4.99%    passed     15.08%
5479  OP162341     4.81%    passed     17.53%
5480  OR648672     4.81%    passed     20.87%
5481  OL345567     4.81%    passed     13.44%
5482  MN494921     4.99%    passed     16.95%
5483  MN494960     4.99%    passed     16.42%
5484  MN494940     4.99%    passed     17.72%
5485  MN494981     4.99%    passed     18.28%
5486  KP027329     4.99%    passed     17.17%
5487  KT732277     4.81%    passed     15.19%
5488  KT732278     4.81%    passed     15.19%
5489  JN699046     4.99%    passed      6.78%
5490  MW305487     4.81%    failed      4.33%
5491  KJ402295     4.81%    passed      6.87%
5492  MZ021606     4.87%    failed      0.43%
5493  MZ021617     4.87%    failed      0.53%
5494  MN494941     4.87%    failed      0.53%
5495  MN495014     4.87%    failed      0.53%
5496  MN494976     4.87%    failed      0.48%
5497  MZ021652     4.87%    failed      0.29%
5498  MZ021659     4.87%    failed      0.25%
5499  MN494977     4.87%    failed      0.26%
5500  MN495000     4.87%    failed      0.27%
5501  MN494991     4.87%    failed      0.29%
5502  MN494997     4.87%    failed      0.29%
5503  MN495003     4.87%    failed      0.23%
5504  MZ021622     4.87%    failed      0.17%
5505  MN494948     4.87%    failed      0.48%
5506  MN494950     4.87%    failed      0.34%
5507  MN494952     4.87%    failed      0.53%
5508  MN494954     4.87%    failed      0.48%
5509  MN494951     4.87%    failed      0.53%
5510  MN494958     4.87%    failed      0.42%
5511  MN494957     4.87%    failed      0.47%
5512  MN494993     4.87%    failed      0.46%
5513  MN495011     4.87%    failed      1.21%
5514  MT008458     4.68%    failed      0.22%
5515  MT008460     4.68%    failed      0.17%
5516  MN494967     4.87%    failed      0.04%
5517  LC331067     4.87%    failed      0.02%
5518  LC101825     5.24%    failed      0.04%
5519  MN494949     4.99%    passed     35.99%
5520  AB684698     5.91%    failed      0.56%
5521  KP987888     6.41%    failed      0.00%
5522  PP550060     7.02%    failed      0.00%
5523  PP550063     7.02%    failed      0.00%
5524  PP550065     7.02%    failed      0.00%
5525  PP550070     7.02%    failed      0.00%
5526  PP550067     7.02%    failed      0.00%
5527  PP550086     7.02%    failed      0.00%
5528  PP550085     7.02%    failed      0.00%
5529  PP550073     7.02%    failed      0.00%
5530  PP550090     7.02%    failed      0.00%
5531  PP550084     7.02%    failed      0.00%
5532  PP550083     7.02%    failed      0.00%
5533  AB435514     7.02%    failed      0.00%
5534  AB435515     7.02%    failed      0.00%
5535  EU004673     7.02%    failed      0.00%
5536  MF326938     7.02%    failed      0.00%
5537  KR349276     7.02%    failed      0.00%
5538  KF113526     7.21%    failed      0.00%
5539  KF113527     7.21%    failed      0.00%
5540  EU004683     7.21%    failed      0.00%
5541  EU004678     7.02%    failed      0.00%
5542  EU004679     7.02%    failed      0.00%
5543  EU004680     7.02%    failed      0.00%
5544  MT358379     7.02%    failed      0.00%
5545  KX987840     7.02%    failed      0.00%
5546  KY009908     7.02%    failed      0.00%
5547  JF320652     7.02%    failed      0.00%
5548  EU004674     7.02%    failed      0.00%
5549  JF320644     7.02%    failed      0.00%
5550  JF320646     7.02%    failed      0.00%
5551  JF320645     7.02%    failed      0.00%
5552  JF320650     7.02%    failed      0.00%
5553  JF320651     7.02%    failed      0.00%
5554  JF320647     7.02%    failed      0.00%
5555  JF320648     7.02%    failed      0.00%
5556  JF320649     7.02%    failed      0.00%
5557  EU004681     7.02%    failed      0.00%
5558  EU004682     7.09%    failed      0.00%
5559  EU004654     7.02%    failed      0.00%
5560  EU004655     7.02%    failed      0.00%
5561  EU004656     7.02%    failed      0.00%
5562  EU004657     7.02%    failed      0.00%
5563  EU004660     7.02%    failed      0.00%
5564  EU004658     7.02%    failed      0.00%
5565  EU004661     7.02%    failed      0.00%
5566  EU004662     7.02%    failed      0.00%
5567  EU004659     7.02%    failed      0.00%
5568  EU004672     7.02%    failed      0.00%
5569  EU004675     7.02%    failed      0.00%
5570  FJ446720     7.02%    failed      0.00%
5571  EU004677     7.02%    failed      0.00%
5572  EU004663     7.02%    failed      0.00%
5573  EU004665     7.02%    failed      0.00%
5574  EU004667     7.02%    failed      0.00%
5575  EU004666     7.02%    failed      0.00%
5576  EU004669     7.02%    failed      0.00%
5577  EU004668     7.09%    failed      0.00%
5578  EU004670     7.02%    failed      0.00%
5579  EU004664     7.02%    failed      0.00%
5580  EU004671     7.09%    failed      0.00%
5581  EU004676     7.02%    failed      0.00%
5582  EU854589     7.02%    failed      0.00%
5583  FJ446719     7.02%    failed      0.00%
5584  MW018367     7.02%    failed      0.00%
5585  JX048594     7.02%    failed      0.00%
5586  JF320653     7.02%    failed      0.00%
5587  JN975491     7.15%    failed      0.00%
5588  JN975492     7.09%    failed      0.00%
5589  JQ408737     7.21%    failed      0.00%
5590  JQ408738     7.21%    failed      0.00%
5591  PQ678005     9.43%    failed      0.00%
5592  PV605297     9.37%    failed      0.00%
5593  MW174170     7.89%    failed      0.00%
5594  KX189070    44.30%    failed      0.00%
5595  KX189071    44.30%    failed      0.00%
5596  FJ946859    43.25%    failed      0.00%
5597  EU794905    43.25%    failed      0.00%
5598  EU794906    43.25%    failed      0.00%
****  TOTAL        2.45%  419 sequences failed composition chi2 test (p-value<5%; df=3)
NOTE: MH218684 is identical to NC_039477 but kept for subsequent analysis
NOTE: KX354142 is identical to MK754442 but kept for subsequent analysis
NOTE: KX907727 is identical to KY947550 but kept for subsequent analysis
NOTE: KY887603 is identical to KY887602 but kept for subsequent analysis
NOTE: MT537605 is identical to MT238667 but kept for subsequent analysis
NOTE: PX733090 is identical to PX733076 but kept for subsequent analysis
NOTE: MK752934 is identical to MK752933 but kept for subsequent analysis
NOTE: MH260497 is identical to MH260485 but kept for subsequent analysis
NOTE: MH260491 is identical to MH260498 but kept for subsequent analysis
NOTE: PQ195937 is identical to PQ195936 but kept for subsequent analysis
NOTE: MW661280 is identical to MW661279 but kept for subsequent analysis
NOTE: OQ940076 is identical to OQ940075 but kept for subsequent analysis
NOTE: OQ940078 is identical to OP037976 but kept for subsequent analysis
NOTE: OL336364 is identical to OL336352 but kept for subsequent analysis
NOTE: OL336354 is identical to OL336353 but kept for subsequent analysis
NOTE: PP549879 is identical to PP549876 but kept for subsequent analysis
NOTE: PX988161 is identical to PX988160 but kept for subsequent analysis
NOTE: PX988164 is identical to PX988163 but kept for subsequent analysis
NOTE: PX458512 is identical to PX458503 but kept for subsequent analysis
NOTE: PX458515 is identical to PX458500 but kept for subsequent analysis
NOTE: PQ195889 is identical to PQ195887 but kept for subsequent analysis
NOTE: PQ195900 is identical to PQ195899 but kept for subsequent analysis
NOTE: PQ195911 is identical to PQ195910 but kept for subsequent analysis
NOTE: PQ196562 is identical to PQ196561 but kept for subsequent analysis
NOTE: PQ218567 is identical to PQ218566 but kept for subsequent analysis
NOTE: PQ215546 is identical to PQ215543 but kept for subsequent analysis
NOTE: OR700746 is identical to PQ196514 but kept for subsequent analysis
NOTE: PQ195928 is identical to PQ195927 but kept for subsequent analysis
NOTE: PQ195893 is identical to PQ195891 but kept for subsequent analysis
NOTE: LC744881 is identical to LC744880 but kept for subsequent analysis
NOTE: OR084264 is identical to OR084263 but kept for subsequent analysis
NOTE: OM373643 is identical to OM373624 but kept for subsequent analysis
NOTE: MT158859 is identical to MT158858 but kept for subsequent analysis
NOTE: OM372672 is identical to OM372480 but kept for subsequent analysis
NOTE: OR844380 is identical to OR844379 but kept for subsequent analysis
NOTE: KY407144 is identical to KY407143 but kept for subsequent analysis
NOTE: KY679163 is identical to KY679162 but kept for subsequent analysis
NOTE: OM372682 is identical to OM372477 but kept for subsequent analysis
NOTE: PQ740340 is identical to PQ740339 but kept for subsequent analysis
NOTE: LC645998 is identical to LC798258 but kept for subsequent analysis
NOTE: OQ451910 is identical to OQ451906 but kept for subsequent analysis
NOTE: OQ451912 is identical to OQ451911 but kept for subsequent analysis
NOTE: OQ451924 is identical to OQ451913 but kept for subsequent analysis
NOTE: OQ451921 is identical to OQ451908 but kept for subsequent analysis
NOTE: OQ451914 is identical to OQ451909 but kept for subsequent analysis
NOTE: LC726075 is identical to LC699540 but kept for subsequent analysis
NOTE: OQ451919 is identical to OQ451917 but kept for subsequent analysis
NOTE: PV282525 is identical to PV282507 but kept for subsequent analysis
NOTE: LC122830 is identical to LC122829 but kept for subsequent analysis
NOTE: PX733004 is identical to PX732975 but kept for subsequent analysis
NOTE: MZ546178 is identical to MZ546177 but kept for subsequent analysis
NOTE: OP727610 is identical to OP727609 but kept for subsequent analysis
NOTE: KJ196281 is identical to KJ196279 but kept for subsequent analysis
NOTE: LC122823 is identical to LC122803 but kept for subsequent analysis
NOTE: KM258129 is identical to KJ533133 but kept for subsequent analysis
NOTE: LC848170 is identical to LC848168 but kept for subsequent analysis
NOTE: KY407061 is identical to KY407060 but kept for subsequent analysis
NOTE: KF177436 is identical to KF177434 but kept for subsequent analysis
NOTE: OP727613 is identical to OP727612 but kept for subsequent analysis
NOTE: MN308022 is identical to MN308008 but kept for subsequent analysis
NOTE: PQ218468 is identical to PQ218467 but kept for subsequent analysis
NOTE: LC421227 is identical to LC390332 but kept for subsequent analysis
NOTE: PQ195933 is identical to PQ195930 but kept for subsequent analysis
NOTE: OR794207 is identical to OR794161 but kept for subsequent analysis
NOTE: PQ195924 is identical to PQ195923 but kept for subsequent analysis
NOTE: PQ207946 is identical to PQ207921 but kept for subsequent analysis
NOTE: MT362913 is identical to MT362912 but kept for subsequent analysis
NOTE: PQ208326 is identical to PQ208324 but kept for subsequent analysis
NOTE: PQ195886 is identical to PQ195885 but kept for subsequent analysis
NOTE: PQ195947 is identical to PQ195946 but kept for subsequent analysis
NOTE: OP412386 is identical to OP412385 but kept for subsequent analysis
NOTE: PQ195915 is identical to PQ195914 but kept for subsequent analysis
NOTE: MW284782 is identical to MW284781 but kept for subsequent analysis
NOTE: OP727608 is identical to OP727606 but kept for subsequent analysis
NOTE: MK762623 is identical to OL898516 but kept for subsequent analysis
NOTE: MH218611 is identical to MH218610 but kept for subsequent analysis
NOTE: MH218703 is identical to MH218698 but kept for subsequent analysis
NOTE: PQ207917 is identical to PQ207916 but kept for subsequent analysis
NOTE: KX353983 is identical to KX353982 but kept for subsequent analysis
NOTE: KF060075 is identical to KF060068 but kept for subsequent analysis
NOTE: KX354054 is identical to KX354051 but kept for subsequent analysis
NOTE: KC175383 is identical to KM198488 but kept for subsequent analysis
NOTE: PQ207945 is identical to PQ207944 but kept for subsequent analysis
NOTE: PV232418 is identical to PV232417 but kept for subsequent analysis
NOTE: MT028542 is identical to PQ213434 but kept for subsequent analysis
NOTE: PQ207932 is identical to PQ207931 but kept for subsequent analysis
NOTE: OR262327 is identical to OR262326 but kept for subsequent analysis
NOTE: HM802528 is identical to HM802525 but kept for subsequent analysis
NOTE: JX459618 is identical to JX459617 but kept for subsequent analysis
NOTE: JX644029 is identical to JX644025 but kept for subsequent analysis
NOTE: GQ845329 is identical to JQ613513 but kept for subsequent analysis
NOTE: JN400626 is identical to JN400616 but kept for subsequent analysis
NOTE: KX354077 is identical to KX354076 but kept for subsequent analysis
NOTE: EU916959 is identical to EU916957 but kept for subsequent analysis
NOTE: KC792278 is identical to KM245069 but kept for subsequent analysis
NOTE: KJ407076 is identical to KC013592 but kept for subsequent analysis
NOTE: LC016601 is identical to LC016599 but kept for subsequent analysis
NOTE: LC122769 is identical to LC122768 but kept for subsequent analysis
NOTE: HM802549 is identical to HM802548 but kept for subsequent analysis
NOTE: KY424333 is identical to KY424332 but kept for subsequent analysis
NOTE: KY424340 is identical to KY424339 but kept for subsequent analysis
NOTE: JX401279 is identical to MW305696 but kept for subsequent analysis
NOTE: FJ537134 is identical to JX023286 but kept for subsequent analysis
NOTE: MW305545 is identical to MW305539 but kept for subsequent analysis
NOTE: OL824949 is identical to OK376714 but kept for subsequent analysis
NOTE: MW581010 is identical to MW581009 but kept for subsequent analysis
NOTE: MW581012 is identical to MW581011 but kept for subsequent analysis
NOTE: KF806516 is identical to KF806506 but kept for subsequent analysis
NOTE: FJ537135 is identical to MW305729 but kept for subsequent analysis
NOTE: JX401280 is identical to KC576915 but kept for subsequent analysis
NOTE: JX401281 is identical to MW305583 but kept for subsequent analysis
NOTE: PZ240516 is identical to PZ240515 but kept for subsequent analysis
NOTE: PQ273193 is identical to PQ273192 but kept for subsequent analysis
NOTE: MG746014 is identical to MG746013 but kept for subsequent analysis
NOTE: PQ273195 is identical to PQ273188 but kept for subsequent analysis
NOTE: LC798021 is identical to LC790062 but kept for subsequent analysis
NOTE: PQ740376 is identical to PQ740375 but kept for subsequent analysis
NOTE: LC798043 is identical to LC798016 but kept for subsequent analysis
NOTE: OR793099 is identical to OR793093 but kept for subsequent analysis
NOTE: MH068796 is identical to MH068791 but kept for subsequent analysis
NOTE: KY485116 is identical to KY485115 but kept for subsequent analysis
NOTE: MK517754 is identical to MK517753 but kept for subsequent analysis
NOTE: MK517772 is identical to MK517770 but kept for subsequent analysis
NOTE: MW661277 is identical to MW661273 but kept for subsequent analysis
NOTE: MT362915 is identical to MT362914 but kept for subsequent analysis
NOTE: OP205543 is identical to OP205542 but kept for subsequent analysis
NOTE: OK376255 is identical to OK376253 but kept for subsequent analysis
NOTE: MG763360 is identical to MG763359 but kept for subsequent analysis
NOTE: PX988180 is identical to PX988179 but kept for subsequent analysis
NOTE: MK517762 is identical to MK517761 but kept for subsequent analysis
NOTE: MG745987 is identical to MG745986 but kept for subsequent analysis
NOTE: MK614148 is identical to MG746058 but kept for subsequent analysis
NOTE: MG763370 is identical to MG763369 but kept for subsequent analysis
NOTE: MK614157 is identical to MK614140 but kept for subsequent analysis
NOTE: KY421144 is identical to MG746028 but kept for subsequent analysis
NOTE: MH068820 is identical to MH068819 but kept for subsequent analysis
NOTE: MH634381 is identical to MH634380 but kept for subsequent analysis
NOTE: LC279239 is identical to LC279235 but kept for subsequent analysis
NOTE: MK764040 is identical to MK764039 but kept for subsequent analysis
NOTE: LC209474 is identical to LC122851 but kept for subsequent analysis
NOTE: LC122852 is identical to LC209473 but kept for subsequent analysis
NOTE: LC209464 is identical to LC122853 but kept for subsequent analysis
NOTE: LC209469 is identical to LC122854 but kept for subsequent analysis
NOTE: LC209462 is identical to LC122855 but kept for subsequent analysis
NOTE: LC209463 is identical to LC122856 but kept for subsequent analysis
NOTE: MH218736 is identical to MH218735 but kept for subsequent analysis
NOTE: MW305641 is identical to MW305640 but kept for subsequent analysis
NOTE: MW661249 is identical to MW661246 but kept for subsequent analysis
NOTE: LC209481 is identical to LC122839 but kept for subsequent analysis
NOTE: LC209480 is identical to LC122840 but kept for subsequent analysis
NOTE: LC209478 is identical to LC122838 but kept for subsequent analysis
NOTE: LC209467 is identical to LC122833 but kept for subsequent analysis
NOTE: LC209479 is identical to LC122834 but kept for subsequent analysis
NOTE: LC209447 is identical to LC122835 but kept for subsequent analysis
NOTE: LC209452 is identical to LC122836 but kept for subsequent analysis
NOTE: LC209471 is identical to LC122837 but kept for subsequent analysis
NOTE: MN503035 is identical to MN502995 but kept for subsequent analysis
NOTE: LC209455 is identical to LC145801 but kept for subsequent analysis
NOTE: LC209466 is identical to LC122844 but kept for subsequent analysis
NOTE: LC209431 is identical to LC122845 but kept for subsequent analysis
NOTE: MF621951 is identical to MF621948 but kept for subsequent analysis
NOTE: MF621954 is identical to MF621953 but kept for subsequent analysis
NOTE: LC209477 is identical to LC122842 but kept for subsequent analysis
NOTE: LC209476 is identical to LC122843 but kept for subsequent analysis
NOTE: LC209434 is identical to LC122846 but kept for subsequent analysis
NOTE: LC209432 is identical to LC122847 but kept for subsequent analysis
NOTE: LC145791 is identical to LC209444 but kept for subsequent analysis
NOTE: LC209470 is identical to LC122848 but kept for subsequent analysis
NOTE: LC209433 is identical to LC122850 but kept for subsequent analysis
NOTE: LC209456 is identical to LC122849 but kept for subsequent analysis
NOTE: LC228948 is identical to LC122841 but kept for subsequent analysis
NOTE: JN699037 is identical to JX846925 but kept for subsequent analysis
NOTE: OR685283 is identical to PQ304633 but kept for subsequent analysis
NOTE: MW305660 is identical to MW305654 but kept for subsequent analysis
NOTE: MH375814 is identical to MH375809 but kept for subsequent analysis
NOTE: MH375811 is identical to MH375810 but kept for subsequent analysis
NOTE: OR687156 is identical to PQ304632 but kept for subsequent analysis
NOTE: MN503043 is identical to MN502982 but kept for subsequent analysis
NOTE: MZ279715 is identical to MZ279713 but kept for subsequent analysis
NOTE: PX988189 is identical to PX988188 but kept for subsequent analysis
NOTE: PQ336869 is identical to PQ336868 but kept for subsequent analysis
NOTE: PQ373121 is identical to PQ373120 but kept for subsequent analysis
NOTE: KU561256 is identical to KU561255 but kept for subsequent analysis
NOTE: KP902570 is identical to KP998539 but kept for subsequent analysis
NOTE: LC369214 is identical to LC258403 but kept for subsequent analysis
NOTE: LC486760 is identical to MK907791 but kept for subsequent analysis
NOTE: KU557810 is identical to KU557790 but kept for subsequent analysis
NOTE: KP902576 is identical to KT780398 but kept for subsequent analysis
NOTE: KP902572 is identical to KT780395 but kept for subsequent analysis
NOTE: KU557846 is identical to KT780397 but kept for subsequent analysis
NOTE: LC318757 is identical to LC318755 but kept for subsequent analysis
NOTE: MK166053 is identical to LC333887 but kept for subsequent analysis
NOTE: LC486769 is identical to LC333892 but kept for subsequent analysis
NOTE: MK648242 is identical to MK648241 but kept for subsequent analysis
NOTE: MF421542 is identical to MF421539 but kept for subsequent analysis
NOTE: LC369229 is identical to LC369228 but kept for subsequent analysis
NOTE: KU557848 is identical to KR020503 but kept for subsequent analysis
NOTE: MT158861 is identical to MT158860 but kept for subsequent analysis
NOTE: KX424649 is identical to OP205536 but kept for subsequent analysis
NOTE: KX168455 is identical to KX168454 but kept for subsequent analysis
NOTE: KY406976 is identical to KY406965 but kept for subsequent analysis
NOTE: KY407206 is identical to KY407205 but kept for subsequent analysis
NOTE: KU557823 is identical to KU557822 but kept for subsequent analysis
NOTE: KU557879 is identical to KU557875 but kept for subsequent analysis
NOTE: PQ740326 is identical to PZ234759 but kept for subsequent analysis
NOTE: PP267295 is identical to PP267281 but kept for subsequent analysis
NOTE: MH746924 is identical to MH638230 but kept for subsequent analysis
NOTE: PP423020 is identical to PP267285 but kept for subsequent analysis
NOTE: MN996296 is identical to MN960578 but kept for subsequent analysis
NOTE: PV920384 is identical to PV920383 but kept for subsequent analysis
NOTE: OP805363 is identical to OP805362 but kept for subsequent analysis
NOTE: PV784294 is identical to PV784293 but kept for subsequent analysis
NOTE: PQ308690 is identical to PQ308689 but kept for subsequent analysis
NOTE: LC868436 is identical to LC868431 but kept for subsequent analysis
NOTE: PV750889 is identical to PV750885 but kept for subsequent analysis
NOTE: PZ059668 is identical to PZ059662 but kept for subsequent analysis
NOTE: PZ234819 is identical to PZ234804 but kept for subsequent analysis
NOTE: PZ053853 is identical to PZ053852 but kept for subsequent analysis
NOTE: PZ208539 is identical to PZ208538 but kept for subsequent analysis
NOTE: LC918523 is identical to LC868434 but kept for subsequent analysis
NOTE: PV765572 is identical to PV765567 but kept for subsequent analysis
NOTE: PZ053848 is identical to PZ053847 but kept for subsequent analysis
NOTE: PZ208537 is identical to PZ208536 but kept for subsequent analysis
NOTE: PZ208571 is identical to PZ208570 but kept for subsequent analysis
NOTE: PX988207 is identical to PX988205 but kept for subsequent analysis
NOTE: PX988199 is identical to PX988194 but kept for subsequent analysis
NOTE: PX988222 is identical to PX988217 but kept for subsequent analysis
NOTE: PX988238 is identical to PX988236 but kept for subsequent analysis
NOTE: PX988229 is identical to PX988228 but kept for subsequent analysis
NOTE: KU557788 is identical to KU557839 but kept for subsequent analysis
NOTE: OP205557 is identical to OP205556 but kept for subsequent analysis
NOTE: MT678709 is identical to MT678708 but kept for subsequent analysis
NOTE: MT678721 is identical to MT678720 but kept for subsequent analysis
NOTE: MT678719 is identical to MT678718 but kept for subsequent analysis
NOTE: KF944166 is identical to KF944165 but kept for subsequent analysis
NOTE: MW363179 is identical to MW363175 but kept for subsequent analysis
NOTE: KM198586 is identical to KM198561 but kept for subsequent analysis
NOTE: KM198554 is identical to KM198547 but kept for subsequent analysis
NOTE: OP205585 is identical to OP205569 but kept for subsequent analysis
NOTE: MH218688 is identical to MH218668 but kept for subsequent analysis
NOTE: MH218738 is identical to MH218570 but kept for subsequent analysis
NOTE: KY887606 is identical to KY887597 but kept for subsequent analysis
NOTE: OR536489 is identical to OR536485 but kept for subsequent analysis
NOTE: PP645200 is identical to PP587395 but kept for subsequent analysis
NOTE: PX464562 is identical to PX464565 but kept for subsequent analysis
NOTE: PX464572 is identical to PX464570 but kept for subsequent analysis
NOTE: PX464564 is identical to PX464560 but kept for subsequent analysis
NOTE: PX988170 is identical to PX988169 but kept for subsequent analysis
NOTE: PX458551 is identical to PX458537 but kept for subsequent analysis
NOTE: PX464575 is identical to PX464554 but kept for subsequent analysis
NOTE: MT678745 is identical to OQ451929 but kept for subsequent analysis
NOTE: MT678743 is identical to MT678746 but kept for subsequent analysis
NOTE: MT678741 is identical to MT678740 but kept for subsequent analysis
NOTE: KY407192 is identical to KY407191 but kept for subsequent analysis
NOTE: KY406932 is identical to KY406930 but kept for subsequent analysis
NOTE: KY406936 is identical to KY406935 but kept for subsequent analysis
NOTE: KY407196 is identical to KY407195 but kept for subsequent analysis
NOTE: KY406943 is identical to KY406942 but kept for subsequent analysis
NOTE: KX989465 is identical to KX989464 but kept for subsequent analysis
NOTE: OR797474 is identical to OR797346 but kept for subsequent analysis
NOTE: OR797476 is identical to OR797348 but kept for subsequent analysis
NOTE: OR797475 is identical to OR797347 but kept for subsequent analysis
NOTE: MW127540 is identical to MW127530 but kept for subsequent analysis
NOTE: PQ273184 is identical to PQ273183 but kept for subsequent analysis
NOTE: PQ273198 is identical to PQ273197 but kept for subsequent analysis
NOTE: MW661255 is identical to OQ451930 but kept for subsequent analysis
NOTE: MT409885 is identical to MT409884 but kept for subsequent analysis
NOTE: MT678750 is identical to MT678748 but kept for subsequent analysis
NOTE: OR797472 is identical to OR797351 but kept for subsequent analysis
NOTE: OR797477 is identical to OR797350 but kept for subsequent analysis
NOTE: KY407177 is identical to KY407176 but kept for subsequent analysis
NOTE: KY407173 is identical to KY407172 but kept for subsequent analysis
NOTE: LC133343 is identical to LC133339 but kept for subsequent analysis
NOTE: PZ231297 is identical to PZ231296 but kept for subsequent analysis
NOTE: PZ231302 is identical to PZ231301 but kept for subsequent analysis
NOTE: PX988168 is identical to PX988167 but kept for subsequent analysis
NOTE: PX988172 is identical to PX988171 but kept for subsequent analysis
NOTE: PX988178 is identical to PX988177 but kept for subsequent analysis
NOTE: PZ136055 is identical to PZ136051 but kept for subsequent analysis
NOTE: PZ221918 is identical to PZ221917 but kept for subsequent analysis
NOTE: LC122747 is identical to LC122745 but kept for subsequent analysis
NOTE: KF944232 is identical to KF944227 but kept for subsequent analysis
NOTE: MT808057 is identical to MT808056 but kept for subsequent analysis
NOTE: MW305575 is identical to MW305574 but kept for subsequent analysis
NOTE: HM072045 is identical to MW305724 but kept for subsequent analysis
NOTE: HM072040 is identical to MW305726 but kept for subsequent analysis
NOTE: MW305733 is identical to MW305731 but kept for subsequent analysis
NOTE: KF944111 is identical to KF944110 but kept for subsequent analysis
NOTE: OL451533 is identical to OL451532 but kept for subsequent analysis
NOTE: PV394762 is identical to PV394763 but kept for subsequent analysis
NOTE: PV394768 is identical to PV394767 but kept for subsequent analysis
NOTE: MN447471 is identical to MN447470 but kept for subsequent analysis
NOTE: MN503051 is identical to MN503006 but kept for subsequent analysis
NOTE: MN503050 is identical to MN503009 but kept for subsequent analysis
NOTE: KY649456 is identical to MK614059 but kept for subsequent analysis
NOTE: KY649455 is identical to KY649454 but kept for subsequent analysis
NOTE: KC597149 is identical to KC597150 but kept for subsequent analysis
NOTE: MW305629 is identical to MW305628 but kept for subsequent analysis
NOTE: MK616584 is identical to MT242487 but kept for subsequent analysis
NOTE: MW661269 is identical to MW661266 but kept for subsequent analysis
NOTE: MW661270 is identical to MW661271 but kept for subsequent analysis
NOTE: MW661268 is identical to MW661267 but kept for subsequent analysis
NOTE: OR397776 is identical to OR397766 but kept for subsequent analysis
NOTE: OR397782 is identical to OR397767 but kept for subsequent analysis
NOTE: OR397769 is identical to OR397768 but kept for subsequent analysis
NOTE: OR397772 is identical to OR397771 but kept for subsequent analysis
NOTE: OR397784 is identical to OR397783 but kept for subsequent analysis
NOTE: OR397786 is identical to OR397785 but kept for subsequent analysis
NOTE: OR397779 is identical to OR397778 but kept for subsequent analysis
NOTE: MK616559 is identical to MK616558 but kept for subsequent analysis
NOTE: MK764041 is identical to MK753036 but kept for subsequent analysis
NOTE: MK616561 is identical to MK616560 but kept for subsequent analysis
NOTE: MT712147 is identical to MT712130 but kept for subsequent analysis
NOTE: LC122732 is identical to MW305676 but kept for subsequent analysis
NOTE: HQ664990 is identical to HQ401025 but kept for subsequent analysis
NOTE: OP609645 is identical to OP609644 but kept for subsequent analysis
NOTE: OP691295 is identical to OP691294 but kept for subsequent analysis
NOTE: MN503038 is identical to MN502993 but kept for subsequent analysis
NOTE: KJ131167 is identical to KM036378 but kept for subsequent analysis
NOTE: MW009072 is identical to MW009068 but kept for subsequent analysis
NOTE: MF802554 is identical to MF802552 but kept for subsequent analysis
NOTE: PX458476 is identical to PX458475 but kept for subsequent analysis
NOTE: LC597119 is identical to LC597111 but kept for subsequent analysis
NOTE: KC832471 is identical to KC832470 but kept for subsequent analysis
NOTE: MK753009 is identical to MK764014 but kept for subsequent analysis
NOTE: MN503040 is identical to MN502985 but kept for subsequent analysis
NOTE: KR921939 is identical to KY406949 but kept for subsequent analysis
NOTE: KY407201 is identical to KY407199 but kept for subsequent analysis
NOTE: MN502991 is identical to MN502980 but kept for subsequent analysis
NOTE: MH702282 is identical to MH702285 but kept for subsequent analysis
NOTE: KR921936 is identical to KR921935 but kept for subsequent analysis
NOTE: MN503036 is identical to MN502997 but kept for subsequent analysis
NOTE: MK396776 is identical to MH702257 but kept for subsequent analysis
NOTE: GU138163 is identical to GU138162 but kept for subsequent analysis
NOTE: GU138177 is identical to GU138176 but kept for subsequent analysis
NOTE: MW305595 is identical to MW305593 but kept for subsequent analysis
NOTE: MG706448 is identical to NC_044932 but kept for subsequent analysis
NOTE: KT290889 is identical to KY496328 but kept for subsequent analysis
NOTE: MG495081 is identical to MN453359 but kept for subsequent analysis
NOTE: MG495085 is identical to MG495084 but kept for subsequent analysis
NOTE: KJ196291 is identical to NC_044046 but kept for subsequent analysis
NOTE: LC877028 is identical to LC877027 but kept for subsequent analysis
NOTE: PX988096 is identical to PX988095 but kept for subsequent analysis
NOTE: PX988101 is identical to PX988100 but kept for subsequent analysis
NOTE: PX988109 is identical to PX988108 but kept for subsequent analysis
NOTE: PX988120 is identical to PX988118 but kept for subsequent analysis
NOTE: PX988103 is identical to PX988102 but kept for subsequent analysis
NOTE: PX988128 is identical to PX988127 but kept for subsequent analysis
NOTE: PX988106 is identical to PX988105 but kept for subsequent analysis
NOTE: PX988116 is identical to PX988115 but kept for subsequent analysis
NOTE: PX988113 is identical to PX988112 but kept for subsequent analysis
NOTE: MW305552 is identical to MW305550 but kept for subsequent analysis
NOTE: PX988093 is identical to PX988092 but kept for subsequent analysis
NOTE: LC122888 is identical to LC122887 but kept for subsequent analysis
NOTE: MW284778 is identical to MW284776 but kept for subsequent analysis
NOTE: MW305603 is identical to MW305602 but kept for subsequent analysis
NOTE: JN699042 is identical to MW305573 but kept for subsequent analysis
NOTE: PX733060 is identical to PX733054 but kept for subsequent analysis
NOTE: LC760157 is identical to LC760146 but kept for subsequent analysis
NOTE: LC760164 is identical to LC760163 but kept for subsequent analysis
NOTE: LC760154 is identical to LC760151 but kept for subsequent analysis
NOTE: LC760169 is identical to LC760166 but kept for subsequent analysis
NOTE: PV282528 is identical to PV282523 but kept for subsequent analysis
NOTE: MH702286 is identical to MH702284 but kept for subsequent analysis
NOTE: MH279838 is identical to MH279837 but kept for subsequent analysis
NOTE: MT363962 is identical to MT221254 but kept for subsequent analysis
NOTE: MH260510 is identical to MH260487 but kept for subsequent analysis
NOTE: KY407215 is identical to KY407214 but kept for subsequent analysis
NOTE: KY424342 is identical to KY424341 but kept for subsequent analysis
NOTE: LC122925 is identical to LC122924 but kept for subsequent analysis
NOTE: LC122927 is identical to LC122926 but kept for subsequent analysis
NOTE: JX989075 is identical to JX984953 but kept for subsequent analysis
NOTE: JN699041 is identical to MW305739 but kept for subsequent analysis
NOTE: MF140679 is identical to MF140678 but kept for subsequent analysis
NOTE: OP690426 is identical to OP690425 but kept for subsequent analysis
NOTE: MN503037 is identical to MN502998 but kept for subsequent analysis
NOTE: PV258472 is identical to PV258471 but kept for subsequent analysis
NOTE: MH218673 is identical to MH218645 but kept for subsequent analysis
NOTE: MW661275 is identical to MW661274 but kept for subsequent analysis
NOTE: KY424345 is identical to MW305737 but kept for subsequent analysis
NOTE: PX988131 is identical to PX988130 but kept for subsequent analysis
NOTE: PX988136 is identical to PX988135 but kept for subsequent analysis
NOTE: PX988141 is identical to PX988140 but kept for subsequent analysis
NOTE: PX988147 is identical to PX988146 but kept for subsequent analysis
NOTE: MW305531 is identical to MW305529 but kept for subsequent analysis
NOTE: ON706287 is identical to ON706286 but kept for subsequent analysis
NOTE: MW305547 is identical to MW305540 but kept for subsequent analysis
NOTE: JN699036 is identical to MW305571 but kept for subsequent analysis
NOTE: KC576910 is identical to MW305581 but kept for subsequent analysis
NOTE: OR797473 is identical to OR797349 but kept for subsequent analysis
NOTE: LC556389 is identical to LC556388 but kept for subsequent analysis
NOTE: LC556392 is identical to LC556391 but kept for subsequent analysis
NOTE: MN503045 is identical to MN502990 but kept for subsequent analysis
NOTE: MZ272475 is identical to MZ272053 but kept for subsequent analysis
NOTE: GU017901 is identical to GU017900 but kept for subsequent analysis
NOTE: GU594162 is identical to GU017904 but kept for subsequent analysis
NOTE: GU017906 is identical to GU017908 but kept for subsequent analysis
NOTE: MW305686 is identical to MW305685 but kept for subsequent analysis
NOTE: LC122878 is identical to MW305693 but kept for subsequent analysis
NOTE: MW305681 is identical to MW305679 but kept for subsequent analysis
NOTE: MW305673 is identical to MW305672 but kept for subsequent analysis
NOTE: MW305666 is identical to MW305665 but kept for subsequent analysis
NOTE: JN699038 is identical to MW305576 but kept for subsequent analysis
NOTE: MN503039 is identical to MN502983 but kept for subsequent analysis
NOTE: MN503013 is identical to MN502864 but kept for subsequent analysis
NOTE: MN502975 is identical to MZ026946 but kept for subsequent analysis
NOTE: MZ027041 is identical to MZ027040 but kept for subsequent analysis
NOTE: MZ033188 is identical to MZ033187 but kept for subsequent analysis
NOTE: PX988084 is identical to PX988083 but kept for subsequent analysis
NOTE: PP645199 is identical to PP645198 but kept for subsequent analysis
NOTE: OP729311 is identical to OP729310 but kept for subsequent analysis
NOTE: OR050583 is identical to OR050582 but kept for subsequent analysis
NOTE: MN227773 is identical to MN227772 but kept for subsequent analysis
NOTE: OL685301 is identical to OL685293 but kept for subsequent analysis
NOTE: OL685304 is identical to OL685303 but kept for subsequent analysis
NOTE: KJ196290 is identical to NC_044045 but kept for subsequent analysis
NOTE: MW261799 is identical to MW261798 but kept for subsequent analysis
NOTE: MW261789 is identical to MW261788 but kept for subsequent analysis
NOTE: MW261794 is identical to MW261793 but kept for subsequent analysis
NOTE: MW261792 is identical to MW261790 but kept for subsequent analysis
NOTE: PQ467819 is identical to PQ467816 but kept for subsequent analysis
NOTE: PQ467810 is identical to PQ467809 but kept for subsequent analysis
NOTE: PZ043823 is identical to PZ043822 but kept for subsequent analysis
NOTE: PZ043826 is identical to PZ043824 but kept for subsequent analysis
NOTE: JF781268 is identical to NC_045762 but kept for subsequent analysis
NOTE: MT256406 is identical to MT256405 but kept for subsequent analysis
NOTE: MK067291 is identical to MK067290 but kept for subsequent analysis
NOTE: PV418615 is identical to PV418613 but kept for subsequent analysis
NOTE: PV418617 is identical to PV418616 but kept for subsequent analysis
NOTE: MN908340 is identical to MN897759 but kept for subsequent analysis
NOTE: MN897760 is identical to MN897758 but kept for subsequent analysis
NOTE: JQ613567 is identical to NC_029647 but kept for subsequent analysis
NOTE: KX907728 is identical to NC_044855 but kept for subsequent analysis
NOTE: FJ692500 is identical to NC_044047 but kept for subsequent analysis
NOTE: MN922655 is identical to MN922654 but kept for subsequent analysis
NOTE: MN922664 is identical to MN922663 but kept for subsequent analysis
NOTE: MN922671 is identical to MN922670 but kept for subsequent analysis
NOTE: MN922697 is identical to MN922696 but kept for subsequent analysis
NOTE: MN922657 is identical to MN922652 but kept for subsequent analysis
NOTE: MT089579 is identical to MT089578 but kept for subsequent analysis
NOTE: KJ196292 is identical to NC_039897 but kept for subsequent analysis
NOTE: MW305509 is identical to MW305489 but kept for subsequent analysis
NOTE: MW305490 is identical to MW305510 but kept for subsequent analysis
NOTE: MZ462932 is identical to MZ462929 but kept for subsequent analysis
NOTE: MZ462931 is identical to MZ462930 but kept for subsequent analysis
NOTE: MK073893 is identical to MK073892 but kept for subsequent analysis
NOTE: MT526277 is identical to MT451991 but kept for subsequent analysis
NOTE: JN699050 is identical to MW305491 but kept for subsequent analysis
NOTE: JN699049 is identical to MW305492 but kept for subsequent analysis
NOTE: JN699048 is identical to MW305493 but kept for subsequent analysis
NOTE: LC122717 is identical to LC122715 but kept for subsequent analysis
NOTE: MW305495 is identical to MW305494 but kept for subsequent analysis
NOTE: PQ632217 is identical to PQ632216 but kept for subsequent analysis
NOTE: MN922730 is identical to MN922725 but kept for subsequent analysis
NOTE: MN922731 is identical to MN922684 but kept for subsequent analysis
NOTE: MN922724 is identical to MN922723 but kept for subsequent analysis
NOTE: MN922739 is identical to MN922727 but kept for subsequent analysis
NOTE: MN922694 is identical to MN922693 but kept for subsequent analysis
NOTE: MN495001 is identical to MZ021605 but kept for subsequent analysis
NOTE: PX986540 is identical to PX986539 but kept for subsequent analysis
NOTE: MT357898 is identical to MT357897 but kept for subsequent analysis
NOTE: AB758449 is identical to LC122721 but kept for subsequent analysis
NOTE: PX458204 is identical to PX458189 but kept for subsequent analysis
NOTE: PX458199 is identical to PX458201 but kept for subsequent analysis
NOTE: PX458274 is identical to PX458273 but kept for subsequent analysis
NOTE: MH638229 is identical to MH638228 but kept for subsequent analysis
NOTE: MZ220331 is identical to MZ220330 but kept for subsequent analysis
NOTE: PX986529 is identical to PX986528 but kept for subsequent analysis
NOTE: PX986533 is identical to PX986532 but kept for subsequent analysis
NOTE: PX720657 is identical to PX720656 but kept for subsequent analysis
NOTE: PX720654 is identical to PX720653 but kept for subsequent analysis
NOTE: LC726062 is identical to LC726060 but kept for subsequent analysis
NOTE: MK236611 is identical to MK236609 but kept for subsequent analysis
NOTE: OR268636 is identical to OR268635 but kept for subsequent analysis
NOTE: MZ227265 is identical to MZ227264 but kept for subsequent analysis
NOTE: PX986563 is identical to PX986562 but kept for subsequent analysis
NOTE: MT756627 is identical to MT750326 but kept for subsequent analysis
NOTE: MT874469 is identical to MT756629 but kept for subsequent analysis
NOTE: LC122705 is identical to MW305504 but kept for subsequent analysis
NOTE: PP550065 is identical to PP550063 but kept for subsequent analysis
NOTE: PP550086 is identical to PP550067 but kept for subsequent analysis
NOTE: JF320645 is identical to JF320646 but kept for subsequent analysis
NOTE: EU004658 is identical to EU004657 but kept for subsequent analysis
Checking for duplicate sequences: done in 0.0566261 secs using 640.8% CPU
Identifying sites to remove: done in 0.0523369 secs using 586.4% CPU
NOTE: 412 identical sequences (see below) will be ignored for subsequent analysis
NOTE: KY887600 (identical to NC_039477) is ignored but added at the end
NOTE: MT238668 (identical to MT238667) is ignored but added at the end
NOTE: MT238670 (identical to MT238667) is ignored but added at the end
NOTE: MT537633 (identical to MT238667) is ignored but added at the end
NOTE: MT344180 (identical to MT238667) is ignored but added at the end
NOTE: MH279823 (identical to MH260485) is ignored but added at the end
NOTE: PQ195938 (identical to PQ195936) is ignored but added at the end
NOTE: OL336355 (identical to OL336353) is ignored but added at the end
NOTE: OL336356 (identical to OL336353) is ignored but added at the end
NOTE: OL336357 (identical to OL336353) is ignored but added at the end
NOTE: PX988162 (identical to PX988160) is ignored but added at the end
NOTE: PQ195912 (identical to PQ195910) is ignored but added at the end
NOTE: PQ196563 (identical to PQ196561) is ignored but added at the end
NOTE: PQ218568 (identical to PQ218566) is ignored but added at the end
NOTE: KY679165 (identical to KY679162) is ignored but added at the end
NOTE: KY679168 (identical to KY679162) is ignored but added at the end
NOTE: KY679169 (identical to KY679162) is ignored but added at the end
NOTE: OQ451923 (identical to OQ451906) is ignored but added at the end
NOTE: PX733011 (identical to PX732975) is ignored but added at the end
NOTE: PX733009 (identical to PX732975) is ignored but added at the end
NOTE: KX354004 (identical to KJ196279) is ignored but added at the end
NOTE: JX629458 (identical to KJ196279) is ignored but added at the end
NOTE: LC848169 (identical to LC848168) is ignored but added at the end
NOTE: KY407063 (identical to KY407060) is ignored but added at the end
NOTE: LC421228 (identical to LC390332) is ignored but added at the end
NOTE: PQ195934 (identical to PQ195930) is ignored but added at the end
NOTE: PQ195944 (identical to PQ195930) is ignored but added at the end
NOTE: PQ195951 (identical to PQ195930) is ignored but added at the end
NOTE: PQ195952 (identical to PQ195930) is ignored but added at the end
NOTE: PQ195950 (identical to PQ195930) is ignored but added at the end
NOTE: MW009070 (identical to MT362912) is ignored but added at the end
NOTE: PQ195948 (identical to PQ195946) is ignored but added at the end
NOTE: PQ195949 (identical to PQ195946) is ignored but added at the end
NOTE: PQ195916 (identical to PQ195914) is ignored but added at the end
NOTE: OP727607 (identical to OP727606) is ignored but added at the end
NOTE: MH218613 (identical to MH218610) is ignored but added at the end
NOTE: PV232419 (identical to PV232417) is ignored but added at the end
NOTE: PV232421 (identical to PV232417) is ignored but added at the end
NOTE: LC122770 (identical to LC122768) is ignored but added at the end
NOTE: KY424335 (identical to KY424332) is ignored but added at the end
NOTE: KY424334 (identical to KY424332) is ignored but added at the end
NOTE: KY424336 (identical to KY424332) is ignored but added at the end
NOTE: KF806524 (identical to KF806506) is ignored but added at the end
NOTE: PQ273194 (identical to PQ273192) is ignored but added at the end
NOTE: OP689558 (identical to PQ273192) is ignored but added at the end
NOTE: OR793100 (identical to OR793093) is ignored but added at the end
NOTE: MH068797 (identical to MH068791) is ignored but added at the end
NOTE: MK517755 (identical to MK517753) is ignored but added at the end
NOTE: MK517756 (identical to MK517753) is ignored but added at the end
NOTE: MK517757 (identical to MK517753) is ignored but added at the end
NOTE: MK517758 (identical to MK517753) is ignored but added at the end
NOTE: MK517759 (identical to MK517753) is ignored but added at the end
NOTE: MK517760 (identical to MK517753) is ignored but added at the end
NOTE: MT362916 (identical to MT362914) is ignored but added at the end
NOTE: OK376264 (identical to OK376253) is ignored but added at the end
NOTE: OK376260 (identical to OK376253) is ignored but added at the end
NOTE: OK376261 (identical to OK376253) is ignored but added at the end
NOTE: PX988181 (identical to PX988179) is ignored but added at the end
NOTE: PX988182 (identical to PX988179) is ignored but added at the end
NOTE: LC279242 (identical to LC279235) is ignored but added at the end
NOTE: LC209465 (identical to LC209473) is ignored but added at the end
NOTE: MF621950 (identical to MF621948) is ignored but added at the end
NOTE: LC209450 (identical to LC122841) is ignored but added at the end
NOTE: LC145803 (identical to LC122841) is ignored but added at the end
NOTE: PX988190 (identical to PX988188) is ignored but added at the end
NOTE: OP205533 (identical to PQ373120) is ignored but added at the end
NOTE: LC369221 (identical to LC258403) is ignored but added at the end
NOTE: LC311767 (identical to LC258403) is ignored but added at the end
NOTE: LC311772 (identical to LC258403) is ignored but added at the end
NOTE: LC311773 (identical to LC258403) is ignored but added at the end
NOTE: LC318754 (identical to LC258403) is ignored but added at the end
NOTE: LC318753 (identical to LC258403) is ignored but added at the end
NOTE: LC333894 (identical to LC258403) is ignored but added at the end
NOTE: LC333897 (identical to LC258403) is ignored but added at the end
NOTE: LC486767 (identical to LC258403) is ignored but added at the end
NOTE: LC433710 (identical to LC258403) is ignored but added at the end
NOTE: LC433721 (identical to LC258403) is ignored but added at the end
NOTE: MF073250 (identical to MK907791) is ignored but added at the end
NOTE: KU557799 (identical to MK907791) is ignored but added at the end
NOTE: KP864104 (identical to MK907791) is ignored but added at the end
NOTE: KU557847 (identical to KT780397) is ignored but added at the end
NOTE: KP698929 (identical to KT780397) is ignored but added at the end
NOTE: LC369230 (identical to LC369228) is ignored but added at the end
NOTE: KU557849 (identical to KR020503) is ignored but added at the end
NOTE: KY406977 (identical to KY406965) is ignored but added at the end
NOTE: KY407203 (identical to KY406965) is ignored but added at the end
NOTE: PP267296 (identical to PP267281) is ignored but added at the end
NOTE: PP267289 (identical to PP267281) is ignored but added at the end
NOTE: PP267283 (identical to PP267281) is ignored but added at the end
NOTE: PP267286 (identical to PP267281) is ignored but added at the end
NOTE: PP267290 (identical to PP267281) is ignored but added at the end
NOTE: MH746925 (identical to MH638230) is ignored but added at the end
NOTE: MN996300 (identical to MN960578) is ignored but added at the end
NOTE: OP805364 (identical to OP805362) is ignored but added at the end
NOTE: PZ208572 (identical to PZ053852) is ignored but added at the end
NOTE: PZ208543 (identical to PZ053852) is ignored but added at the end
NOTE: PZ208544 (identical to PZ053852) is ignored but added at the end
NOTE: PZ208554 (identical to PZ053852) is ignored but added at the end
NOTE: PZ208555 (identical to PZ053852) is ignored but added at the end
NOTE: PZ208558 (identical to PZ053852) is ignored but added at the end
NOTE: PZ208559 (identical to PZ053852) is ignored but added at the end
NOTE: PZ208562 (identical to PZ053852) is ignored but added at the end
NOTE: PZ208563 (identical to PZ053852) is ignored but added at the end
NOTE: PZ208566 (identical to PZ053852) is ignored but added at the end
NOTE: PZ208567 (identical to PZ053852) is ignored but added at the end
NOTE: PZ208560 (identical to PZ053852) is ignored but added at the end
NOTE: PZ208556 (identical to PZ053852) is ignored but added at the end
NOTE: PZ208542 (identical to PZ208538) is ignored but added at the end
NOTE: PZ208548 (identical to PZ208538) is ignored but added at the end
NOTE: PZ208549 (identical to PZ208538) is ignored but added at the end
NOTE: PZ208550 (identical to PZ208538) is ignored but added at the end
NOTE: PZ208569 (identical to PZ208538) is ignored but added at the end
NOTE: LC918518 (identical to PZ208538) is ignored but added at the end
NOTE: PV765574 (identical to PV765567) is ignored but added at the end
NOTE: PV765581 (identical to PV765567) is ignored but added at the end
NOTE: PV765584 (identical to PV765567) is ignored but added at the end
NOTE: PV765588 (identical to PV765567) is ignored but added at the end
NOTE: PV765585 (identical to PV765567) is ignored but added at the end
NOTE: PV765586 (identical to PV765567) is ignored but added at the end
NOTE: PZ053850 (identical to PZ053847) is ignored but added at the end
NOTE: PZ208568 (identical to PZ053847) is ignored but added at the end
NOTE: PX988208 (identical to PX988205) is ignored but added at the end
NOTE: PX988210 (identical to PX988205) is ignored but added at the end
NOTE: PX988211 (identical to PX988205) is ignored but added at the end
NOTE: PX988214 (identical to PX988205) is ignored but added at the end
NOTE: PX988216 (identical to PX988205) is ignored but added at the end
NOTE: PX988225 (identical to PX988205) is ignored but added at the end
NOTE: PX988246 (identical to PX988205) is ignored but added at the end
NOTE: PX988200 (identical to PX988194) is ignored but added at the end
NOTE: PX988245 (identical to PX988217) is ignored but added at the end
NOTE: PX988239 (identical to PX988236) is ignored but added at the end
NOTE: PX988231 (identical to PX988228) is ignored but added at the end
NOTE: PX988232 (identical to PX988228) is ignored but added at the end
NOTE: PX988233 (identical to PX988228) is ignored but added at the end
NOTE: MT678714 (identical to MT678708) is ignored but added at the end
NOTE: MT678710 (identical to MT678708) is ignored but added at the end
NOTE: KM198573 (identical to KM198547) is ignored but added at the end
NOTE: MH218676 (identical to MH218668) is ignored but added at the end
NOTE: MH218681 (identical to MH218668) is ignored but added at the end
NOTE: MH218683 (identical to MH218668) is ignored but added at the end
NOTE: MH218678 (identical to MH218668) is ignored but added at the end
NOTE: MH218686 (identical to MH218668) is ignored but added at the end
NOTE: MH218675 (identical to MH218668) is ignored but added at the end
NOTE: MH218677 (identical to MH218668) is ignored but added at the end
NOTE: MH218572 (identical to MH218570) is ignored but added at the end
NOTE: KY887598 (identical to KY887597) is ignored but added at the end
NOTE: KY407193 (identical to KY407191) is ignored but added at the end
NOTE: KY407194 (identical to KY407191) is ignored but added at the end
NOTE: KY406933 (identical to KY406930) is ignored but added at the end
NOTE: KY407197 (identical to KY407195) is ignored but added at the end
NOTE: KY407198 (identical to KY407195) is ignored but added at the end
NOTE: KX989466 (identical to KX989464) is ignored but added at the end
NOTE: KX989467 (identical to KX989464) is ignored but added at the end
NOTE: KX989468 (identical to KX989464) is ignored but added at the end
NOTE: MT409886 (identical to MT409884) is ignored but added at the end
NOTE: KY407178 (identical to KY407176) is ignored but added at the end
NOTE: KY407179 (identical to KY407176) is ignored but added at the end
NOTE: KY407180 (identical to KY407176) is ignored but added at the end
NOTE: KY407174 (identical to KY407172) is ignored but added at the end
NOTE: KY407175 (identical to KY407172) is ignored but added at the end
NOTE: PZ231303 (identical to PZ231301) is ignored but added at the end
NOTE: PX988173 (identical to PX988171) is ignored but added at the end
NOTE: PX988175 (identical to PX988171) is ignored but added at the end
NOTE: PX988176 (identical to PX988171) is ignored but added at the end
NOTE: PZ221923 (identical to PZ136051) is ignored but added at the end
NOTE: PZ136053 (identical to PZ136051) is ignored but added at the end
NOTE: PZ136058 (identical to PZ136051) is ignored but added at the end
NOTE: PZ221915 (identical to PZ136051) is ignored but added at the end
NOTE: PZ221922 (identical to PZ136051) is ignored but added at the end
NOTE: PZ221927 (identical to PZ136051) is ignored but added at the end
NOTE: PZ136059 (identical to PZ136051) is ignored but added at the end
NOTE: PZ136052 (identical to PZ136051) is ignored but added at the end
NOTE: PZ221926 (identical to PZ136051) is ignored but added at the end
NOTE: PZ136056 (identical to PZ136051) is ignored but added at the end
NOTE: PZ136060 (identical to PZ136051) is ignored but added at the end
NOTE: PZ136061 (identical to PZ136051) is ignored but added at the end
NOTE: PZ136054 (identical to PZ136051) is ignored but added at the end
NOTE: PZ136057 (identical to PZ136051) is ignored but added at the end
NOTE: PZ221924 (identical to PZ136051) is ignored but added at the end
NOTE: PZ221928 (identical to PZ136051) is ignored but added at the end
NOTE: PZ221925 (identical to PZ136051) is ignored but added at the end
NOTE: PZ221929 (identical to PZ221917) is ignored but added at the end
NOTE: PZ221919 (identical to PZ221917) is ignored but added at the end
NOTE: PZ221930 (identical to PZ221917) is ignored but added at the end
NOTE: PZ221916 (identical to PZ221917) is ignored but added at the end
NOTE: PZ221921 (identical to PZ221917) is ignored but added at the end
NOTE: PZ221920 (identical to PZ221917) is ignored but added at the end
NOTE: KC597144 (identical to MW305574) is ignored but added at the end
NOTE: JN699040 (identical to MW305574) is ignored but added at the end
NOTE: MW305732 (identical to MW305731) is ignored but added at the end
NOTE: KC597151 (identical to KC597150) is ignored but added at the end
NOTE: MW661272 (identical to MW661267) is ignored but added at the end
NOTE: OR397777 (identical to OR397766) is ignored but added at the end
NOTE: JX289822 (identical to OR397767) is ignored but added at the end
NOTE: OR397770 (identical to OR397768) is ignored but added at the end
NOTE: OR397787 (identical to OR397785) is ignored but added at the end
NOTE: OR397781 (identical to OR397778) is ignored but added at the end
NOTE: LC122729 (identical to MW305676) is ignored but added at the end
NOTE: LC122731 (identical to MW305676) is ignored but added at the end
NOTE: KJ131168 (identical to KM036378) is ignored but added at the end
NOTE: KJ131170 (identical to KM036378) is ignored but added at the end
NOTE: KJ131173 (identical to KM036378) is ignored but added at the end
NOTE: KJ131169 (identical to KM036378) is ignored but added at the end
NOTE: KJ131171 (identical to KM036378) is ignored but added at the end
NOTE: KJ131174 (identical to KM036378) is ignored but added at the end
NOTE: MW009069 (identical to MW009068) is ignored but added at the end
NOTE: KR921942 (identical to KY406949) is ignored but added at the end
NOTE: KY407202 (identical to KY407199) is ignored but added at the end
NOTE: KR921937 (identical to KR921935) is ignored but added at the end
NOTE: MW305596 (identical to MW305593) is ignored but added at the end
NOTE: MW305597 (identical to MW305593) is ignored but added at the end
NOTE: PX988097 (identical to PX988095) is ignored but added at the end
NOTE: PX988098 (identical to PX988095) is ignored but added at the end
NOTE: PX988099 (identical to PX988095) is ignored but added at the end
NOTE: PX988110 (identical to PX988108) is ignored but added at the end
NOTE: PX988111 (identical to PX988108) is ignored but added at the end
NOTE: PX988121 (identical to PX988118) is ignored but added at the end
NOTE: PX988122 (identical to PX988118) is ignored but added at the end
NOTE: PX988123 (identical to PX988118) is ignored but added at the end
NOTE: PX988124 (identical to PX988118) is ignored but added at the end
NOTE: PX988125 (identical to PX988118) is ignored but added at the end
NOTE: PX988126 (identical to PX988118) is ignored but added at the end
NOTE: PX988119 (identical to PX988118) is ignored but added at the end
NOTE: PX988104 (identical to PX988102) is ignored but added at the end
NOTE: PX988129 (identical to PX988127) is ignored but added at the end
NOTE: PX988107 (identical to PX988105) is ignored but added at the end
NOTE: PX988117 (identical to PX988115) is ignored but added at the end
NOTE: PX988094 (identical to PX988092) is ignored but added at the end
NOTE: MW284784 (identical to MW284776) is ignored but added at the end
NOTE: MW284777 (identical to MW284776) is ignored but added at the end
NOTE: MW305606 (identical to MW305602) is ignored but added at the end
NOTE: MH279824 (identical to MH260487) is ignored but added at the end
NOTE: KY407216 (identical to KY407214) is ignored but added at the end
NOTE: KY424343 (identical to KY424341) is ignored but added at the end
NOTE: KY424344 (identical to KY424341) is ignored but added at the end
NOTE: LC122930 (identical to LC122924) is ignored but added at the end
NOTE: PV746280 (identical to MH218645) is ignored but added at the end
NOTE: PX988132 (identical to PX988130) is ignored but added at the end
NOTE: PX988133 (identical to PX988130) is ignored but added at the end
NOTE: PX988134 (identical to PX988130) is ignored but added at the end
NOTE: PX988137 (identical to PX988135) is ignored but added at the end
NOTE: PX988138 (identical to PX988135) is ignored but added at the end
NOTE: PX988139 (identical to PX988135) is ignored but added at the end
NOTE: PX988142 (identical to PX988140) is ignored but added at the end
NOTE: PX988143 (identical to PX988140) is ignored but added at the end
NOTE: PX988144 (identical to PX988140) is ignored but added at the end
NOTE: PX988145 (identical to PX988140) is ignored but added at the end
NOTE: PX988148 (identical to PX988146) is ignored but added at the end
NOTE: PX988149 (identical to PX988146) is ignored but added at the end
NOTE: PX988150 (identical to PX988146) is ignored but added at the end
NOTE: PX988151 (identical to PX988146) is ignored but added at the end
NOTE: PX988152 (identical to PX988146) is ignored but added at the end
NOTE: PX988153 (identical to PX988146) is ignored but added at the end
NOTE: PX988154 (identical to PX988146) is ignored but added at the end
NOTE: PX988155 (identical to PX988146) is ignored but added at the end
NOTE: PX988156 (identical to PX988146) is ignored but added at the end
NOTE: PX988157 (identical to PX988146) is ignored but added at the end
NOTE: PX988158 (identical to PX988146) is ignored but added at the end
NOTE: ON706288 (identical to ON706286) is ignored but added at the end
NOTE: ON706294 (identical to ON706286) is ignored but added at the end
NOTE: ON706295 (identical to ON706286) is ignored but added at the end
NOTE: JN699035 (identical to MW305581) is ignored but added at the end
NOTE: LC556390 (identical to LC556388) is ignored but added at the end
NOTE: GU017902 (identical to GU017900) is ignored but added at the end
NOTE: GU017905 (identical to GU017904) is ignored but added at the end
NOTE: MW305687 (identical to MW305685) is ignored but added at the end
NOTE: MW305689 (identical to MW305685) is ignored but added at the end
NOTE: MW305688 (identical to MW305685) is ignored but added at the end
NOTE: PX988085 (identical to PX988083) is ignored but added at the end
NOTE: PX988086 (identical to PX988083) is ignored but added at the end
NOTE: PX988087 (identical to PX988083) is ignored but added at the end
NOTE: PX988088 (identical to PX988083) is ignored but added at the end
NOTE: PX988089 (identical to PX988083) is ignored but added at the end
NOTE: PX988090 (identical to PX988083) is ignored but added at the end
NOTE: PX988091 (identical to PX988083) is ignored but added at the end
NOTE: OR546399 (identical to PP645198) is ignored but added at the end
NOTE: OR546400 (identical to PP645198) is ignored but added at the end
NOTE: OP729312 (identical to OP729310) is ignored but added at the end
NOTE: OP729313 (identical to OP729310) is ignored but added at the end
NOTE: OP729314 (identical to OP729310) is ignored but added at the end
NOTE: OR050584 (identical to OR050582) is ignored but added at the end
NOTE: OR050585 (identical to OR050582) is ignored but added at the end
NOTE: OR050586 (identical to OR050582) is ignored but added at the end
NOTE: OL685294 (identical to OL685293) is ignored but added at the end
NOTE: OL685295 (identical to OL685293) is ignored but added at the end
NOTE: OL685298 (identical to OL685293) is ignored but added at the end
NOTE: OL685302 (identical to OL685293) is ignored but added at the end
NOTE: OL685296 (identical to OL685293) is ignored but added at the end
NOTE: OL685297 (identical to OL685293) is ignored but added at the end
NOTE: OL685299 (identical to OL685293) is ignored but added at the end
NOTE: MW261791 (identical to MW261788) is ignored but added at the end
NOTE: MW261796 (identical to MW261788) is ignored but added at the end
NOTE: MW261797 (identical to MW261788) is ignored but added at the end
NOTE: MW261800 (identical to MW261788) is ignored but added at the end
NOTE: PZ043825 (identical to PZ043822) is ignored but added at the end
NOTE: PV418614 (identical to PV418613) is ignored but added at the end
NOTE: MN922665 (identical to MN922663) is ignored but added at the end
NOTE: MN922672 (identical to MN922670) is ignored but added at the end
NOTE: MN922673 (identical to MN922670) is ignored but added at the end
NOTE: MN922688 (identical to MN922696) is ignored but added at the end
NOTE: MT089580 (identical to MT089578) is ignored but added at the end
NOTE: MT526276 (identical to MT451991) is ignored but added at the end
NOTE: MN922685 (identical to MN922684) is ignored but added at the end
NOTE: PX986541 (identical to PX986539) is ignored but added at the end
NOTE: PX986542 (identical to PX986539) is ignored but added at the end
NOTE: PX986543 (identical to PX986539) is ignored but added at the end
NOTE: PX986544 (identical to PX986539) is ignored but added at the end
NOTE: PX986545 (identical to PX986539) is ignored but added at the end
NOTE: PX986546 (identical to PX986539) is ignored but added at the end
NOTE: PX986547 (identical to PX986539) is ignored but added at the end
NOTE: PX986549 (identical to PX986539) is ignored but added at the end
NOTE: PX986550 (identical to PX986539) is ignored but added at the end
NOTE: PX986551 (identical to PX986539) is ignored but added at the end
NOTE: PX986552 (identical to PX986539) is ignored but added at the end
NOTE: PX986554 (identical to PX986539) is ignored but added at the end
NOTE: PX986555 (identical to PX986539) is ignored but added at the end
NOTE: PX986556 (identical to PX986539) is ignored but added at the end
NOTE: PX986557 (identical to PX986539) is ignored but added at the end
NOTE: PX986559 (identical to PX986539) is ignored but added at the end
NOTE: PX458209 (identical to PX458189) is ignored but added at the end
NOTE: PX458264 (identical to PX458189) is ignored but added at the end
NOTE: PX458203 (identical to PX458189) is ignored but added at the end
NOTE: PX458251 (identical to PX458189) is ignored but added at the end
NOTE: PX458196 (identical to PX458189) is ignored but added at the end
NOTE: PX458206 (identical to PX458189) is ignored but added at the end
NOTE: PX458242 (identical to PX458189) is ignored but added at the end
NOTE: PX458252 (identical to PX458189) is ignored but added at the end
NOTE: PX458210 (identical to PX458189) is ignored but added at the end
NOTE: PX458194 (identical to PX458189) is ignored but added at the end
NOTE: PX458237 (identical to PX458189) is ignored but added at the end
NOTE: PX458269 (identical to PX458189) is ignored but added at the end
NOTE: PX458277 (identical to PX458189) is ignored but added at the end
NOTE: PX458247 (identical to PX458189) is ignored but added at the end
NOTE: PX458268 (identical to PX458189) is ignored but added at the end
NOTE: PX458191 (identical to PX458189) is ignored but added at the end
NOTE: PX458243 (identical to PX458189) is ignored but added at the end
NOTE: PV242313 (identical to PX458189) is ignored but added at the end
NOTE: PV277014 (identical to PX458189) is ignored but added at the end
NOTE: PX458214 (identical to PX458189) is ignored but added at the end
NOTE: PX458232 (identical to PX458189) is ignored but added at the end
NOTE: PX458219 (identical to PX458189) is ignored but added at the end
NOTE: PX458212 (identical to PX458189) is ignored but added at the end
NOTE: PX458270 (identical to PX458189) is ignored but added at the end
NOTE: PX458198 (identical to PX458189) is ignored but added at the end
NOTE: PX458221 (identical to PX458189) is ignored but added at the end
NOTE: PX458266 (identical to PX458189) is ignored but added at the end
NOTE: PX458265 (identical to PX458189) is ignored but added at the end
NOTE: PX458220 (identical to PX458189) is ignored but added at the end
NOTE: PV242302 (identical to PX458189) is ignored but added at the end
NOTE: PV242316 (identical to PX458189) is ignored but added at the end
NOTE: PV242318 (identical to PX458189) is ignored but added at the end
NOTE: PX458205 (identical to PX458189) is ignored but added at the end
NOTE: PX458216 (identical to PX458189) is ignored but added at the end
NOTE: PX458225 (identical to PX458189) is ignored but added at the end
NOTE: PX458228 (identical to PX458189) is ignored but added at the end
NOTE: PV242315 (identical to PX458189) is ignored but added at the end
NOTE: PX458248 (identical to PX458189) is ignored but added at the end
NOTE: PX458250 (identical to PX458189) is ignored but added at the end
NOTE: PV242306 (identical to PX458189) is ignored but added at the end
NOTE: PX458279 (identical to PX458189) is ignored but added at the end
NOTE: PX458211 (identical to PX458189) is ignored but added at the end
NOTE: PX458231 (identical to PX458189) is ignored but added at the end
NOTE: PX458213 (identical to PX458189) is ignored but added at the end
NOTE: PV242300 (identical to PX458189) is ignored but added at the end
NOTE: PX458263 (identical to PX458189) is ignored but added at the end
NOTE: PV242303 (identical to PX458189) is ignored but added at the end
NOTE: PX458192 (identical to PX458189) is ignored but added at the end
NOTE: PX458223 (identical to PX458189) is ignored but added at the end
NOTE: PX458280 (identical to PX458189) is ignored but added at the end
NOTE: PX458195 (identical to PX458189) is ignored but added at the end
NOTE: PX458245 (identical to PX458189) is ignored but added at the end
NOTE: PV242309 (identical to PX458189) is ignored but added at the end
NOTE: PX458260 (identical to PX458189) is ignored but added at the end
NOTE: PV242301 (identical to PX458189) is ignored but added at the end
NOTE: PX458190 (identical to PX458189) is ignored but added at the end
NOTE: PX458193 (identical to PX458189) is ignored but added at the end
NOTE: PX458246 (identical to PX458189) is ignored but added at the end
NOTE: PX458207 (identical to PX458189) is ignored but added at the end
NOTE: PX458227 (identical to PX458189) is ignored but added at the end
NOTE: PX458241 (identical to PX458189) is ignored but added at the end
NOTE: PX458229 (identical to PX458189) is ignored but added at the end
NOTE: PX458215 (identical to PX458189) is ignored but added at the end
NOTE: PX458240 (identical to PX458189) is ignored but added at the end
NOTE: KF429770 (identical to PX458189) is ignored but added at the end
NOTE: KF429773 (identical to PX458189) is ignored but added at the end
NOTE: KF429761 (identical to PX458189) is ignored but added at the end
NOTE: KF429774 (identical to PX458189) is ignored but added at the end
NOTE: KF429789 (identical to PX458189) is ignored but added at the end
NOTE: KF429783 (identical to PX458189) is ignored but added at the end
NOTE: JX023285 (identical to PX458189) is ignored but added at the end
NOTE: KF429765 (identical to PX458189) is ignored but added at the end
NOTE: KT943503 (identical to PX458189) is ignored but added at the end
NOTE: PX458275 (identical to PX458273) is ignored but added at the end
NOTE: PV242304 (identical to PX458273) is ignored but added at the end
NOTE: PX458271 (identical to PX458273) is ignored but added at the end
NOTE: PX458272 (identical to PX458273) is ignored but added at the end
NOTE: PX986530 (identical to PX986528) is ignored but added at the end
NOTE: PX986531 (identical to PX986528) is ignored but added at the end
NOTE: PX986534 (identical to PX986532) is ignored but added at the end
NOTE: PX986535 (identical to PX986532) is ignored but added at the end
NOTE: PX986536 (identical to PX986532) is ignored but added at the end
NOTE: PX986537 (identical to PX986532) is ignored but added at the end
NOTE: PX986538 (identical to PX986532) is ignored but added at the end
NOTE: PP550070 (identical to PP550063) is ignored but added at the end
NOTE: PP550083 (identical to PP550063) is ignored but added at the end
NOTE: PP550085 (identical to PP550067) is ignored but added at the end
NOTE: PP550073 (identical to PP550067) is ignored but added at the end
NOTE: PP550090 (identical to PP550067) is ignored but added at the end
NOTE: PP550084 (identical to PP550067) is ignored but added at the end
NOTE: EU004661 (identical to EU004657) is ignored but added at the end
NOTE: EU004662 (identical to EU004657) is ignored but added at the end
NOTE: EU004659 (identical to EU004657) is ignored but added at the end
Alignment was printed to tmp/alignment-delim.fasta.uniqueseq.phy

For your convenience alignment with unique sequences printed to tmp/alignment-delim.fasta.uniqueseq.phy

Create initial parsimony tree by phylogenetic likelihood library (PLL)... 6.592 seconds

NOTE: 271 MB RAM (0 GB) is required!
Measuring multi-threading efficiency up to 8 CPU cores
3 trees examined
Threads: 1 / Time: 8.668 sec / Speedup: 1.000 / Efficiency: 100% / LogL: -5951829
Threads: 2 / Time: 5.934 sec / Speedup: 1.461 / Efficiency: 73% / LogL: -5951829
Threads: 3 / Time: 5.543 sec / Speedup: 1.564 / Efficiency: 52% / LogL: -5951829
Threads: 4 / Time: 5.335 sec / Speedup: 1.625 / Efficiency: 41% / LogL: -5951829
Determining AUTO threadcount: done in 25.5189 secs using 223.8% CPU
BEST NUMBER OF THREADS: 3

Estimate model parameters (epsilon = 0.500)
1. Initial log-likelihood: -491879.208
2. Current log-likelihood: -455652.052
3. Current log-likelihood: -455446.338
4. Current log-likelihood: -455445.828
Optimal log-likelihood: -455445.673
Rate parameters:  A-C: 1.35493  A-G: 6.60093  A-T: 1.44624  C-G: 0.87108  C-T: 10.24290  G-T: 1.00000
Base frequencies:  A: 0.257  C: 0.261  G: 0.224  T: 0.257
Parameters optimization took 4 rounds (15.872 sec)
Wrote distance file to... 
Computing ML distances based on estimated model parameters...
Calculating distance matrix: done in 21.7281 secs using 292.6% CPU
Computing ML distances took 21.862190 sec (of wall-clock time) 63.753294 sec (of CPU time)
Setting up auxiliary I and S matrices: done in 0.26102 secs using 330.1% CPU
Constructing RapidNJ tree: done in 1.29224 secs using 369.9% CPU
Computing RapidNJ tree took 1.553884 sec (of wall-clock time) 5.643729 sec (of CPU time)
Log-likelihood of RapidNJ tree: -472990.796
--------------------------------------------------------------------
|             INITIALIZING CANDIDATE TREE SET                      |
--------------------------------------------------------------------

Do NNI search on 2 best initial trees
Estimate model parameters (epsilon = 0.500)
BETTER TREE FOUND at iteration 1: -454809.972
Finish initializing candidate tree set (4)
Current best tree score: -454809.972 / CPU time: 31.756
Number of iterations: 2
TREE SEARCH COMPLETED AFTER 2 ITERATIONS / Time: 0h:2m:7s

--------------------------------------------------------------------
|                    FINALIZING TREE SEARCH                        |
--------------------------------------------------------------------
Performs final model parameters optimization
Estimate model parameters (epsilon = 0.050)
1. Initial log-likelihood: -454809.972
Optimal log-likelihood: -454809.936
Rate parameters:  A-C: 1.37654  A-G: 6.78542  A-T: 1.48229  C-G: 0.88216  C-T: 10.54347  G-T: 1.00000
Base frequencies:  A: 0.257  C: 0.261  G: 0.224  T: 0.257
Parameters optimization took 1 rounds (1.556 sec)
BEST SCORE FOUND : -454809.936
Total tree length: 59.430

Total number of iterations: 2
CPU time used for tree search: 93.646 sec (0h:1m:33s)
Wall-clock time used for tree search: 31.768 sec (0h:0m:31s)
Total CPU time used: 314.374 sec (0h:5m:14s)
Total wall-clock time used: 129.000 sec (0h:2m:9s)

Analysis results written to: 
  IQ-TREE report:                tmp/alignment-delim.fasta.iqtree
  Maximum-likelihood tree:       tmp/alignment-delim.fasta.treefile
  Likelihood distances:          tmp/alignment-delim.fasta.mldist
  Screen log file:               tmp/alignment-delim.fasta.log

Date and Time: Thu Apr 23 16:05:44 2026
