IQ-TREE version 3.0.1 for MacOS Intel 64-bit built Jul  9 2025
Developed by Bui Quang Minh, Thomas Wong, Nhan Ly-Trong, Huaiyan Ren
Contributed by Lam-Tung Nguyen, Dominik Schrempf, Chris Bielow,
Olga Chernomor, Michael Woodhams, Diep Thi Hoang, Heiko Schmidt

Host:    Arons-MacBook-Pro.local (SSE4.2, 8 GB RAM)
Command: iqtree3 --threads-max 8 -s tmp/alignment_with_outgroup-delim.fasta -m GTR --ninit 2 -n 2 --epsilon 0.05 -T AUTO --redo
Seed:    873241 (Using SPRNG - Scalable Parallel Random Number Generator)
Time:    Wed May 13 10:45:27 2026
Kernel:  SSE2 - auto-detect threads (8 CPU cores detected)

Reading alignment file tmp/alignment_with_outgroup-delim.fasta ... Fasta format detected
Reading fasta file: done in 0.157318 secs using 90.67% CPU
Alignment most likely contains DNA/RNA sequences
Constructing alignment: done in 0.103893 secs using 391.9% CPU
Alignment has 5599 sequences with 1623 columns, 1618 distinct patterns
1525 parsimony-informative, 64 singleton sites, 34 constant sites
           Gap/Ambiguity  Composition  p-value
Analyzing sequences: done in 0.00880599 secs using 412.9% CPU
   1  NC_039477    0.00%    passed     66.84%
   2  MH218684     0.00%    passed     66.84%
   3  KY887600     0.00%    passed     66.84%
   4  PV746276     0.00%    passed     71.71%
   5  PV746277     0.00%    passed     70.58%
   6  MT238666     0.00%    passed     73.25%
   7  MT344179     0.00%    passed     73.25%
   8  MK756038     0.00%    passed     74.84%
   9  MK762566     0.00%    passed     78.29%
  10  MK756037     0.00%    passed     66.84%
  11  MK073885     0.00%    passed     79.54%
  12  KY887604     0.00%    passed     71.86%
  13  OL898514     0.00%    passed     70.98%
  14  MK073890     0.00%    passed     61.15%
  15  MK762563     0.00%    passed     58.41%
  16  KY947550     0.00%    passed     69.34%
  17  KX907727     0.00%    passed     69.34%
  18  MW305560     0.00%    passed     63.93%
  19  MW305632     0.00%    passed     64.62%
  20  MK756035     0.00%    passed     61.89%
  21  MW305633     0.00%    passed     65.78%
  22  MZ478139     0.00%    passed     64.62%
  23  MK762637     0.00%    passed     69.63%
  24  KY210980     0.00%    passed     71.86%
  25  MK753029     0.00%    passed     71.79%
  26  PX733076     0.18%    passed     70.61%
  27  PX733090     0.18%    passed     70.61%
  28  PX733094     0.25%    passed     68.49%
  29  PX733086     0.18%    passed     74.94%
  30  MK754442     0.00%    passed     66.84%
  31  KX354142     0.00%    passed     66.84%
  32  KX354141     0.00%    passed     64.69%
  33  PQ213435    18.67%    passed     23.75%
  34  MG892929     0.00%    passed     76.02%
  35  MZ026959     3.88%    passed     67.89%
  36  KX764834     3.88%    passed     78.71%
  37  MN503061     3.88%    passed     76.15%
  38  KX764833     3.88%    passed     78.23%
  39  LC175468     0.00%    passed     65.42%
  40  MK753030     0.00%    passed     80.24%
  41  MH260482     0.00%    passed     62.37%
  42  MW305558     0.00%    passed     68.60%
  43  MK762568     0.00%    passed     69.45%
  44  MZ958411     0.00%    passed     77.45%
  45  MK764018     0.00%    passed     59.02%
  46  KY887602     0.00%    passed     49.26%
  47  KY887603     0.00%    passed     49.26%
  48  OL898515     0.00%    passed     64.69%
  49  KY887605     0.00%    passed     77.57%
  50  MG002630     0.00%    passed     78.27%
  51  MW305637     0.00%    passed     54.15%
  52  MH260496     0.00%    passed     69.63%
  53  MH260505     0.00%    passed     69.63%
  54  MH260508     0.00%    passed     76.80%
  55  MK773584     0.00%    passed     71.21%
  56  MK754446     0.00%    passed     66.19%
  57  MT238667     0.00%    passed     63.76%
  58  MT537605     0.00%    passed     63.76%
  59  MT238668     0.00%    passed     63.76%
  60  MT238670     0.00%    passed     63.76%
  61  MT537633     0.00%    passed     63.76%
  62  MT344180     0.00%    passed     63.76%
  63  MK764013     0.00%    passed     66.19%
  64  MK764015     0.00%    passed     67.85%
  65  MN525275     0.00%    passed     61.16%
  66  MN525276     0.00%    passed     55.94%
  67  MN782359     0.00%    passed     70.61%
  68  MH791994     0.00%    passed     71.40%
  69  LC769705     0.00%    passed     74.21%
  70  LC325217     0.00%    passed     77.65%
  71  LC331997     0.00%    passed     73.34%
  72  MK213544     0.18%    passed     73.94%
  73  LC769708     0.00%    passed     72.51%
  74  KY679170     0.00%    passed     63.00%
  75  MK762632     0.00%    passed     77.45%
  76  MK752943     0.00%    passed     68.50%
  77  MK753017     0.00%    passed     63.76%
  78  OP205549     0.00%    passed     70.61%
  79  MW726099     1.36%    passed     53.05%
  80  MW725362     1.85%    passed     56.79%
  81  MW703835     2.03%    passed     54.65%
  82  LC769693     0.00%    passed     43.32%
  83  LC769699     0.00%    passed     50.74%
  84  MW709586     1.66%    passed     41.34%
  85  MW709588     1.66%    passed     42.55%
  86  MW711338     1.66%    passed     37.31%
  87  MW725359     2.03%    passed     35.86%
  88  MW711331     9.06%    passed     32.53%
  89  MW711330     1.91%    passed     45.80%
  90  MW709580     5.61%    passed     40.82%
  91  MW725360     1.66%    passed     58.16%
  92  MW711339     1.66%    passed     37.37%
  93  PQ195918     0.00%    passed     39.28%
  94  PQ195936     0.00%    passed     34.68%
  95  PQ195937     0.00%    passed     34.68%
  96  PQ195938     0.00%    passed     34.68%
  97  PQ214834     0.00%    passed     47.90%
  98  PQ214835     0.00%    passed     48.11%
  99  PQ214836     0.00%    passed     45.44%
 100  LC769683     0.00%    passed     56.63%
 101  LC769684     0.00%    passed     55.34%
 102  MW709577     1.54%    passed     50.95%
 103  MW709578     2.40%    passed     43.53%
 104  MW709590     1.66%    passed     49.41%
 105  MW709581     1.48%    passed     41.92%
 106  MW711336     1.48%    passed     34.53%
 107  MW709579     1.66%    passed     41.79%
 108  MW709582     2.03%    passed     70.29%
 109  OL898512     0.00%    passed     70.47%
 110  MK762621     0.00%    passed     68.43%
 111  MH260480     0.00%    passed     79.48%
 112  MH260481     0.00%    passed     85.89%
 113  MH260483     0.00%    passed     84.76%
 114  MH260485     0.00%    passed     86.24%
 115  MH260497     0.00%    passed     86.24%
 116  MH279823     0.00%    passed     86.24%
 117  MH260488     0.00%    passed     84.76%
 118  MH260498     0.00%    passed     86.24%
 119  MH260491     0.00%    passed     86.24%
 120  MH260489     0.00%    passed     84.64%
 121  MW661279     0.00%    passed     66.84%
 122  MW661280     0.00%    passed     66.84%
 123  MK213545     0.18%    passed     67.35%
 124  MW305723     0.00%    passed     75.09%
 125  MK213546     0.18%    passed     78.98%
 126  OP456985     0.00%    passed     61.16%
 127  OP456987     0.00%    passed     64.69%
 128  OP518601     0.00%    passed     77.30%
 129  OP457000     0.00%    passed     66.22%
 130  OP205573     0.00%    passed     58.61%
 131  MW661264     0.00%    passed     48.89%
 132  OR794161     0.00%    passed     43.85%
 133  OR794207     0.00%    passed     43.85%
 134  OP595531     0.00%    passed     76.08%
 135  OP456991     0.00%    passed     31.28%
 136  MK762636     0.00%    passed     77.75%
 137  MT029316     0.00%    passed     87.58%
 138  OP205553     0.00%    passed     54.84%
 139  OP595532     0.00%    passed     65.50%
 140  OP456995     0.00%    passed     43.54%
 141  MK753018     0.00%    passed     81.53%
 142  OP595533     0.00%    passed     72.93%
 143  LC798257     0.00%    passed     74.23%
 144  LC645996     0.00%    passed     70.61%
 145  PV746278     0.00%    passed     56.09%
 146  MN996299     0.00%    passed     64.96%
 147  MW521113     0.00%    passed     59.08%
 148  OP205582     0.00%    passed     58.41%
 149  MW305708     0.00%    passed     67.48%
 150  OP205563     0.00%    passed     75.44%
 151  OP205564     0.00%    passed     73.34%
 152  OP205571     0.00%    passed     73.05%
 153  PX458543     0.00%    passed     85.89%
 154  PX458554     0.00%    passed     84.67%
 155  PQ195927     0.00%    passed     90.22%
 156  PQ195928     0.00%    passed     90.22%
 157  OP456999     0.00%    passed     55.94%
 158  OP457001     0.00%    passed     75.09%
 159  OP457002     0.00%    passed     68.14%
 160  PQ209095     0.00%    passed     60.73%
 161  MZ026951     3.88%    passed     61.45%
 162  MZ026966     3.88%    passed     64.97%
 163  MN502927     3.88%    passed     45.35%
 164  PX458471     0.00%    passed     74.45%
 165  PX458531     0.00%    passed     71.97%
 166  PX458540     0.00%    passed     68.64%
 167  PX458545     0.00%    passed     73.32%
 168  PX458538     0.00%    passed     68.64%
 169  PX458547     0.00%    passed     73.32%
 170  PX458552     0.00%    passed     72.84%
 171  PX458528     0.00%    passed     73.33%
 172  PX458553     0.00%    passed     68.64%
 173  PP267269     0.00%    passed     59.87%
 174  OL336386     0.00%    passed     68.39%
 175  OL336352     0.00%    passed     71.40%
 176  OL336364     0.00%    passed     71.40%
 177  LC798003     0.00%    passed     64.92%
 178  LC798004     0.00%    passed     66.75%
 179  OL336388     0.00%    passed     72.86%
 180  OL336353     0.00%    passed     71.05%
 181  OL336354     0.00%    passed     71.05%
 182  OL336355     0.00%    passed     71.05%
 183  OL336356     0.00%    passed     71.05%
 184  OL336357     0.00%    passed     71.05%
 185  OL336383     0.00%    passed     66.75%
 186  OL336360     0.00%    passed     64.92%
 187  MW521126     0.00%    passed     72.86%
 188  OL336367     0.00%    passed     75.12%
 189  OL336387     0.00%    passed     71.40%
 190  MW521127     0.00%    passed     66.62%
 191  OL336358     0.00%    passed     70.61%
 192  OQ940069     0.00%    passed     69.83%
 193  OL336359     0.00%    passed     66.75%
 194  PQ740361     0.00%    passed     66.84%
 195  OQ940073     0.00%    passed     74.21%
 196  OL336365     0.00%    passed     76.80%
 197  MW521129     0.00%    passed     69.73%
 198  OQ940072     0.00%    passed     69.83%
 199  MW521130     0.00%    passed     62.07%
 200  PP267272     0.00%    passed     69.73%
 201  OQ940075     0.00%    passed     67.85%
 202  OQ940076     0.00%    passed     67.85%
 203  OP037976     0.00%    passed     69.73%
 204  OQ940078     0.00%    passed     69.73%
 205  OQ940079     0.00%    passed     67.85%
 206  OQ940077     0.00%    passed     64.92%
 207  OP037980     0.00%    passed     73.16%
 208  OP037982     0.00%    passed     64.92%
 209  OQ940080     0.00%    passed     67.85%
 210  OP037983     0.00%    passed     71.53%
 211  OQ940081     0.00%    passed     58.46%
 212  OQ940071     0.00%    passed     73.25%
 213  OL336361     0.00%    passed     73.91%
 214  OL336362     0.00%    passed     74.92%
 215  OQ940070     0.00%    passed     74.21%
 216  PQ740362     0.00%    passed     64.06%
 217  OP712198     0.00%    passed     65.30%
 218  PP267275     0.00%    passed     75.69%
 219  PQ475910     0.00%    passed     70.40%
 220  PP658561     0.00%    passed     66.22%
 221  PQ507183     0.00%    passed     77.45%
 222  OL336366     0.00%    passed     81.79%
 223  PQ507174     0.00%    passed     74.64%
 224  PQ507185     0.00%    passed     78.69%
 225  OL336384     0.00%    passed     75.71%
 226  ON329737     0.00%    passed     76.84%
 227  OL336363     0.00%    passed     72.86%
 228  PZ240507     0.00%    passed     79.59%
 229  PX988165     0.18%    passed     72.19%
 230  PZ240471     0.00%    passed     70.15%
 231  PQ740358     0.00%    passed     72.16%
 232  PQ507171     0.00%    passed     63.33%
 233  PZ240494     0.00%    passed     73.29%
 234  PZ240499     0.00%    passed     73.54%
 235  PZ240485     0.00%    passed     60.63%
 236  PZ240492     0.00%    passed     63.33%
 237  PZ240491     0.00%    passed     72.92%
 238  PZ240501     0.00%    passed     79.56%
 239  PX458478     0.00%    passed     59.08%
 240  PX458523     0.00%    passed     54.57%
 241  PX458507     0.18%    passed     67.48%
 242  PX458529     0.00%    passed     59.89%
 243  PQ119970     8.81%    passed     52.16%
 244  OR794162     0.00%    passed     53.15%
 245  PX458481     0.00%    passed     70.15%
 246  PX458495     0.00%    passed     70.15%
 247  PZ240503     0.00%    passed     71.97%
 248  PX458494     0.00%    passed     67.60%
 249  PZ240490     0.00%    passed     76.29%
 250  PX458483     0.00%    passed     73.33%
 251  PX988159     0.18%    passed     79.91%
 252  PX988160     0.18%    passed     78.19%
 253  PX988161     0.18%    passed     78.19%
 254  PX988162     0.18%    passed     78.19%
 255  PZ251436     0.00%    passed     76.05%
 256  PP564834     0.00%    passed     79.50%
 257  PZ208546     0.00%    passed     69.73%
 258  PZ208547     0.06%    passed     69.85%
 259  PP549876     0.00%    passed     62.34%
 260  PP549879     0.00%    passed     62.34%
 261  PP564828     0.00%    passed     59.75%
 262  PP381831     0.00%    passed     62.91%
 263  PP549885     0.00%    passed     60.48%
 264  PX988163     0.18%    passed     74.05%
 265  PX988164     0.18%    passed     74.05%
 266  PQ031233     0.00%    passed     68.39%
 267  PQ097900     0.00%    passed     53.36%
 268  PZ098688     0.00%    passed     50.97%
 269  PZ143330     0.00%    passed     70.13%
 270  PV394770     0.00%    passed     61.51%
 271  PQ195908     0.00%    passed     59.15%
 272  PX458485     0.00%    passed     73.05%
 273  PX458497     0.00%    passed     73.05%
 274  PX458501     0.00%    passed     60.69%
 275  PV746275     0.00%    passed     57.14%
 276  PX458503     0.00%    passed     61.12%
 277  PX458512     0.00%    passed     61.12%
 278  LC777250     0.00%    passed     54.76%
 279  LC790059     0.00%    passed     54.76%
 280  LC790060     0.00%    passed     47.03%
 281  LC790069     0.00%    passed     50.18%
 282  PZ189635     0.00%    passed     74.23%
 283  PX458489     0.00%    passed     50.29%
 284  PX458510     0.00%    passed     51.40%
 285  PX458500     0.00%    passed     59.62%
 286  PX458509     0.25%    passed     65.00%
 287  PX458515     0.00%    passed     59.62%
 288  PX458518     0.00%    passed     43.74%
 289  PX458517     0.00%    passed     53.32%
 290  PZ251435     0.00%    passed     85.12%
 291  PQ195887     0.00%    passed     64.52%
 292  PQ195889     0.00%    passed     64.52%
 293  PQ195899     0.00%    passed     62.21%
 294  PQ195900     0.00%    passed     62.21%
 295  PQ196528     0.00%    passed     69.96%
 296  PQ218566     0.00%    passed     64.52%
 297  PQ218567     0.00%    passed     64.52%
 298  PQ218568     0.00%    passed     64.52%
 299  PQ195910     0.00%    passed     53.18%
 300  PQ195911     0.00%    passed     53.18%
 301  PQ195912     0.00%    passed     53.18%
 302  PQ195922     0.00%    passed     46.47%
 303  PQ196561     0.00%    passed     54.40%
 304  PQ196562     0.00%    passed     54.40%
 305  PQ196563     0.00%    passed     54.40%
 306  PQ195906     0.00%    passed     40.38%
 307  PQ215543     0.00%    passed     37.93%
 308  PQ215546     0.00%    passed     37.93%
 309  PQ196545     0.00%    passed     40.38%
 310  PQ196522     0.00%    passed     37.73%
 311  PQ196554     0.00%    passed     33.16%
 312  PQ215526     0.00%    passed     35.50%
 313  PQ215540     0.00%    passed     42.93%
 314  PQ196569     0.00%    passed     42.93%
 315  PQ196550     0.00%    passed     39.99%
 316  PQ196555     0.00%    passed     37.73%
 317  PQ209105     0.00%    passed     36.99%
 318  PQ209108     0.00%    passed     33.78%
 319  PQ196548     0.00%    passed     40.12%
 320  PQ196557     0.00%    passed     39.33%
 321  PQ196531     0.00%    passed     37.24%
 322  PQ196538     0.00%    passed     39.99%
 323  PQ196526     0.00%    passed     38.49%
 324  PQ196527     0.00%    passed     40.74%
 325  PQ196513     0.00%    passed     39.28%
 326  PQ209098     0.00%    passed     34.50%
 327  PQ196560     0.00%    passed     35.43%
 328  PQ196514     0.00%    passed     54.06%
 329  OR700746     0.00%    passed     54.06%
 330  LC790067     0.00%    passed     55.77%
 331  PQ195917     0.00%    passed     64.50%
 332  PQ195930     0.00%    passed     59.33%
 333  PQ195933     0.00%    passed     59.33%
 334  PQ195934     0.00%    passed     59.33%
 335  PQ195944     0.00%    passed     59.33%
 336  PQ195951     0.00%    passed     59.33%
 337  PQ195952     0.00%    passed     59.33%
 338  PQ195950     0.00%    passed     59.33%
 339  PQ195929     0.00%    passed     65.94%
 340  PQ195923     0.00%    passed     54.76%
 341  PQ195924     0.00%    passed     54.76%
 342  PQ195925     0.00%    passed     61.75%
 343  MW725358     2.22%    passed     71.73%
 344  OP457003     0.00%    passed     84.28%
 345  OP457004     0.00%    passed     79.72%
 346  OP457005     0.00%    passed     79.72%
 347  PX458544     0.00%    passed     84.67%
 348  MK752933     0.00%    passed     84.28%
 349  MK752934     0.00%    passed     84.28%
 350  MW661283     0.00%    passed     50.18%
 351  MH922876     0.00%    passed     43.34%
 352  MG002633     0.00%    passed     47.40%
 353  MW725361     2.40%    passed     46.67%
 354  MZ026992     6.28%    passed     57.32%
 355  PQ273186     0.00%    passed     73.74%
 356  PQ195882     0.00%    passed     85.64%
 357  PQ195891     0.00%    passed     77.36%
 358  PQ195893     0.00%    passed     77.36%
 359  PQ209094     0.00%    passed     82.99%
 360  PQ215577     0.00%    passed     77.31%
 361  PQ207929     0.00%    passed     79.42%
 362  MN897755     0.00%    passed     69.90%
 363  MT031821     0.00%    passed     64.99%
 364  PQ195943     0.00%    passed     44.47%
 365  PQ195919     0.00%    passed     47.12%
 366  PQ195921     0.00%    passed     49.56%
 367  PP512758     0.00%    passed     74.19%
 368  MW661261     0.00%    passed     80.94%
 369  PV282519     0.18%    passed     76.26%
 370  PX458520     0.00%    passed     84.11%
 371  OP412419     0.00%    passed     84.99%
 372  MW521116     0.00%    passed     84.11%
 373  MW521125     0.00%    passed     85.14%
 374  PX458546     0.00%    passed     87.60%
 375  PX458526     0.00%    passed     88.84%
 376  MW521118     0.00%    passed     90.02%
 377  MW521120     0.00%    passed     90.14%
 378  MW521119     0.00%    passed     85.46%
 379  MW521121     0.00%    passed     88.16%
 380  OP412418     0.00%    passed     85.16%
 381  MW521124     0.00%    passed     85.16%
 382  PX458561     0.00%    passed     80.13%
 383  MW521128     0.00%    passed     80.96%
 384  OR084258     0.00%    passed     80.89%
 385  PP498986     0.00%    passed     90.72%
 386  PP498988     0.00%    passed     94.48%
 387  PP498989     0.00%    passed     93.58%
 388  OR793076     0.00%    passed     90.14%
 389  MH469202     1.42%    passed     91.23%
 390  KY679171     0.00%    passed     91.24%
 391  OR084257     0.00%    passed     86.01%
 392  MK213524     0.18%    passed     89.86%
 393  MH469184     1.79%    passed     96.88%
 394  OM372477     0.00%    passed     90.00%
 395  OM372682     0.00%    passed     90.00%
 396  OM373317     0.00%    passed     90.14%
 397  OM372478     0.00%    passed     91.60%
 398  OM372481     0.00%    passed     90.16%
 399  OR844379     0.00%    passed     78.26%
 400  OR844380     0.00%    passed     78.26%
 401  OR844381     0.00%    passed     75.18%
 402  LC644993     0.00%    passed     75.03%
 403  LC699533     0.00%    passed     81.14%
 404  LC699535     0.00%    passed     80.86%
 405  LC699536     0.00%    passed     83.38%
 406  LC699537     0.00%    passed     82.88%
 407  LC699534     0.00%    passed     78.16%
 408  LC699532     0.00%    passed     83.66%
 409  LC699529     0.00%    passed     83.45%
 410  OR084262     0.00%    passed     83.24%
 411  LC744880     0.00%    passed     83.56%
 412  LC744881     0.00%    passed     83.56%
 413  MH229932     0.00%    passed     82.97%
 414  MW661281     0.00%    passed     87.13%
 415  KU678202     0.00%    passed     76.20%
 416  KX657735     0.00%    passed     77.08%
 417  KX657723     0.00%    passed     81.70%
 418  KX657726     0.00%    passed     84.99%
 419  KX657729     0.00%    passed     74.01%
 420  KX657734    14.29%    passed     44.73%
 421  MH229930     0.00%    passed     83.41%
 422  MH469193     1.42%    passed     90.52%
 423  KY407143     0.00%    passed     84.99%
 424  KY407144     0.00%    passed     84.99%
 425  KY407104     0.00%    passed     84.99%
 426  KY407105     0.00%    passed     81.70%
 427  KY407140     0.00%    passed     84.11%
 428  KY407138     0.00%    passed     85.63%
 429  MH469185     1.79%    passed     84.90%
 430  KY407069     0.00%    passed     81.70%
 431  KY679162     0.00%    passed     86.14%
 432  KY679163     0.00%    passed     86.14%
 433  KY679165     0.00%    passed     86.14%
 434  KY679168     0.00%    passed     86.14%
 435  KY679169     0.00%    passed     86.14%
 436  MH229939     0.00%    passed     83.24%
 437  MH229941     0.00%    passed     67.33%
 438  MZ026934     3.88%    passed     86.72%
 439  KY407102     0.00%    passed     80.56%
 440  KY407075     0.00%    passed     79.95%
 441  KY407119     0.00%    passed     80.56%
 442  MG214988     0.00%    passed     83.37%
 443  OR793078     0.00%    passed     93.47%
 444  OR084263     0.00%    passed     90.14%
 445  OR084264     0.00%    passed     90.14%
 446  OM373200     0.00%    passed     91.73%
 447  OM386814     0.00%    passed     91.64%
 448  OL336348     0.00%    passed     90.14%
 449  MW521112     0.00%    passed     90.00%
 450  MW521115     0.00%    passed     88.14%
 451  MK928497     0.00%    passed     83.77%
 452  MK928498     0.00%    passed     83.77%
 453  MK928499     0.00%    passed     81.14%
 454  MN897754     0.00%    passed     93.78%
 455  MH229940     0.00%    passed     92.98%
 456  OP595539     0.00%    passed     85.71%
 457  OM372480     0.00%    passed     85.66%
 458  OM372672     0.00%    passed     85.66%
 459  OM373210     0.00%    passed     80.86%
 460  OM373532     0.00%    passed     87.94%
 461  OM373654     0.00%    passed     88.14%
 462  OM372485     0.00%    passed     89.63%
 463  OM373624     0.00%    passed     91.24%
 464  OM373643     0.00%    passed     91.24%
 465  OM373207     0.00%    passed     92.59%
 466  OM386670     0.00%    passed     92.59%
 467  OM386843     0.00%    passed     89.63%
 468  LC699526     0.00%    passed     91.73%
 469  LC645995     0.00%    passed     91.60%
 470  LC699531     0.00%    passed     91.73%
 471  LC699528     0.00%    passed     94.40%
 472  OP595534     0.00%    passed     87.76%
 473  OK148516     0.00%    passed     90.00%
 474  PQ740346     0.00%    passed     85.63%
 475  LC699527     0.00%    passed     94.58%
 476  LC699530     0.00%    passed     93.70%
 477  LC798258     0.00%    passed     88.14%
 478  LC645998     0.00%    passed     88.14%
 479  OR793079     0.00%    passed     88.96%
 480  OR844378     0.00%    passed     88.28%
 481  OP205579     0.00%    passed     83.24%
 482  OP595535     0.00%    passed     89.14%
 483  OL336349     0.00%    passed     91.32%
 484  MT158858     0.00%    passed     90.04%
 485  MT158859     0.00%    passed     90.04%
 486  OM372490     0.00%    passed     95.03%
 487  OL336350     0.00%    passed     92.13%
 488  OL336351     0.00%    passed     91.78%
 489  MZ027000     3.88%    passed     90.64%
 490  LC726073     0.00%    passed     85.66%
 491  MZ026972     3.88%    passed     79.97%
 492  OM372476     0.00%    passed     88.28%
 493  OM372479     0.00%    passed     86.01%
 494  MN588307     0.00%    passed     83.77%
 495  MN588300     0.00%    passed     87.84%
 496  MN588304     0.00%    passed     87.72%
 497  MN588305     0.00%    passed     85.70%
 498  OQ451917     0.00%    passed     83.32%
 499  OQ451919     0.00%    passed     83.32%
 500  OQ451906     0.00%    passed     83.45%
 501  OQ451910     0.00%    passed     83.45%
 502  OQ451923     0.00%    passed     83.45%
 503  OQ451908     0.00%    passed     80.68%
 504  OQ451921     0.00%    passed     80.68%
 505  OQ451922     0.00%    passed     77.81%
 506  OQ451909     0.00%    passed     83.45%
 507  OQ451914     0.00%    passed     83.45%
 508  OQ451911     0.00%    passed     89.45%
 509  OQ451912     0.00%    passed     89.45%
 510  OQ451913     0.00%    passed     89.45%
 511  OQ451924     0.00%    passed     89.45%
 512  LC885326     0.00%    passed     90.48%
 513  MZ026935     3.88%    passed     95.81%
 514  MZ027029     3.88%    passed     95.81%
 515  MZ026944     3.88%    passed     94.83%
 516  MN502971     3.88%    passed     95.47%
 517  MN502973     3.88%    passed     90.98%
 518  MN588299     0.00%    passed     91.75%
 519  LC790052     0.00%    passed     88.19%
 520  MN502930     3.88%    passed     81.61%
 521  PQ740339     0.00%    passed     90.14%
 522  PQ740340     0.00%    passed     90.14%
 523  PQ740342     0.00%    passed     91.31%
 524  PQ740343     0.00%    passed     91.31%
 525  OR084261     0.00%    passed     87.13%
 526  MW981327     0.00%    passed     88.14%
 527  LC645997     0.00%    passed     91.29%
 528  OR084259     0.00%    passed     85.66%
 529  OR084260     0.00%    passed     96.19%
 530  MH469205     0.00%    passed     88.23%
 531  MH979230     0.00%    passed     84.46%
 532  LC798039     0.00%    passed     83.67%
 533  LC798041     0.00%    passed     83.67%
 534  KY407131     0.00%    passed     89.02%
 535  MH229942     0.00%    passed     74.43%
 536  LC726078     0.00%    passed     63.90%
 537  LC790054     0.00%    passed     75.17%
 538  LC699541     0.00%    passed     78.14%
 539  LC798012     0.00%    passed     75.40%
 540  LC798022     0.00%    passed     69.86%
 541  MZ026984     3.88%    passed     68.95%
 542  LC726075     0.00%    passed     78.38%
 543  LC699540     0.00%    passed     78.38%
 544  LC798007     0.00%    passed     83.30%
 545  LC699538     0.00%    passed     88.12%
 546  MN764311     0.18%    passed     85.93%
 547  MN588302     0.00%    passed     90.16%
 548  PQ507170     0.00%    passed     92.98%
 549  PQ507177     0.00%    passed     91.64%
 550  PQ507179     0.00%    passed     90.14%
 551  PQ507178     0.00%    passed     95.03%
 552  PX732937     0.18%    passed     93.72%
 553  PX732955     0.25%    passed     87.76%
 554  LC122826     0.00%    passed     86.45%
 555  KM258129     0.00%    passed     86.45%
 556  KJ533133     0.00%    passed     86.45%
 557  KF509946     0.00%    passed     88.23%
 558  KF060030     0.00%    passed     84.54%
 559  KF060056     0.00%    passed     82.71%
 560  MK070152     0.00%    passed     80.77%
 561  LC005728     0.00%    passed     88.16%
 562  KF008240     0.00%    passed     85.16%
 563  KF059999     0.00%    passed     85.14%
 564  PX732975     0.18%    passed     87.84%
 565  PX733004     0.18%    passed     87.84%
 566  PX733011     0.18%    passed     87.84%
 567  PX733009     0.18%    passed     87.84%
 568  PX733016     0.18%    passed     87.55%
 569  PX732996     0.18%    passed     89.65%
 570  KJ196279     0.00%    passed     85.35%
 571  KJ196281     0.00%    passed     85.35%
 572  KX354004     0.00%    passed     85.35%
 573  JX629458     0.00%    passed     85.35%
 574  KJ196280     0.00%    passed     84.58%
 575  LC720175     0.00%    passed     84.58%
 576  LC122792     0.00%    passed     86.84%
 577  LC122800     0.00%    passed     88.84%
 578  LC122793     0.00%    passed     86.84%
 579  KC175323     0.00%    passed     86.84%
 580  KJ678137     0.00%    passed     83.56%
 581  KJ678138     0.00%    passed     86.84%
 582  KJ716365     0.00%    passed     83.56%
 583  KJ716361     0.00%    passed     85.87%
 584  LC122809     0.00%    passed     89.58%
 585  LC122812     0.00%    passed     80.09%
 586  LC122802     0.00%    passed     89.58%
 587  KY407169     0.00%    passed     80.09%
 588  KJ716363     0.00%    passed     87.60%
 589  MK753019     2.46%    passed     91.14%
 590  KJ451059     0.00%    passed     90.08%
 591  KX354105     0.00%    passed     88.84%
 592  LC744872     0.00%    passed     86.84%
 593  LC744875     0.00%    passed     89.61%
 594  LC744877     0.00%    passed     78.28%
 595  LC122798     0.00%    passed     89.58%
 596  LC122790     0.00%    passed     82.59%
 597  KC631827     0.00%    passed     87.13%
 598  KF060027     0.00%    passed     85.87%
 599  KJ955492     0.00%    passed     83.64%
 600  PX733030     0.18%    passed     85.48%
 601  PX733050     0.18%    passed     82.85%
 602  PX733059     0.18%    passed     85.52%
 603  KX354104     0.00%    passed     87.60%
 604  MH702270     0.00%    passed     85.87%
 605  MH702274     0.00%    passed     83.37%
 606  LC122803     0.00%    passed     89.61%
 607  LC122823     0.00%    passed     89.61%
 608  LC720172     0.00%    passed     82.84%
 609  PX733007     0.43%    passed     84.63%
 610  PX733058     0.18%    passed     76.58%
 611  PX733064     6.22%    passed     78.22%
 612  KM268088     0.00%    passed     87.60%
 613  KM268084     0.00%    passed     89.02%
 614  MG733284     0.00%    passed     86.26%
 615  MG733285     0.00%    passed     83.56%
 616  KJ678140     0.00%    passed     84.58%
 617  MW363194     0.00%    passed     79.31%
 618  MH218694     0.00%    passed     79.99%
 619  MH218711     0.00%    passed     77.30%
 620  MH218705     0.00%    passed     77.63%
 621  MH218709     0.00%    passed     77.10%
 622  MH218708     0.00%    passed     76.89%
 623  KJ433970     0.00%    passed     82.77%
 624  PX733085     0.18%    passed     85.19%
 625  PX733084     0.18%    passed     79.35%
 626  LC122820     0.00%    passed     77.63%
 627  KJ678147     0.00%    passed     78.24%
 628  KJ678148     0.00%    passed     76.48%
 629  KJ678150     0.00%    passed     82.29%
 630  MW305680     0.00%    passed     88.40%
 631  LC720170     0.00%    passed     85.84%
 632  LC373449     0.00%    passed     86.26%
 633  MK614062     0.00%    passed     82.07%
 634  KF060131     0.00%    passed     91.24%
 635  KF145149     0.00%    passed     92.75%
 636  KF177430     0.00%    passed     89.61%
 637  KF177434     0.00%    passed     90.58%
 638  KF177436     0.00%    passed     90.58%
 639  OR844372     0.00%    passed     85.84%
 640  PQ207941     0.00%    passed     88.18%
 641  OR844375     0.00%    passed     88.23%
 642  KP241909     0.00%    passed     82.77%
 643  KM268107     0.00%    passed     86.30%
 644  KT780381     0.00%    passed     79.99%
 645  KM514076     0.00%    passed     91.12%
 646  KP096344     0.00%    passed     92.05%
 647  LC122801     0.00%    passed     87.83%
 648  MH218715     0.00%    passed     89.92%
 649  LC122818     0.00%    passed     87.83%
 650  KP176405     0.00%    passed     90.08%
 651  MF140671     0.00%    passed     88.84%
 652  KX354055     0.00%    passed     68.31%
 653  PX732978     0.18%    passed     77.30%
 654  KX354047     0.00%    passed     87.19%
 655  PQ213802     0.00%    passed     70.66%
 656  KX354031     0.00%    passed     72.01%
 657  KX354009     0.00%    passed     70.19%
 658  MT474044     0.00%    passed     74.91%
 659  MN307994     0.00%    passed     76.84%
 660  MN308010     0.00%    passed     79.59%
 661  MT474049     0.00%    passed     71.39%
 662  MW305617     0.00%    passed     84.21%
 663  LC122828     0.00%    passed     80.65%
 664  KF668569     0.00%    passed     79.85%
 665  PV282507     0.00%    passed     76.33%
 666  PV282525     0.00%    passed     76.33%
 667  KX354106     0.00%    passed     74.90%
 668  MN703761     0.00%    passed     77.23%
 669  PX733022     0.18%    passed     76.05%
 670  KX354029     0.00%    passed     72.88%
 671  KX354112     0.00%    passed     72.29%
 672  PQ219040     0.00%    passed     79.17%
 673  MW305621     0.00%    passed     71.07%
 674  MW305626     0.00%    passed     81.10%
 675  PX732986     0.18%    passed     81.57%
 676  PQ557605     0.00%    passed     85.18%
 677  OQ721904     4.99%    passed     87.77%
 678  KC456073     0.00%    passed     76.54%
 679  KJ678142     0.00%    passed     81.04%
 680  KY407026     0.00%    passed     79.06%
 681  KY407060     0.00%    passed     83.63%
 682  KY407061     0.00%    passed     83.63%
 683  KY407063     0.00%    passed     83.63%
 684  KU678204     0.00%    passed     89.58%
 685  PX733061     0.18%    passed     81.22%
 686  MZ546177     0.00%    passed     78.24%
 687  MZ546178     0.00%    passed     78.24%
 688  MH218638     0.00%    passed     86.61%
 689  MZ546176     0.00%    passed     73.91%
 690  MH218674     0.00%    passed     87.85%
 691  OP727609     0.00%    passed     75.66%
 692  OP727610     0.00%    passed     75.66%
 693  LC066046     0.00%    passed     85.16%
 694  MH469169     0.00%    passed     70.83%
 695  KY407028     0.00%    passed     74.05%
 696  KY407040     0.00%    passed     79.77%
 697  KY407051     0.00%    passed     85.84%
 698  KP096348     0.00%    passed     74.18%
 699  KU678205     0.00%    passed     82.84%
 700  KY407070     0.00%    passed     75.50%
 701  MH218629     0.00%    passed     65.03%
 702  MH218632     0.00%    passed     69.08%
 703  KY407073     0.00%    passed     86.30%
 704  MH218628     0.00%    passed     55.70%
 705  PQ207936     0.00%    passed     78.72%
 706  MK907796     0.00%    passed     89.48%
 707  MK907797     0.00%    passed     90.26%
 708  KP241905     0.00%    passed     93.95%
 709  MZ546180     0.00%    passed     82.15%
 710  MH218707     0.00%    passed     95.95%
 711  KY406996     0.00%    passed     94.04%
 712  KT202796     0.00%    passed     82.20%
 713  KM982946     0.00%    passed     80.09%
 714  KT780378     0.00%    passed     80.89%
 715  OL898510     0.00%    passed     88.30%
 716  KJ955493     0.00%    passed     76.33%
 717  PQ507184     0.00%    passed     87.98%
 718  LC848168     0.00%    passed     92.25%
 719  LC848170     0.00%    passed     92.25%
 720  LC848169     0.00%    passed     92.25%
 721  KT780375     0.00%    passed     78.28%
 722  LC597114     0.00%    passed     89.18%
 723  LC597130     0.00%    passed     90.58%
 724  LC597116     0.00%    passed     79.77%
 725  KY407149     0.00%    passed     67.50%
 726  KT780388     0.00%    passed     73.04%
 727  MN308012     0.00%    passed     64.88%
 728  OP727612     0.00%    passed     77.93%
 729  OP727613     0.00%    passed     77.93%
 730  OR793074     0.00%    passed     65.41%
 731  LC390332     0.00%    passed     80.89%
 732  LC421227     0.00%    passed     80.89%
 733  LC421228     0.00%    passed     80.89%
 734  PQ557603     0.00%    passed     71.32%
 735  PQ557604     0.00%    passed     74.71%
 736  MH218626     0.00%    passed     63.98%
 737  MH218701     0.00%    passed     66.46%
 738  OR844376     0.00%    passed     69.88%
 739  OR844377     0.00%    passed     69.79%
 740  KY407032     0.00%    passed     82.97%
 741  KP698926     0.00%    passed     87.24%
 742  MN307999     0.00%    passed     90.34%
 743  MN308000     0.00%    passed     92.25%
 744  MK213511     0.18%    passed     89.56%
 745  MH218615     0.00%    passed     89.70%
 746  OL898511     0.00%    passed     88.58%
 747  LC177660     0.00%    passed     92.93%
 748  KY407087     0.00%    passed     84.41%
 749  KY407092     0.00%    passed     84.41%
 750  KU687027     3.88%    passed     90.54%
 751  MN502903     3.88%    passed     94.93%
 752  LC177659     0.00%    passed     83.14%
 753  KY679173     0.00%    passed     92.05%
 754  LC018707     0.00%    passed     78.24%
 755  KM268103     0.00%    passed     80.61%
 756  LC122829     0.00%    passed     74.62%
 757  LC122830     0.00%    passed     74.62%
 758  KY424331     0.31%    passed     74.96%
 759  KF668567     0.00%    passed     78.96%
 760  KF668568     0.00%    passed     81.78%
 761  OL898516     0.00%    passed     75.00%
 762  MK762623     0.00%    passed     75.00%
 763  MK762622     0.00%    passed     74.38%
 764  MH218609     0.00%    passed     64.12%
 765  MH218610     0.00%    passed     67.46%
 766  MH218611     0.00%    passed     67.46%
 767  MH218613     0.00%    passed     67.46%
 768  MH218633     0.00%    passed     66.48%
 769  MK073889     0.00%    passed     68.78%
 770  MH218619     0.00%    passed     60.56%
 771  PX733034     0.18%    passed     71.56%
 772  PQ215575     0.00%    passed     79.06%
 773  KF145148     0.00%    passed     85.69%
 774  KR131783     0.00%    passed     72.51%
 775  KF060136     0.00%    passed     73.89%
 776  KF060137     0.00%    passed     75.09%
 777  KF944259     0.00%    passed     71.86%
 778  KF378731     0.00%    passed     84.76%
 779  KR904222     0.00%    passed     68.43%
 780  KR904223     0.06%    passed     63.02%
 781  KR904224     0.12%    passed     65.29%
 782  KP784697     0.00%    passed     67.30%
 783  PQ207916     0.00%    passed     87.13%
 784  PQ207917     0.00%    passed     87.13%
 785  PP658553     0.00%    passed     96.26%
 786  PX733046     0.18%    passed     84.12%
 787  PX733087     0.18%    passed     79.46%
 788  MH218622     0.00%    passed     73.52%
 789  MN308005     0.00%    passed     78.96%
 790  MN308008     0.00%    passed     81.66%
 791  MN308022     0.00%    passed     81.66%
 792  OP595538     0.00%    passed     91.20%
 793  MW521100     0.00%    passed     78.06%
 794  MW521108     0.00%    passed     72.12%
 795  KY407054     0.00%    passed     85.69%
 796  MT474043     0.00%    passed     84.54%
 797  PX733068     0.18%    passed     82.01%
 798  OL898508     0.00%    passed     69.43%
 799  PQ207924     0.00%    passed     48.83%
 800  PQ218469     0.00%    passed     61.75%
 801  MW009071     0.00%    passed     64.50%
 802  PQ207927     0.00%    passed     68.70%
 803  MT474034     0.00%    passed     64.62%
 804  KY421039     0.00%    passed     46.38%
 805  OP727611     0.00%    passed     84.58%
 806  PQ243256     0.00%    passed     86.67%
 807  PQ218467     0.00%    passed     80.96%
 808  PQ218468     0.00%    passed     80.96%
 809  OP205547     0.00%    passed     71.37%
 810  OP205548     7.46%    passed     45.27%
 811  MH218706     0.00%    passed     81.41%
 812  MW521106     0.00%    passed     70.05%
 813  MW521107     0.00%    passed     65.42%
 814  MW521110     0.00%    passed     68.20%
 815  MW521114     0.00%    passed     73.96%
 816  MZ026933     3.88%    passed     84.67%
 817  MN525214     3.88%    passed     75.14%
 818  MF140639     0.00%    passed     96.81%
 819  MF140640     0.00%    passed     86.14%
 820  MN308017     0.00%    passed     68.95%
 821  PX458521     0.00%    passed     82.21%
 822  OR477993     0.00%    passed     90.54%
 823  PX733072     0.18%    passed     92.75%
 824  PX733089     0.18%    passed     91.79%
 825  PX733083     0.18%    passed     89.97%
 826  PX733088     0.18%    passed     93.33%
 827  PQ207925     0.00%    passed     90.08%
 828  MT026582     0.00%    passed     92.03%
 829  PQ207940     0.00%    passed     94.66%
 830  PQ213801     0.00%    passed     91.78%
 831  PQ218786     0.00%    passed     95.57%
 832  PQ208317     0.00%    passed     86.14%
 833  PQ215579     0.00%    passed     80.70%
 834  MT362912     0.00%    passed     88.40%
 835  MT362913     0.00%    passed     88.40%
 836  MW009070     0.00%    passed     88.40%
 837  MT725762     0.00%    passed     86.17%
 838  PQ214833     0.00%    passed     93.69%
 839  PZ239816     0.00%    passed     91.29%
 840  PQ215578     0.00%    passed     87.74%
 841  PQ208324     0.00%    passed     85.49%
 842  PQ208326     0.00%    passed     85.49%
 843  PQ208325     0.00%    passed     82.72%
 844  PQ213804     0.00%    passed     92.06%
 845  PQ207930     0.00%    passed     93.78%
 846  PQ195883     0.00%    passed     85.63%
 847  PQ195884     0.00%    passed     85.07%
 848  PQ195885     0.00%    passed     85.95%
 849  PQ195886     0.00%    passed     85.95%
 850  PQ195942     0.00%    passed     83.67%
 851  PQ195945     0.00%    passed     83.67%
 852  PQ195946     0.00%    passed     80.70%
 853  PQ195947     0.00%    passed     80.70%
 854  PQ195948     0.00%    passed     80.70%
 855  PQ195949     0.00%    passed     80.70%
 856  PQ207918     0.00%    passed     87.74%
 857  PQ207919     0.00%    passed     89.72%
 858  PQ207921     0.00%    passed     87.74%
 859  PQ207946     0.00%    passed     87.74%
 860  PQ207920     0.00%    passed     88.19%
 861  MK762561     0.00%    passed     91.86%
 862  PQ208315     0.00%    passed     84.50%
 863  OP412384     0.00%    passed     95.35%
 864  OP412385     0.00%    passed     94.63%
 865  OP412386     0.00%    passed     94.63%
 866  PQ195914     0.00%    passed     93.27%
 867  PQ195915     0.00%    passed     93.27%
 868  PQ195916     0.00%    passed     93.27%
 869  PX732972     0.18%    passed     86.60%
 870  PX733001     0.18%    passed     87.77%
 871  PX733012     0.37%    passed     87.07%
 872  PX732989     0.18%    passed     94.57%
 873  MZ376651     0.00%    passed     85.63%
 874  MW284781     0.00%    passed     87.76%
 875  MW284782     0.00%    passed     87.76%
 876  MF140641     0.00%    passed     88.84%
 877  MF140643     0.00%    passed     92.68%
 878  MH218607     0.00%    passed     95.02%
 879  MH218612     0.00%    passed     94.04%
 880  LC177658     0.00%    passed     87.74%
 881  OP727605     0.00%    passed     86.14%
 882  OP727606     0.00%    passed     83.64%
 883  OP727608     0.00%    passed     83.64%
 884  OP727607     0.00%    passed     83.64%
 885  OP205539     0.00%    passed     86.84%
 886  OP205527     0.00%    passed     85.67%
 887  MN248513     0.37%    passed     97.33%
 888  MK789434     0.00%    passed     92.06%
 889  MK789436     0.00%    passed     93.46%
 890  KT780389     0.00%    passed     95.70%
 891  PX733037     0.18%    passed     93.35%
 892  PX733045     0.18%    passed     93.72%
 893  PX733066     0.18%    passed     93.72%
 894  OP205530    16.45%    passed     91.40%
 895  PQ219041     0.00%    passed     88.40%
 896  MN248518     0.37%    passed     96.67%
 897  KY905331     0.00%    passed     97.29%
 898  MK213536     0.18%    passed     95.04%
 899  MF140644     0.00%    passed     76.77%
 900  OM980240     0.00%    passed     85.63%
 901  PZ098687     0.00%    passed     69.75%
 902  PZ098689     0.00%    passed     67.04%
 903  PZ098690     0.00%    passed     71.05%
 904  PZ098693     0.00%    passed     83.34%
 905  PP576343     0.00%    passed     85.63%
 906  MH218652     0.00%    passed     98.11%
 907  MH218691     0.00%    passed     94.94%
 908  MH218665     0.00%    passed     99.16%
 909  MH218670     0.00%    passed     97.24%
 910  MH218710     0.00%    passed     88.72%
 911  MH218606     0.00%    passed     78.32%
 912  MH218695     0.00%    passed     65.87%
 913  MH218698     0.00%    passed     77.28%
 914  MH218703     0.00%    passed     77.28%
 915  MH218713     0.00%    passed     74.09%
 916  MH218704     0.00%    passed     70.72%
 917  MH218716     0.00%    passed     71.73%
 918  MH218718     0.00%    passed     72.05%
 919  MH218714     0.00%    passed     72.44%
 920  MH188080     0.00%    passed     35.67%
 921  MG002632     0.00%    passed     38.54%
 922  MG002634     0.00%    passed     37.22%
 923  MH702266     0.12%    passed     50.78%
 924  MK762724     0.18%    passed     58.89%
 925  KR904228     0.06%    passed     90.06%
 926  MN294753    18.85%    passed     40.51%
 927  MH218669     0.00%    passed     94.02%
 928  KY947546     0.00%    passed     94.44%
 929  MK753028     0.00%    passed     61.99%
 930  KY947547     0.00%    passed     45.07%
 931  PX733026     7.27%    passed     89.34%
 932  PZ240513     0.00%    passed     68.74%
 933  MW559991     0.00%    passed     33.66%
 934  MW559994     0.00%    passed     52.11%
 935  MW559993     0.00%    passed     46.46%
 936  PX694701     0.00%    passed     87.60%
 937  PX694703     0.00%    passed     92.99%
 938  PX694704     0.00%    passed     89.47%
 939  PZ098695     0.00%    passed     91.25%
 940  PX694702     0.00%    passed     61.87%
 941  PZ098701     0.00%    passed     53.23%
 942  PQ213434     0.00%    passed     73.33%
 943  MT028542     0.00%    passed     73.33%
 944  PQ213438     0.00%    passed     73.33%
 945  MW559992     0.00%    passed     82.98%
 946  PQ732757     2.34%    passed     56.19%
 947  MW019958     0.00%    passed     57.62%
 948  PQ207933     0.00%    passed     68.94%
 949  MW019619     0.00%    passed     53.26%
 950  MW019620     0.00%    passed     77.25%
 951  MW019621     0.00%    passed     69.60%
 952  MW019622     0.06%    passed     57.93%
 953  PV611446     0.00%    passed     65.03%
 954  MW019957     0.00%    passed     40.53%
 955  MW019956     0.00%    passed     70.67%
 956  MW045404     0.00%    passed     85.93%
 957  MW019959     0.00%    passed     64.96%
 958  PQ740345     0.00%    passed     92.54%
 959  MN764313     0.00%    passed     68.72%
 960  PX732916     0.18%    passed     87.61%
 961  PX732927     0.25%    passed     87.50%
 962  PX732952     0.18%    passed     82.83%
 963  PX732919     0.18%    passed     83.41%
 964  KC695790    17.62%    passed     69.42%
 965  JX459658     0.00%    passed     83.63%
 966  KF060079     0.00%    passed     85.55%
 967  KF060022     0.00%    passed     81.86%
 968  KF060098     0.00%    passed     79.84%
 969  KF060094     0.00%    passed     74.57%
 970  KX608857     7.76%    passed     81.81%
 971  KF429766     0.00%    passed     74.88%
 972  KF060068     0.00%    passed     89.33%
 973  KF060075     0.00%    passed     89.33%
 974  KF060093     0.00%    passed     69.64%
 975  KX354074     0.00%    passed     81.52%
 976  KF060100     0.00%    passed     67.63%
 977  MT362917     0.00%    passed     92.22%
 978  KX353982     0.00%    passed     85.05%
 979  KX353983     0.00%    passed     85.05%
 980  LC122788     0.00%    passed     88.48%
 981  KF060101     0.00%    passed     72.74%
 982  KF060108     0.00%    passed     70.06%
 983  PX732918     0.18%    passed     76.09%
 984  PX732953     0.18%    passed     74.10%
 985  PX732960     1.36%    passed     71.07%
 986  PX732930     0.18%    passed     72.80%
 987  JX445168     0.00%    passed     74.14%
 988  JX445169     0.00%    passed     74.28%
 989  KF060002     0.00%    passed     77.48%
 990  KF060082     0.00%    passed     83.21%
 991  KR131775     0.00%    passed     86.35%
 992  MF140670     0.00%    passed     94.42%
 993  JN400623     0.00%    passed     67.38%
 994  HM635103     0.00%    passed     86.35%
 995  JX439829     0.00%    passed     83.63%
 996  KF060011     0.00%    passed     84.17%
 997  JQ613549     0.00%    passed     78.90%
 998  JQ613553     0.00%    passed     79.99%
 999  JQ613534     0.00%    passed     94.20%
1000  JX459640     0.00%    passed     75.58%
1001  JX459645     0.00%    passed     82.82%
1002  JX459646     0.00%    passed     69.64%
1003  JX459647     0.00%    passed     73.22%
1004  JX459650     0.00%    passed     78.78%
1005  KM198488     0.00%    passed     73.22%
1006  KC175383     0.00%    passed     73.22%
1007  KC409243     0.00%    passed     81.68%
1008  KC175384     0.00%    passed     73.22%
1009  KC175380     0.00%    passed     79.28%
1010  KC409301     0.00%    passed     72.61%
1011  JQ613560     0.00%    passed     90.95%
1012  AB933747     0.00%    passed     95.99%
1013  HQ005294     0.00%    passed     94.75%
1014  HQ005296     0.00%    passed     91.95%
1015  HQ005298     0.00%    passed     91.95%
1016  HM191773     0.00%    passed     86.57%
1017  JX439875    12.75%    passed     32.29%
1018  KX354051     0.00%    passed     92.80%
1019  KX354054     0.00%    passed     92.80%
1020  KC810029     0.37%    passed     73.19%
1021  KF060032     0.00%    passed     91.14%
1022  PX733015     1.42%    passed     76.57%
1023  JQ613554     0.00%    passed     89.52%
1024  LC122785     0.00%    passed     79.99%
1025  LC122787     0.00%    passed     79.99%
1026  KF060109     0.00%    passed     72.75%
1027  MF140690     0.00%    passed     94.42%
1028  KF768522     0.00%    passed     96.78%
1029  KF768470     0.00%    passed     94.20%
1030  KF768471     0.00%    passed     92.80%
1031  KX608855     0.12%    passed     72.55%
1032  AB933734     0.00%    passed     92.12%
1033  MF140649     0.00%    passed     92.83%
1034  MF140650     0.00%    passed     91.45%
1035  JQ613552     0.00%    passed     84.49%
1036  JX459656     0.00%    passed     79.84%
1037  MF140651     0.00%    passed     90.20%
1038  KF060016     0.00%    passed     87.22%
1039  PX732966     0.18%    passed     86.17%
1040  PX732973     1.36%    passed     87.24%
1041  PX732983     0.18%    passed     86.17%
1042  PX732970     0.18%    passed     88.74%
1043  PX733000     0.18%    passed     93.06%
1044  PX732994     0.18%    passed     92.70%
1045  PX733006     1.36%    passed     91.87%
1046  PX732982     0.18%    passed     88.74%
1047  PX732991     1.36%    passed     87.80%
1048  PX733014     1.36%    passed     86.77%
1049  PX732992     0.25%    passed     91.75%
1050  PX732999     1.36%    passed     91.01%
1051  PX732998     1.36%    passed     97.57%
1052  PX732981     1.73%    passed     88.39%
1053  PX733017     0.18%    passed     90.49%
1054  PX733003     6.22%    passed     81.75%
1055  KR904213     0.00%    passed     82.23%
1056  KF060055     0.00%    passed     94.43%
1057  PV258475     0.00%    passed     72.27%
1058  PX732956     0.18%    passed     41.68%
1059  MW363191     0.00%    passed     97.19%
1060  JX644038     0.00%    passed     96.96%
1061  KX354062     0.00%    passed     86.71%
1062  KF059998     0.00%    passed     86.69%
1063  KX354092     0.12%    passed     90.64%
1064  MF140692     0.00%    passed     76.85%
1065  KR904220     0.00%    passed     90.26%
1066  KP244317     0.00%    passed     85.65%
1067  KX608856     0.49%    passed     89.63%
1068  MN502841     4.00%    passed     87.59%
1069  KM245072     0.00%    passed     85.93%
1070  GU390902     0.00%    passed     87.83%
1071  GQ246796     0.00%    passed     86.61%
1072  JX439827     0.00%    passed     82.12%
1073  JX448566     0.00%    passed     83.77%
1074  HQ009513     0.00%    passed     70.83%
1075  HM635101     0.00%    passed     84.05%
1076  JX445161     0.00%    passed     83.81%
1077  JQ613529     0.00%    passed     92.98%
1078  KR131772     0.00%    passed     91.74%
1079  GQ246795     0.00%    passed     66.30%
1080  HM635155     0.00%    passed     78.35%
1081  KR904207     0.00%    passed     86.20%
1082  KR904210     0.00%    passed     95.04%
1083  KR904211     0.00%    passed     91.95%
1084  JQ613537     0.00%    passed     89.54%
1085  JQ613538     0.00%    passed     90.20%
1086  GQ845345     0.00%    passed     94.42%
1087  AB933744     0.00%    passed     96.17%
1088  AB933753     0.00%    passed     97.66%
1089  AB933757     0.00%    passed     82.10%
1090  KR904209     0.00%    passed     88.89%
1091  KR904234     0.00%    passed     89.71%
1092  KF060124     0.00%    passed     85.87%
1093  JX459900     0.00%    passed     92.87%
1094  KF429776     0.00%    passed     94.55%
1095  KF712495     0.18%    passed     90.91%
1096  KF429790     0.00%    passed     86.63%
1097  KF712502     0.18%    passed     87.79%
1098  PX732976     0.18%    passed     68.69%
1099  PX732987     0.18%    passed     69.85%
1100  KC695797    11.65%    passed     78.65%
1101  PX732951     0.25%    passed     83.05%
1102  PX733038     1.85%    passed     98.03%
1103  KP784692     0.00%    passed     75.07%
1104  KY628449     0.00%    passed     60.98%
1105  PQ195880     0.00%    passed     91.36%
1106  PQ208314     0.00%    passed     89.55%
1107  PQ195913     0.00%    passed     86.93%
1108  PQ195940     0.00%    passed     89.55%
1109  OM980238     0.00%    passed     88.11%
1110  OM980239     0.00%    passed     89.87%
1111  PQ207931     0.00%    passed     94.95%
1112  PQ207932     0.00%    passed     94.95%
1113  PQ207948     0.00%    passed     92.67%
1114  HQ008056     0.18%    passed     85.67%
1115  KF429792     1.54%    passed     51.80%
1116  KF712493     0.18%    passed     44.11%
1117  KF712494     0.18%    passed     31.93%
1118  PZ098694     0.00%    passed     86.68%
1119  PZ098696     0.00%    passed     79.81%
1120  PZ098698     0.00%    passed     81.46%
1121  PZ098697     0.00%    passed     92.68%
1122  PV275047     0.00%    passed     74.73%
1123  PV275048     0.00%    passed     74.73%
1124  PV275050     0.00%    passed     66.31%
1125  PV275068     0.00%    passed     68.88%
1126  PV275069     0.00%    passed     66.72%
1127  PV275070     0.00%    passed     60.69%
1128  PV275058     0.00%    passed     71.00%
1129  PP658551     0.00%    passed     95.87%
1130  PP658552     0.00%    passed     95.58%
1131  PV275043     0.00%    passed     94.15%
1132  PV275054     0.00%    passed     89.33%
1133  PV275056     0.00%    passed     93.47%
1134  OR262328     0.00%    passed     92.20%
1135  PV611447     0.00%    passed     84.67%
1136  PV611449     0.00%    passed     78.83%
1137  OR262325     0.00%    passed     61.71%
1138  OR262326     0.00%    passed     75.38%
1139  OR262327     0.00%    passed     75.38%
1140  LC769681     0.00%    passed     71.74%
1141  LC769701     0.00%    passed     77.36%
1142  MW506847     0.00%    passed     97.41%
1143  MW506849     0.00%    passed     96.97%
1144  MW506848     0.00%    passed     95.13%
1145  OR262329     0.00%    passed     80.92%
1146  OR262341     0.00%    passed     88.10%
1147  OR262342     0.00%    passed     70.40%
1148  OR262343     0.00%    passed     67.85%
1149  OR262344     0.00%    passed     78.54%
1150  PZ098699     0.00%    passed     74.93%
1151  PV275040     0.00%    passed     91.20%
1152  PV275044     0.00%    passed     88.72%
1153  PV275042     0.06%    passed     88.64%
1154  PV275053     0.00%    passed     90.98%
1155  PV275061     0.00%    passed     91.71%
1156  PV275055     0.00%    passed     92.26%
1157  PV275057     0.00%    passed     90.74%
1158  PV275059     0.00%    passed     92.33%
1159  PV275060     0.00%    passed     96.12%
1160  PV275049     0.00%    passed     94.83%
1161  PV275046     0.00%    passed     92.03%
1162  PV275052     0.00%    passed     91.12%
1163  PV275041     0.00%    passed     91.12%
1164  PV275051     0.00%    passed     94.18%
1165  PV275045     0.00%    passed     91.21%
1166  MN308019     0.00%    passed     83.23%
1167  MH746821     0.18%    passed     72.14%
1168  MW581004     0.00%    passed     13.56%
1169  MW581006     0.00%    passed      8.63%
1170  MW581005     0.00%    passed      5.30%
1171  MW581007     0.00%    failed      3.75%
1172  MW581008     0.00%    failed      0.94%
1173  MW581009     0.00%    failed      0.94%
1174  MW581010     0.00%    failed      0.94%
1175  MW581011     0.00%    failed      0.83%
1176  MW581012     0.00%    failed      0.83%
1177  PP518037     0.00%    passed     36.33%
1178  PX475759     2.53%    passed     96.22%
1179  LC005705     0.00%    passed     89.30%
1180  KM245070     0.00%    passed     93.09%
1181  HQ456329     0.00%    passed     92.27%
1182  JN400609     0.00%    passed     94.68%
1183  JN400612     0.00%    passed     90.53%
1184  HM802525     0.00%    passed     86.62%
1185  HM802528     0.00%    passed     86.62%
1186  HM802536     0.00%    passed     88.74%
1187  HM802537     0.00%    passed     84.92%
1188  HM802538     0.00%    passed     82.97%
1189  HM802527     0.00%    passed     86.61%
1190  HM802532     0.00%    passed     88.74%
1191  HM802533     0.00%    passed     82.97%
1192  HM802529     0.00%    passed     92.29%
1193  HM802530     0.00%    passed     91.35%
1194  JQ613507     0.00%    passed     85.71%
1195  HQ456328     0.00%    passed     90.57%
1196  JX459602     0.00%    passed     82.97%
1197  JX459608     0.00%    passed     82.49%
1198  JX459604     0.00%    passed     85.00%
1199  JX459613     0.00%    passed     89.29%
1200  JX459616     0.00%    passed     87.07%
1201  JX459615     0.00%    passed     86.60%
1202  JX459600     0.00%    passed     89.29%
1203  JX459603     0.00%    passed     88.79%
1204  HQ456324     0.00%    passed     93.99%
1205  JN400607     0.00%    passed     93.02%
1206  JN400604     0.00%    passed     97.52%
1207  JN400611     0.00%    passed     96.52%
1208  JN400600     0.00%    passed     88.08%
1209  JN400605     0.00%    passed     89.30%
1210  JN400610     0.00%    passed     86.62%
1211  JN400601     0.00%    passed     88.08%
1212  JN400615     0.00%    passed     87.96%
1213  KT152148     0.00%    passed     91.35%
1214  EU876895     0.00%    passed     91.88%
1215  JN899246     0.00%    passed     90.49%
1216  EU839589     0.00%    passed     94.60%
1217  JX445155     0.00%    passed     72.78%
1218  JX445158     0.00%    passed     87.07%
1219  JX445159     0.00%    passed     82.49%
1220  JX459606     0.00%    passed     87.52%
1221  JX459617     0.00%    passed     87.07%
1222  JX459618     0.00%    passed     87.07%
1223  HM802539     0.00%    passed     75.94%
1224  JN400606     0.00%    passed     75.72%
1225  HQ456327     0.00%    passed     79.82%
1226  JN400614     0.00%    passed     78.81%
1227  HQ456330     0.00%    passed     80.78%
1228  AB668028     0.00%    passed     84.92%
1229  EU839592     0.00%    passed     90.04%
1230  EU839594     0.00%    passed     87.27%
1231  EU839595     0.00%    passed     89.27%
1232  GQ856461     0.00%    passed     81.12%
1233  GQ856445     0.00%    passed     88.79%
1234  GQ856454     0.00%    passed     80.66%
1235  GQ856453     0.00%    passed     85.83%
1236  GQ856459     0.00%    passed     87.30%
1237  GQ856458     0.00%    passed     93.69%
1238  AB665364     0.00%    passed     83.19%
1239  GQ856460     0.00%    passed     92.08%
1240  JQ622197     0.00%    passed     77.67%
1241  KJ541743     0.00%    passed     82.97%
1242  GQ856446     0.00%    passed     81.12%
1243  GU991353     0.00%    passed     73.74%
1244  JN400608     0.00%    passed     80.62%
1245  EF684915     0.00%    passed     82.70%
1246  MH540349     0.00%    passed     97.11%
1247  JX459641     0.00%    passed     94.54%
1248  LC122773     0.00%    passed     95.40%
1249  AB291542     0.00%    passed     97.72%
1250  JQ613509     0.00%    passed     95.16%
1251  AB933650     0.00%    passed     97.56%
1252  KM245071     0.00%    passed     94.60%
1253  HQ456336     0.00%    passed     94.40%
1254  HQ456338     0.00%    passed     91.40%
1255  JX459628     0.00%    passed     90.58%
1256  KJ144942     4.74%    passed     82.71%
1257  KJ144953     4.62%    passed     84.26%
1258  KJ144954    12.69%    passed     62.38%
1259  KJ144974    11.15%    passed     64.30%
1260  GQ845024     0.00%    passed     94.03%
1261  GQ849128     0.00%    passed     92.46%
1262  MF140681     0.00%    passed     86.32%
1263  MF140683     0.00%    passed     78.59%
1264  JN400616     0.00%    passed     94.52%
1265  JN400626     0.00%    passed     94.52%
1266  GQ856448     0.00%    passed     91.95%
1267  JX459639     0.00%    passed     90.10%
1268  JX644025     0.00%    passed     91.60%
1269  JX644029     0.00%    passed     91.60%
1270  JX439880    12.75%    passed     87.76%
1271  JQ613513     0.00%    passed     89.83%
1272  GQ845329     0.00%    passed     89.83%
1273  JQ613518     0.00%    passed     91.24%
1274  GQ845366     0.00%    passed     89.41%
1275  LC122779     0.00%    passed     93.60%
1276  AB933692     0.00%    passed     90.75%
1277  AB663684     0.00%    passed     95.83%
1278  JX644030     0.00%    passed     93.85%
1279  KX353947     0.00%    passed     83.09%
1280  GQ856455     0.00%    passed     87.07%
1281  EU839590     0.00%    passed     90.86%
1282  GQ856456     0.00%    passed     90.25%
1283  GQ856447     0.00%    passed     78.36%
1284  JX445162     0.00%    passed     84.12%
1285  GQ856449     0.00%    passed     89.95%
1286  GQ856450     0.00%    passed     89.18%
1287  JQ613510     0.00%    passed     82.47%
1288  GQ856452     0.00%    passed     79.72%
1289  MG548737     0.00%    passed     93.09%
1290  AB933685     0.00%    passed     81.13%
1291  LC005708     0.00%    passed     95.72%
1292  JX459636     0.00%    passed     97.76%
1293  JX459623     0.00%    passed     95.21%
1294  JX459624     0.00%    passed     97.52%
1295  GQ845341     0.00%    passed     98.35%
1296  MH540347     0.00%    passed     95.24%
1297  GQ845317     0.00%    passed     96.65%
1298  JQ613512     0.00%    passed     92.46%
1299  KJ144943    11.58%    passed     74.09%
1300  KJ145003    11.52%    passed     70.30%
1301  KJ144971     4.99%    passed     94.57%
1302  KJ144997    11.52%    passed     70.36%
1303  KJ144963    11.34%    passed     80.26%
1304  KJ144970    11.09%    passed     79.08%
1305  KJ144982    12.82%    passed     80.59%
1306  KJ144988    12.69%    passed     84.34%
1307  KJ144956     8.32%    passed     76.81%
1308  KJ144938     4.56%    passed     96.15%
1309  GQ845322     0.00%    passed     95.78%
1310  MH540348     0.00%    passed     98.09%
1311  MF140652     0.00%    passed     98.48%
1312  MF140653     0.00%    passed     98.27%
1313  MF140654     0.00%    passed     97.20%
1314  JQ613521     0.00%    passed     94.41%
1315  JQ613522     0.00%    passed     94.60%
1316  GQ845312     0.00%    passed     94.41%
1317  MW305515     0.00%    passed     92.85%
1318  MW305543     0.00%    passed     96.04%
1319  KM198527     0.00%    passed     98.53%
1320  KC409294     0.00%    passed     98.11%
1321  KC175343     0.00%    passed     98.92%
1322  KC175381     0.00%    passed     98.98%
1323  KC175398     0.00%    passed     98.11%
1324  KM198584     0.00%    passed     99.41%
1325  KC409260     0.00%    passed     99.16%
1326  KC409238     0.00%    passed     99.27%
1327  KM198557     0.00%    passed     98.11%
1328  KC409288     0.00%    passed     98.52%
1329  KC409315     0.00%    passed     99.16%
1330  KC409318     0.00%    passed     97.59%
1331  KC409293     0.00%    passed     98.32%
1332  KC409297     0.00%    passed     98.72%
1333  KC175379     0.00%    passed     98.54%
1334  KC175396     0.00%    passed     95.14%
1335  KC175344     0.00%    passed     98.52%
1336  KC175399     0.00%    passed     98.32%
1337  KC409246     0.00%    passed     98.39%
1338  KC175372     0.00%    passed     98.51%
1339  KC175374     0.00%    passed     96.43%
1340  KC175355     0.00%    passed     95.55%
1341  KC409245     0.00%    passed     95.91%
1342  JQ911595     0.00%    passed     95.60%
1343  GQ856451     0.00%    passed     67.92%
1344  JX459632     0.00%    passed     93.46%
1345  GQ856457     0.00%    passed     76.89%
1346  LC122776     0.00%    passed     88.67%
1347  AB933712     0.00%    passed     92.78%
1348  AB933701     0.00%    passed     93.35%
1349  AB933673     0.00%    passed     94.09%
1350  AB933679     0.00%    passed     88.86%
1351  AB933693     0.00%    passed     89.27%
1352  AB629942     0.00%    passed     89.95%
1353  PQ208313     0.00%    passed     99.26%
1354  PV087408     0.00%    passed     97.18%
1355  KX354076     0.00%    passed     99.16%
1356  KX354077     0.00%    passed     99.16%
1357  KX354091     0.00%    passed     99.26%
1358  KT033904     0.00%    passed     90.40%
1359  JN400613     0.00%    passed     77.21%
1360  GQ266695     1.73%    passed     82.02%
1361  KX353956     0.00%    passed     72.86%
1362  AB933682     0.00%    passed     78.69%
1363  AB933724     0.00%    passed     98.51%
1364  AB933698     0.00%    passed     89.62%
1365  LC005714     0.00%    passed     82.48%
1366  LC122780     0.00%    passed     82.61%
1367  AB933722     0.00%    passed     88.67%
1368  AB933721     0.00%    passed     82.25%
1369  AB933726     0.00%    passed     80.54%
1370  AB933725     0.00%    passed     83.66%
1371  AB933723     0.00%    passed     76.39%
1372  AB933706     0.00%    passed     73.54%
1373  AB933718     0.00%    passed     75.03%
1374  MW305546     0.00%    passed     97.07%
1375  PQ213803     0.00%    passed     95.82%
1376  KX354089     0.00%    passed     96.64%
1377  JX445160     0.00%    passed     92.02%
1378  MW363180     0.00%    passed     90.25%
1379  MG546825     0.18%    passed     84.07%
1380  JN183166     0.06%    passed     84.66%
1381  GQ246799     0.00%    passed     92.85%
1382  JQ613525     0.00%    passed     97.15%
1383  HQ456343     0.00%    passed     92.94%
1384  KX354072     0.00%    passed     95.55%
1385  KX354087     0.00%    passed     85.88%
1386  KX354088     0.00%    passed     87.79%
1387  MW661247     0.00%    passed     96.80%
1388  MZ291634     0.00%    passed     96.22%
1389  KX354090     0.00%    passed     97.37%
1390  KX353974     0.00%    passed     97.69%
1391  KX608867     7.58%    passed     95.29%
1392  KX354084     0.00%    passed     94.48%
1393  KX608854     5.98%    passed     94.47%
1394  KC576912     0.00%    passed     97.55%
1395  MG546826     0.18%    passed     83.96%
1396  MG546830     0.18%    passed     88.60%
1397  MG546831     0.18%    passed     87.60%
1398  MG546829     0.18%    passed     85.68%
1399  MG546839     0.18%    passed     86.77%
1400  OL336327     0.00%    passed     87.96%
1401  KM198539     0.00%    passed     96.80%
1402  KC810026     3.88%    passed     92.14%
1403  KC810028     1.79%    passed     93.23%
1404  MW363187     0.00%    passed     91.01%
1405  JF713047     0.06%    passed     92.63%
1406  JF713049     0.37%    passed     91.13%
1407  MG546855     0.18%    passed     68.02%
1408  ON116949     0.00%    passed     89.88%
1409  ON116956     0.00%    passed     79.85%
1410  PV241703     0.00%    passed     79.28%
1411  MW305565     0.00%    passed     78.81%
1412  KC736563     4.07%    passed     79.55%
1413  KC736564     3.94%    passed     78.00%
1414  MW305567     0.00%    passed     78.77%
1415  MW305568     0.00%    passed     88.97%
1416  MH413070     0.00%    passed     72.80%
1417  HM802542     0.00%    passed     77.01%
1418  HM802540     0.00%    passed     72.80%
1419  HM802541     0.00%    passed     71.18%
1420  JX445154     0.00%    passed     68.60%
1421  LC122782     0.00%    passed     80.22%
1422  KU182476     0.00%    passed     68.60%
1423  EU916955     0.00%    passed     75.86%
1424  EU916960     0.00%    passed     77.26%
1425  KU182477     0.00%    passed     74.18%
1426  KU182481     0.00%    passed     75.33%
1427  KU182478     0.00%    passed     75.86%
1428  KU182480     0.00%    passed     72.05%
1429  KU182482     0.00%    passed     75.33%
1430  KU182483     0.00%    passed     82.77%
1431  EU916957     0.00%    passed     80.13%
1432  EU916959     0.00%    passed     80.13%
1433  EU916961     0.00%    passed     82.77%
1434  EU916958     0.49%    passed     82.87%
1435  KU182479     0.00%    passed     76.45%
1436  HM802543     0.00%    passed     83.77%
1437  JX459598     0.00%    passed     62.90%
1438  HM802545     0.00%    passed     72.80%
1439  HQ456320     0.00%    passed     80.13%
1440  HQ456321     0.00%    passed     73.59%
1441  JX459595     0.00%    passed     80.19%
1442  HM802544     0.00%    passed     67.19%
1443  EU839584     0.00%    passed     64.17%
1444  JX445153     0.00%    passed     86.30%
1445  EU876890     0.00%    passed     80.77%
1446  JX459597     0.00%    passed     75.51%
1447  EF202568     0.00%    passed     80.17%
1448  JF827296     0.00%    passed     83.25%
1449  JN400599     0.00%    passed     65.98%
1450  KC715794     0.00%    passed     57.62%
1451  JX459599     0.00%    passed     78.31%
1452  KM245069     0.00%    passed     81.89%
1453  KC792278     0.00%    passed     81.89%
1454  HQ456322     0.00%    passed     81.90%
1455  JX445157     0.00%    passed     85.97%
1456  JQ613511     0.00%    passed     91.89%
1457  JX459612     0.00%    passed     85.25%
1458  EU876894     0.00%    passed     77.32%
1459  GQ266690     1.66%    passed     59.01%
1460  JX459607     0.00%    passed     82.12%
1461  JX459621     0.00%    passed     84.99%
1462  EU876883     0.00%    passed     81.37%
1463  EU876886     0.00%    passed     84.34%
1464  JQ613517     0.00%    passed     87.60%
1465  KC810031     0.12%    passed     82.05%
1466  PV282521     0.00%    passed     79.95%
1467  HM747948     6.72%    passed     88.12%
1468  HM747947     8.81%    passed     86.30%
1469  FJ411170     0.00%    passed     84.99%
1470  LC122781     0.00%    passed     75.83%
1471  EF202567     0.00%    passed     76.48%
1472  JQ320073     0.00%    passed     69.43%
1473  JQ965810     0.06%    passed     70.68%
1474  JQ478408     0.00%    passed     79.71%
1475  JQ798158     0.00%    passed     77.92%
1476  JX445152     0.00%    passed     79.17%
1477  FJ538900     0.00%    passed     74.64%
1478  JX459596     0.00%    passed     77.44%
1479  JX126913     0.06%    passed     57.60%
1480  MW305585     0.18%    passed     80.17%
1481  MW305589     0.18%    passed     86.44%
1482  MW305661     0.18%    passed     83.23%
1483  MW305590     0.18%    passed     85.67%
1484  MW305655     0.18%    passed     90.46%
1485  MW305656     0.18%    passed     92.23%
1486  KC013592     0.18%    passed     73.08%
1487  KJ407076     0.18%    passed     73.08%
1488  MW305662     0.18%    passed     89.97%
1489  FJ411169     0.18%    passed     79.40%
1490  MW305586     0.18%    passed     86.68%
1491  MW305587     0.18%    passed     84.41%
1492  MW305588     0.18%    passed     85.58%
1493  MW305651     0.18%    passed     76.14%
1494  MW305652     0.18%    passed     86.68%
1495  MW305653     0.18%    passed     95.47%
1496  LC048964     0.18%    passed     74.13%
1497  JQ478407     0.18%    passed     81.32%
1498  LC016599     0.00%    passed     65.41%
1499  LC016601     0.00%    passed     65.41%
1500  LC122766     0.00%    passed     73.13%
1501  LC122767     0.00%    passed     70.74%
1502  LC122772     0.00%    passed     68.78%
1503  LC122771     0.00%    passed     69.88%
1504  LC016606     0.18%    passed     64.72%
1505  LC016600     0.00%    passed     63.05%
1506  LC016603     0.00%    passed     70.73%
1507  LC016602     0.18%    passed     63.90%
1508  LC016604     0.18%    passed     60.68%
1509  LC016605     0.18%    passed     55.86%
1510  LC016607     0.00%    passed     62.62%
1511  LC122768     0.00%    passed     77.73%
1512  LC122769     0.00%    passed     77.73%
1513  LC122770     0.00%    passed     77.73%
1514  LC122765     0.00%    passed     80.60%
1515  HM802555     0.00%    passed     93.14%
1516  GU350225     0.00%    passed     75.12%
1517  EU839586     0.00%    passed     77.01%
1518  DQ419908     0.00%    passed     70.11%
1519  EU839582     0.00%    passed     87.19%
1520  HM802550     0.00%    passed     79.33%
1521  EU839583     0.00%    passed     76.23%
1522  HM802548     0.00%    passed     86.54%
1523  HM802549     0.00%    passed     86.54%
1524  HM802551     0.00%    passed     92.22%
1525  HM802552     0.00%    passed     79.66%
1526  EU839585     0.00%    passed     90.04%
1527  HM802546     0.00%    passed     85.48%
1528  EU839587     0.00%    passed     87.19%
1529  EU839581     0.00%    passed     70.58%
1530  DQ419907     0.18%    passed     68.28%
1531  HM802547     0.00%    passed     92.22%
1532  HM802553     0.00%    passed     87.24%
1533  HM802554     0.37%    passed     88.81%
1534  MW305594     0.18%    passed     90.04%
1535  KY424332     0.18%    passed     99.10%
1536  KY424333     0.18%    passed     99.10%
1537  KY424335     0.18%    passed     99.10%
1538  KY424334     0.18%    passed     99.10%
1539  KY424336     0.18%    passed     99.10%
1540  JX289821     0.18%    passed     97.40%
1541  KY424337     0.18%    passed     97.55%
1542  KY424338     0.18%    passed     97.46%
1543  KY424339     0.18%    passed     98.11%
1544  KY424340     0.18%    passed     98.11%
1545  AB985442     0.18%    passed     91.15%
1546  FJ537136     0.18%    passed     96.44%
1547  LC048908     0.18%    passed     87.56%
1548  LC048948     0.18%    passed     98.25%
1549  FJ537137     0.18%    passed     98.45%
1550  AB985437     0.18%    passed     98.63%
1551  MW305572     0.18%    passed     90.21%
1552  MW305696     0.18%    passed     86.09%
1553  JX401279     0.18%    passed     86.09%
1554  MW305697     0.18%    passed     87.21%
1555  JX023286     0.18%    passed     99.69%
1556  FJ537134     0.18%    passed     99.69%
1557  FJ537138     0.18%    passed     98.52%
1558  AB684675     0.18%    passed     98.34%
1559  AB684704     0.18%    passed     99.18%
1560  AB684705     0.18%    passed     99.92%
1561  AB684720     0.18%    passed     95.31%
1562  MW305729     0.18%    passed     98.49%
1563  FJ537135     0.18%    passed     98.49%
1564  KF806506     0.18%    passed     24.86%
1565  KF806516     0.18%    passed     24.86%
1566  KF806524     0.18%    passed     24.86%
1567  KF806523     0.18%    passed     27.77%
1568  KF806526     0.18%    passed     32.05%
1569  KF806528     0.18%    passed     33.01%
1570  KF806525     0.18%    passed     21.24%
1571  MW305521     0.00%    passed     33.78%
1572  MW305524     0.00%    passed     55.81%
1573  MW305525     0.00%    passed     48.46%
1574  MW305539     0.00%    passed     40.00%
1575  MW305545     0.00%    passed     40.00%
1576  GQ413969     0.00%    passed     44.82%
1577  KR131764     0.00%    passed     88.79%
1578  KR131771     0.00%    passed     81.44%
1579  KJ144961     3.14%    passed     92.83%
1580  KJ144980     7.70%    passed     79.61%
1581  GQ845369     0.00%    passed     90.86%
1582  KR131768     0.00%    passed     78.34%
1583  GQ850882     0.00%    passed     82.64%
1584  KR131770     0.00%    passed     71.19%
1585  EU876882     0.00%    passed     74.28%
1586  EU876884     0.00%    passed     90.11%
1587  FJ411171     0.00%    passed     74.43%
1588  FJ411172     0.00%    passed     60.31%
1589  KM025143     0.06%    passed     74.85%
1590  OR051927     0.00%    passed     64.32%
1591  EU876888     0.00%    passed     93.67%
1592  GQ845368     0.00%    passed     81.87%
1593  PQ207944     0.00%    passed     33.80%
1594  PQ207945     0.00%    passed     33.80%
1595  PV223402     0.00%    passed     35.41%
1596  PV232415     0.00%    passed     56.25%
1597  PQ218943     0.00%    passed     76.91%
1598  PQ218944     0.00%    passed     75.10%
1599  PV232416     0.00%    passed     33.00%
1600  OR700747     0.00%    passed     60.20%
1601  PV223444     0.00%    passed     54.34%
1602  PV232417     0.00%    passed     58.62%
1603  PV232418     0.00%    passed     58.62%
1604  PV232419     0.00%    passed     58.62%
1605  PV232421     0.00%    passed     58.62%
1606  PV232420     0.00%    passed     59.90%
1607  PV232424     0.00%    passed     62.40%
1608  PV232426     0.00%    passed     56.03%
1609  PV232427     0.00%    passed     60.98%
1610  OR700741     0.00%    passed     60.87%
1611  PV232422     0.00%    passed     62.67%
1612  PV232425     0.00%    passed     57.38%
1613  PV232423     0.00%    passed     63.73%
1614  PV275064     0.00%    passed     53.69%
1615  PV275065     0.00%    passed     69.56%
1616  PV266775     0.00%    passed     69.56%
1617  PV266776     0.00%    passed     58.91%
1618  PV275063     0.00%    passed     57.06%
1619  PV275067     0.00%    passed     57.88%
1620  PV275062     0.00%    passed     46.16%
1621  PV275066     0.00%    passed     49.66%
1622  MF140695     0.00%    passed     76.29%
1623  MF140697     0.00%    passed     85.27%
1624  KX514171     0.18%    passed     92.62%
1625  KX514185     0.18%    passed     96.47%
1626  KX514190     0.18%    passed     95.75%
1627  KX514187     0.18%    passed     95.75%
1628  KX514369     0.18%    passed     96.34%
1629  KX514346     0.18%    passed     89.82%
1630  KX514355     0.18%    passed     85.44%
1631  KX514360     0.18%    passed     83.85%
1632  KX514364     0.18%    passed     85.34%
1633  KX514363     0.18%    passed     87.04%
1634  KX514365     0.18%    passed     73.68%
1635  KX514275     0.18%    passed     75.90%
1636  KX514315     0.18%    passed     77.96%
1637  KX514337     0.18%    passed     84.59%
1638  KX514356     0.18%    passed     84.19%
1639  KX514357     0.18%    passed     78.95%
1640  KX514237     0.18%    passed     94.86%
1641  KX514212     0.00%    passed     91.04%
1642  KX514351     0.00%    passed     93.11%
1643  KX514232     0.00%    passed     89.62%
1644  KX514358     0.00%    passed     87.74%
1645  KX514359     0.00%    passed     85.59%
1646  KX514235     0.00%    passed     87.26%
1647  KX514353     0.00%    passed     91.24%
1648  KX514234     0.00%    passed     85.59%
1649  KX514301     0.00%    passed     76.96%
1650  KX514266     0.00%    passed     84.17%
1651  KX514291     0.00%    passed     81.24%
1652  KX514331     0.00%    passed     76.73%
1653  KX514334     0.00%    passed     83.71%
1654  KX514362     0.00%    passed     82.97%
1655  KX514340     0.00%    passed     70.63%
1656  KX514366     0.00%    passed     72.71%
1657  KX514361     0.00%    passed     77.45%
1658  KX514265     0.00%    passed     87.74%
1659  KX514352     0.00%    passed     95.95%
1660  KX514242     0.00%    passed     97.19%
1661  KX514354     0.00%    passed     94.13%
1662  KX514367     0.00%    passed     78.79%
1663  OK376714     0.00%    passed     24.01%
1664  OL824949     0.00%    passed     24.01%
1665  KX608868     6.10%    passed     45.83%
1666  KF429779     0.62%    passed     47.44%
1667  MT221660     0.00%    passed     95.30%
1668  AB933728     0.18%    passed      5.49%
1669  PQ207947     0.18%    passed     84.69%
1670  PQ214837     0.00%    passed     74.43%
1671  MT729788     0.00%    passed     81.14%
1672  PQ208318     0.00%    failed      3.32%
1673  KF806497     0.37%    passed     34.03%
1674  KF806499     0.37%    passed     35.95%
1675  KF806500     0.37%    passed     23.19%
1676  MT735394     0.00%    passed     96.80%
1677  MN400355     0.00%    passed     95.29%
1678  MT774555     0.00%    passed     99.61%
1679  MT742777     0.00%    passed     97.74%
1680  PP525327     0.18%    passed     24.51%
1681  MF140665     0.18%    passed     80.46%
1682  MF140666     0.18%    passed     74.16%
1683  MF140667     0.18%    passed     89.25%
1684  PP512968     0.00%    passed     11.31%
1685  PQ207926     0.18%    passed     59.15%
1686  MW045405     0.00%    passed     61.31%
1687  KC576915     0.18%    passed     94.65%
1688  JX401280     0.18%    passed     94.65%
1689  MW305583     0.55%    passed     96.05%
1690  JX401281     0.55%    passed     96.05%
1691  KC462195     0.37%    passed     69.76%
1692  PV843272     1.85%    passed     86.83%
1693  PV843276     1.85%    passed     84.99%
1694  PX285872     1.85%    passed     73.01%
1695  PZ240515     1.85%    passed     81.01%
1696  PZ240516     1.85%    passed     81.01%
1697  PQ740369     1.85%    passed     87.86%
1698  PQ740373     1.85%    passed     75.05%
1699  PQ740375     1.85%    passed     71.48%
1700  PQ740376     1.85%    passed     71.48%
1701  PQ740378     1.91%    passed     69.30%
1702  PQ740381     1.85%    passed     80.31%
1703  PQ740384     1.85%    passed     82.30%
1704  OR793082     1.85%    passed     81.61%
1705  MT158862     1.85%    passed     79.13%
1706  MK517767     6.28%    passed     72.30%
1707  MK517753     6.28%    passed     76.08%
1708  MK517754     6.28%    passed     76.08%
1709  MK517755     6.28%    passed     76.08%
1710  MK517756     6.28%    passed     76.08%
1711  MK517757     6.28%    passed     76.08%
1712  MK517758     6.28%    passed     76.08%
1713  MK517759     6.28%    passed     76.08%
1714  MK517760     6.28%    passed     76.08%
1715  MK517768     6.28%    passed     72.18%
1716  MK517769     6.28%    passed     68.35%
1717  PP267268     1.85%    passed     79.13%
1718  MK517763     6.28%    passed     77.58%
1719  MK517764     6.28%    passed     73.89%
1720  PQ273192     1.85%    passed     72.16%
1721  PQ273193     1.85%    passed     72.16%
1722  PQ273194     1.85%    passed     72.16%
1723  OP689558     1.85%    passed     72.16%
1724  OP689557     1.85%    passed     72.59%
1725  MH825880     1.85%    passed     72.77%
1726  MG746013     1.85%    passed     76.18%
1727  MG746014     1.85%    passed     76.18%
1728  LC384111     1.85%    passed     75.74%
1729  KY462035     1.85%    passed     79.57%
1730  KY485115     1.85%    passed     79.57%
1731  KY485116     1.85%    passed     79.57%
1732  MG746112     2.03%    passed     74.67%
1733  MK614158     2.03%    passed     74.26%
1734  MH321821     4.93%    passed     80.23%
1735  MG746205     2.03%    passed     74.67%
1736  MG746217     2.03%    passed     70.98%
1737  MG746001     1.85%    passed     75.74%
1738  MG746081     2.03%    passed     73.59%
1739  KY407220     1.85%    passed     80.63%
1740  KY407221     1.85%    passed     79.57%
1741  MH068810     1.85%    passed     76.18%
1742  MK614160     2.03%    passed     77.08%
1743  KY457586     1.85%    passed     68.83%
1744  MH321818     4.93%    passed     72.97%
1745  KY421123     1.85%    passed     75.09%
1746  MG746095     2.03%    passed     81.05%
1747  MH068791     1.85%    passed     85.65%
1748  MH068796     1.85%    passed     85.65%
1749  MH068797     1.85%    passed     85.65%
1750  KY485120     1.85%    passed     88.28%
1751  MH068793     1.85%    passed     87.67%
1752  MW661273     1.85%    passed     82.93%
1753  MW661277     1.85%    passed     82.93%
1754  MT362914     1.85%    passed     76.36%
1755  MT362915     1.85%    passed     76.36%
1756  MT362916     1.85%    passed     76.36%
1757  MG746215     2.03%    passed     68.88%
1758  MG746025     1.85%    passed     75.74%
1759  OQ633109     1.85%    passed     81.01%
1760  KY865306     1.85%    passed     88.28%
1761  MH513595     5.73%    passed     70.11%
1762  PP267299     1.85%    passed     81.61%
1763  MK614141     2.03%    passed     81.64%
1764  MK614155     2.03%    passed     81.56%
1765  MK614130     1.85%    passed     82.54%
1766  MK614128     1.85%    passed     76.36%
1767  LC413802     1.85%    passed     82.74%
1768  MK614132     1.85%    passed     76.30%
1769  MG746180     2.03%    passed     78.27%
1770  LC413799     1.85%    passed     79.13%
1771  LC720157     1.85%    passed     70.56%
1772  LC726086     1.85%    passed     77.50%
1773  MG746061     2.03%    passed     72.06%
1774  OR793093     1.85%    passed     75.14%
1775  OR793099     1.85%    passed     75.14%
1776  OR793100     1.85%    passed     75.14%
1777  MG763359     1.85%    passed     71.10%
1778  MG763360     1.85%    passed     71.10%
1779  PQ740380     1.85%    passed     87.18%
1780  OL826943     1.85%    passed     80.66%
1781  PQ273188     1.85%    passed     87.18%
1782  PQ273195     1.85%    passed     87.18%
1783  PQ273199     1.85%    passed     93.42%
1784  LC646333     1.85%    passed     79.76%
1785  OM372488     1.85%    passed     71.48%
1786  LC726079     1.85%    passed     79.57%
1787  LC726083     1.85%    passed     72.16%
1788  LC726084     1.85%    passed     56.99%
1789  LC798000     1.85%    passed     69.01%
1790  LC413803     1.85%    passed     77.41%
1791  LC798001     1.85%    passed     76.45%
1792  MH938350     1.85%    passed     77.73%
1793  OR084256     1.85%    passed     83.64%
1794  MK614161     2.03%    passed     85.30%
1795  OL826942     1.85%    passed     87.49%
1796  LC798002     1.91%    passed     84.72%
1797  LC798025     1.85%    passed     89.55%
1798  LC790055     1.85%    passed     82.39%
1799  LC790062     1.85%    passed     86.07%
1800  LC798021     1.85%    passed     86.07%
1801  LC798023     1.85%    passed     88.25%
1802  LC646332     1.85%    passed     87.18%
1803  MK764022     1.85%    passed     68.75%
1804  LC798017     1.85%    passed     80.29%
1805  LC798018     1.85%    passed     80.87%
1806  LC726088     1.85%    passed     81.87%
1807  LC413804     1.91%    passed     73.04%
1808  PQ740370     1.85%    passed     85.83%
1809  PQ740371     1.85%    passed     75.05%
1810  LC798005     1.85%    passed     79.73%
1811  LC726085     1.85%    passed     82.78%
1812  LC798009     1.85%    passed     74.56%
1813  LC798014     1.85%    passed     84.76%
1814  LC798011     1.85%    passed     83.35%
1815  LC726089     1.85%    passed     83.35%
1816  MT738527     1.85%    passed     80.79%
1817  LC798008     1.85%    passed     86.14%
1818  LC726081     1.97%    passed     83.85%
1819  LC798006     1.85%    passed     80.08%
1820  MK517766     6.28%    passed     61.70%
1821  LC798010     1.85%    passed     86.46%
1822  LC798015     1.85%    passed     80.70%
1823  LC798016     1.85%    passed     77.34%
1824  LC798043     1.85%    passed     77.34%
1825  MG745996     1.85%    passed     84.53%
1826  MG746094     2.03%    passed     82.50%
1827  MG745997     1.85%    passed     83.59%
1828  MH057762     4.81%    passed     87.53%
1829  MG746162     2.03%    passed     82.02%
1830  MH321823     4.93%    passed     71.68%
1831  OK376252     2.96%    passed     84.48%
1832  OK376253     1.85%    passed     85.22%
1833  OK376255     1.85%    passed     85.22%
1834  OK376264     1.85%    passed     85.22%
1835  OK376260     1.85%    passed     85.22%
1836  OK376261     1.85%    passed     85.22%
1837  OM372482     1.85%    passed     83.25%
1838  MH513593     5.73%    passed     64.08%
1839  MZ026977     5.73%    passed     46.62%
1840  MK762626     1.85%    passed     73.85%
1841  PP267270     1.85%    passed     87.86%
1842  PQ740372     1.85%    passed     88.96%
1843  PQ740387     1.85%    passed     91.16%
1844  PQ740366     1.91%    passed     91.55%
1845  OR463468     1.85%    passed     89.55%
1846  MG746211     2.03%    passed     77.68%
1847  LC726087     1.85%    passed     88.65%
1848  MK517770     6.28%    passed     70.48%
1849  MK517772     6.28%    passed     70.48%
1850  MK517771     6.28%    passed     72.48%
1851  MT158852     1.85%    passed     86.99%
1852  MT158857     1.85%    passed     83.25%
1853  PQ740385     1.85%    passed     89.55%
1854  PQ740386     1.85%    passed     92.26%
1855  OM372489     1.85%    passed     89.85%
1856  PP267300     1.85%    passed     76.77%
1857  OL826941     1.85%    passed     77.19%
1858  PQ740374     1.85%    passed     77.27%
1859  OL826940     1.85%    passed     76.77%
1860  LC726090     1.85%    passed     80.59%
1861  LC798042     1.85%    passed     84.91%
1862  OR463469     1.85%    passed     68.29%
1863  PQ740367     1.85%    passed     69.78%
1864  PQ740379     1.85%    passed     67.75%
1865  PQ740382     1.85%    passed     75.05%
1866  PQ740377     1.85%    passed     73.43%
1867  PQ740383     1.85%    passed     79.57%
1868  PQ740368     1.85%    passed     81.57%
1869  MZ026948     5.73%    passed     68.12%
1870  OP205542     1.85%    passed     69.87%
1871  OP205543     1.85%    passed     69.87%
1872  PQ740365     1.85%    passed     75.05%
1873  MT158853     1.85%    passed     66.75%
1874  MN394542     1.85%    passed     76.30%
1875  MK752935     1.85%    passed     71.48%
1876  PX988179     2.03%    passed     73.17%
1877  PX988180     2.03%    passed     73.17%
1878  PX988181     2.03%    passed     73.17%
1879  PX988182     2.03%    passed     73.17%
1880  PZ240512     1.85%    passed     89.85%
1881  LC726080     1.85%    passed     95.69%
1882  MZ027015     5.73%    passed     81.61%
1883  PQ740363     1.85%    passed     71.40%
1884  MK517761     6.28%    passed     46.86%
1885  MK517762     6.28%    passed     46.86%
1886  MK614133     1.85%    passed     85.65%
1887  MN394544     1.85%    passed     91.63%
1888  PX458557     1.85%    passed     88.28%
1889  MZ026985     5.73%    passed     55.55%
1890  MZ026986     5.73%    passed     65.51%
1891  MZ708532     3.45%    passed     76.84%
1892  MZ708534     4.00%    passed     60.91%
1893  MH634362     1.85%    passed     71.48%
1894  MH634359     1.85%    passed     71.48%
1895  KY357452    19.84%    passed     88.20%
1896  MZ708538     3.82%    passed     70.76%
1897  MZ708540     3.94%    passed     69.77%
1898  MZ708543     3.88%    passed     54.30%
1899  MZ708599     4.07%    passed     43.55%
1900  MH634358     1.85%    passed     71.12%
1901  MZ708597     4.00%    passed     68.00%
1902  KY357462    19.84%    passed     89.17%
1903  MH634380     1.85%    passed     77.50%
1904  MH634381     1.85%    passed     77.50%
1905  KY806296     1.85%    passed     65.54%
1906  KY806300     1.85%    passed     73.53%
1907  KY806299     1.85%    passed     76.45%
1908  KY462043     1.85%    passed     73.24%
1909  MG746028     1.85%    passed     79.13%
1910  MG746084     2.03%    passed     77.08%
1911  KY421144     1.85%    passed     79.13%
1912  LC279235     1.85%    passed     80.20%
1913  LC279239     1.85%    passed     80.20%
1914  LC279242     1.85%    passed     80.20%
1915  LC213886     1.85%    passed     82.30%
1916  LC720160     1.85%    passed     84.53%
1917  MH068819     1.85%    passed     66.85%
1918  MH068820     1.85%    passed     66.85%
1919  KY905336     1.85%    passed     86.26%
1920  KY457729     1.85%    passed     81.95%
1921  KY457727     1.85%    passed     81.95%
1922  MH634382     1.85%    passed     76.30%
1923  MK614139     2.03%    passed     74.29%
1924  MK614140     2.03%    passed     77.08%
1925  MK614157     2.03%    passed     77.08%
1926  KY357461    19.84%    passed     76.16%
1927  MG746004     1.85%    passed     83.68%
1928  MG763368     1.85%    passed     80.20%
1929  LC213889     1.85%    passed     74.44%
1930  MH634364     1.85%    passed     75.86%
1931  MH634391     1.91%    passed     83.35%
1932  MH938343     1.85%    passed     78.44%
1933  MH938347     1.85%    passed     71.48%
1934  MK753021     1.85%    passed     87.18%
1935  MK648239     1.85%    passed     83.68%
1936  MG746172     2.03%    passed     73.24%
1937  MG746023     1.85%    passed     68.75%
1938  MH938352     1.85%    passed     84.39%
1939  OP205544     1.85%    passed     87.23%
1940  MH634352     1.85%    passed     74.44%
1941  MK773581     1.85%    passed     78.01%
1942  MG763354     1.85%    passed     76.36%
1943  MG763369     1.85%    passed     76.36%
1944  MG763370     1.85%    passed     76.36%
1945  MG746154     2.03%    passed     77.76%
1946  MG746021     1.85%    passed     79.57%
1947  MK614146     2.03%    passed     73.59%
1948  MG746058     2.03%    passed     74.26%
1949  MK614148     2.03%    passed     74.26%
1950  KY462040     1.85%    passed     76.18%
1951  MG746109     2.03%    passed     77.76%
1952  MG745986     1.85%    passed     79.57%
1953  MG745987     1.85%    passed     79.57%
1954  MG746087     2.03%    passed     74.26%
1955  MG746005     1.85%    passed     75.05%
1956  MG746011     1.85%    passed     92.79%
1957  MG746142     2.03%    passed     89.63%
1958  MG746067     2.03%    passed     84.11%
1959  LC384109     1.85%    passed     88.65%
1960  MK752940     1.85%    passed     80.08%
1961  MG746033     1.85%    passed     82.78%
1962  KY677832     1.85%    passed     80.87%
1963  MG746054     2.03%    passed     91.82%
1964  MG746063     2.03%    passed     87.19%
1965  KY677831     1.85%    passed     88.52%
1966  KY677830     1.85%    passed     80.87%
1967  KY677828     1.85%    passed     94.42%
1968  MW305649     1.85%    passed     83.35%
1969  MW642193     1.85%    passed     97.27%
1970  KY421148     1.85%    passed     97.91%
1971  MH158635     1.85%    passed     94.23%
1972  MH671553     1.85%    passed     92.70%
1973  MZ708391     3.64%    passed     89.44%
1974  MH702265     1.85%    passed     96.41%
1975  MK753011     1.85%    passed     94.68%
1976  MK753015     1.85%    passed     96.98%
1977  MK753031     1.85%    passed     94.68%
1978  MK753014     1.85%    passed     92.79%
1979  MK752944     1.85%    passed     90.87%
1980  MH218734     1.85%    passed     97.35%
1981  MK753013     1.85%    passed     95.39%
1982  MK762628     1.85%    passed     97.27%
1983  MK752945     1.85%    passed     88.42%
1984  MK614131     1.85%    passed     75.05%
1985  MT158851     1.85%    passed     56.86%
1986  LC726082     1.85%    passed     72.97%
1987  MZ026963     5.73%    passed     53.25%
1988  PP267297     1.85%    passed     86.81%
1989  OM372483     1.85%    passed     83.74%
1990  PQ740388     1.85%    passed     83.47%
1991  PQ740389     1.85%    passed     84.99%
1992  MZ026973     5.73%    passed     66.81%
1993  PQ740364     1.85%    passed     60.82%
1994  MH979229     1.85%    passed     88.14%
1995  MH702260     1.85%    passed     77.62%
1996  MH702261     1.85%    passed     76.45%
1997  OR793102     1.91%    passed     97.24%
1998  MT724793     1.85%    passed     88.40%
1999  KT962983     1.85%    passed     90.79%
2000  MK753007     1.85%    passed     90.62%
2001  MZ708392     3.82%    passed     87.39%
2002  MK764039     1.85%    passed     95.00%
2003  MK764040     1.85%    passed     95.00%
2004  MZ708396     4.00%    passed     75.02%
2005  MZ708398     3.82%    passed     77.04%
2006  MZ708400     4.07%    passed     74.89%
2007  MZ708522     3.82%    passed     77.04%
2008  MZ708399     3.88%    passed     76.80%
2009  MZ708402     4.00%    passed     74.21%
2010  MZ708521     3.88%    passed     80.42%
2011  MZ708526     3.45%    passed     77.33%
2012  MZ708519     4.00%    passed     72.20%
2013  MZ708525     3.88%    passed     80.28%
2014  MZ708527     3.57%    passed     76.91%
2015  MZ708523     3.45%    passed     77.10%
2016  MT218322     2.34%    passed     95.90%
2017  MK729086     1.85%    passed     99.88%
2018  MK775028     1.85%    passed     95.94%
2019  LC209440     1.85%    passed     94.88%
2020  OR826789     1.85%    passed     91.44%
2021  MZ708221     5.05%    passed     93.61%
2022  MK753012     1.85%    passed     98.11%
2023  MH938341     1.85%    passed     98.91%
2024  MN502837     5.73%    passed     99.48%
2025  LC209457     1.85%    passed     92.48%
2026  LC122851     1.85%    passed     97.82%
2027  LC209474     1.85%    passed     97.82%
2028  LC209472     1.85%    passed     99.08%
2029  LC209473     1.85%    passed     98.63%
2030  LC122852     1.85%    passed     98.63%
2031  LC209465     1.85%    passed     98.63%
2032  AB629941     1.85%    passed     99.56%
2033  LC122853     1.85%    passed     99.97%
2034  LC209464     1.85%    passed     99.97%
2035  LC209438     1.85%    passed    100.00%
2036  LC209436     1.85%    passed     99.97%
2037  LC209437     1.85%    passed     99.96%
2038  LC122854     1.85%    passed     99.71%
2039  LC209469     1.85%    passed     99.71%
2040  LC122855     1.85%    passed     97.74%
2041  LC209462     1.85%    passed     97.74%
2042  LC122856     1.85%    passed     99.51%
2043  LC209463     1.85%    passed     99.51%
2044  MW305657     1.85%    passed     84.77%
2045  LC209435     1.85%    passed     48.16%
2046  MZ708218     4.00%    passed     80.54%
2047  MZ708219     3.82%    passed     81.65%
2048  MZ708220     4.00%    passed     83.63%
2049  MZ708397     3.45%    passed     88.46%
2050  MZ708401     4.00%    passed     88.40%
2051  MZ708518     4.00%    passed     88.07%
2052  MZ708393     3.88%    passed     92.45%
2053  MZ708222     3.82%    passed     96.57%
2054  MZ708395     4.00%    passed     97.18%
2055  MZ708520     9.30%    passed     96.02%
2056  MH218735     1.85%    passed     96.29%
2057  MH218736     1.85%    passed     96.29%
2058  MH218655     1.85%    passed     94.91%
2059  MH218737     1.85%    passed     95.84%
2060  MK789430     1.85%    passed     89.55%
2061  MK775029     1.85%    passed     95.84%
2062  MW305627     1.85%    passed     91.63%
2063  MW305640     1.85%    passed     95.82%
2064  MW305641     1.85%    passed     95.82%
2065  MW305612     1.85%    passed     99.10%
2066  MW661246     1.85%    passed     87.67%
2067  MW661249     1.85%    passed     87.67%
2068  KJ407074     1.85%    passed     84.78%
2069  LC122839     1.85%    passed     89.08%
2070  LC209481     1.85%    passed     89.08%
2071  LC122840     1.85%    passed     87.27%
2072  LC209480     1.85%    passed     87.27%
2073  MZ291626     1.85%    passed     83.74%
2074  MT233270     1.85%    passed     98.70%
2075  LC122834     1.85%    passed     99.02%
2076  LC209479     1.85%    passed     99.02%
2077  LC122835     1.85%    passed     98.35%
2078  LC209447     1.85%    passed     98.35%
2079  LC209448     1.85%    passed     98.90%
2080  LC145787     1.85%    passed     98.70%
2081  LC209460     1.85%    passed     98.35%
2082  LC122836     1.85%    passed     97.57%
2083  LC209452     1.85%    passed     97.57%
2084  LC209453     1.85%    passed     98.35%
2085  LC209468     1.85%    passed     98.43%
2086  LC122837     1.85%    passed     98.13%
2087  LC209471     1.85%    passed     98.13%
2088  LC209451     1.85%    passed     98.35%
2089  LC122833     1.85%    passed     98.97%
2090  LC209467     1.85%    passed     98.97%
2091  LC122838     1.85%    passed     96.91%
2092  LC209478     1.85%    passed     96.91%
2093  AB629946     1.85%    passed     96.55%
2094  LC209449     1.85%    passed     99.42%
2095  LC209459     1.85%    passed     94.41%
2096  LC209446     1.85%    passed     98.78%
2097  MZ708403     3.64%    passed     98.70%
2098  MZ708404     3.45%    passed     98.50%
2099  MZ708405     4.00%    passed     98.55%
2100  MH938338     1.85%    passed     99.46%
2101  LC209439     1.85%    passed     93.18%
2102  MH218648     1.85%    passed     97.70%
2103  MH218657     1.85%    passed     98.78%
2104  MH218697     1.85%    passed     97.61%
2105  MH218733     1.85%    passed     97.98%
2106  PX733075     2.03%    passed     72.25%
2107  OQ451925     1.85%    passed     91.10%
2108  OQ451926     1.85%    passed     85.92%
2109  MF621948     1.85%    passed     81.16%
2110  MF621951     1.85%    passed     81.16%
2111  MF621950     1.85%    passed     81.16%
2112  MF621953     1.85%    passed     77.76%
2113  MF621954     1.85%    passed     77.76%
2114  KC464505     1.85%    passed     84.32%
2115  MF621957     7.27%    passed     69.46%
2116  MF621952     2.71%    passed     78.56%
2117  MF621949     2.28%    passed     80.43%
2118  MF621955     1.85%    passed     79.62%
2119  LC122847     1.85%    passed     82.68%
2120  LC209432     1.85%    passed     82.68%
2121  LC209444     1.85%    passed     79.40%
2122  LC145791     1.85%    passed     79.40%
2123  LC145793     1.85%    passed     85.94%
2124  LC145789     1.85%    passed     84.43%
2125  LC145790     1.85%    passed     82.19%
2126  LC213885     1.85%    passed     82.19%
2127  LC145792     1.85%    passed     72.31%
2128  LC209443     1.85%    passed     75.90%
2129  LC209445     1.85%    passed     88.44%
2130  LC122846     1.85%    passed     78.17%
2131  LC209434     1.85%    passed     78.17%
2132  MF621956     1.85%    passed     82.90%
2133  MH938340     1.85%    passed     79.64%
2134  LC209458     1.85%    passed     68.55%
2135  MK752949     1.85%    passed     64.38%
2136  LC145801     1.85%    passed     70.49%
2137  LC209455     1.85%    passed     70.49%
2138  LC122845     1.85%    passed     82.92%
2139  LC209431     1.85%    passed     82.92%
2140  LC122842     1.85%    passed     79.62%
2141  LC209477     1.85%    passed     79.62%
2142  LC209475     1.85%    passed     76.13%
2143  LC145808     1.85%    passed     82.90%
2144  LC122843     1.85%    passed     85.94%
2145  LC209476     1.85%    passed     85.94%
2146  LC145807     1.85%    passed     85.92%
2147  LC209441     1.85%    passed     82.90%
2148  LC209442     1.85%    passed     65.06%
2149  LC122844     1.85%    passed     57.52%
2150  LC209466     1.85%    passed     57.52%
2151  LC145799     1.85%    passed     66.46%
2152  LC145800     1.85%    passed     66.57%
2153  LC145798     1.85%    passed     77.88%
2154  KY457721     1.85%    passed     81.16%
2155  KY457723     6.41%    passed     71.76%
2156  KY457725     1.85%    passed     73.79%
2157  KY457722     1.85%    passed     81.28%
2158  KY457724     1.85%    passed     76.13%
2159  LC145797     1.85%    passed     92.06%
2160  MN502851     5.73%    passed     92.90%
2161  MN502995     5.73%    passed     67.88%
2162  MN503035     5.73%    passed     67.88%
2163  LC122848     1.85%    passed     74.56%
2164  LC209470     1.85%    passed     74.56%
2165  LC145804     1.85%    passed     73.54%
2166  LC145805     1.85%    passed     77.03%
2167  LC122850     1.85%    passed     71.64%
2168  LC209433     1.85%    passed     71.64%
2169  LC145788     1.85%    passed     67.80%
2170  LC145794     1.85%    passed     72.15%
2171  LC145795     1.85%    passed     68.57%
2172  LC145796     1.85%    passed     76.11%
2173  LC145806     1.85%    passed     78.05%
2174  LC373452     1.85%    passed     79.62%
2175  LC122849     1.85%    passed     77.71%
2176  LC209456     1.85%    passed     77.71%
2177  LC145786     1.85%    passed     74.10%
2178  LC145802     1.85%    passed     77.31%
2179  MN503021     5.73%    passed     74.16%
2180  MH938339     1.85%    passed     80.76%
2181  LC122841     1.85%    passed     84.32%
2182  LC228948     1.85%    passed     84.32%
2183  LC209450     1.85%    passed     84.32%
2184  LC145803     1.85%    passed     84.32%
2185  LC209454     1.85%    passed     89.54%
2186  LC209461     1.85%    passed     92.94%
2187  PQ740390     1.85%    passed     56.03%
2188  MT767436     1.85%    passed     90.61%
2189  MW305578     1.85%    passed     85.04%
2190  MW305579     1.85%    passed     71.78%
2191  JX846925     1.85%    passed     67.72%
2192  JN699037     1.85%    passed     67.72%
2193  KC597138    15.83%    passed     95.40%
2194  PQ243047     1.97%    passed     59.90%
2195  MW305584     1.85%    passed     96.07%
2196  MW305570     1.85%    passed     98.65%
2197  MW305600     1.85%    passed     50.22%
2198  MW305601     1.85%    passed     42.68%
2199  JQ320072     1.85%    passed     54.92%
2200  KC998960     1.85%    passed     45.83%
2201  MF405169     1.85%    passed     97.93%
2202  DQ366347     2.28%    passed     90.65%
2203  OR065073     2.28%    passed     93.95%
2204  PQ641315     1.91%    passed     37.24%
2205  PV087409     1.91%    passed     47.34%
2206  MZ026965     5.79%    passed     47.69%
2207  MN502892     5.79%    passed     41.05%
2208  MN503065     5.79%    passed     44.86%
2209  MN502917     5.79%    passed     47.76%
2210  MF802552     1.91%    passed     30.79%
2211  MF802554     1.91%    passed     30.79%
2212  MF802553     1.91%    passed     29.09%
2213  MN502993     5.79%    passed     46.36%
2214  MN503038     5.79%    passed     46.36%
2215  KM036378     1.91%    passed     36.94%
2216  KJ131167     1.91%    passed     36.94%
2217  KJ131168     1.91%    passed     36.94%
2218  KJ131170     1.91%    passed     36.94%
2219  KJ131173     1.91%    passed     36.94%
2220  KJ131169     1.91%    passed     36.94%
2221  KJ131171     1.91%    passed     36.94%
2222  KJ131174     1.91%    passed     36.94%
2223  KJ131172     1.91%    passed     33.99%
2224  KJ131175     1.91%    passed     35.07%
2225  KM386681     1.91%    passed     39.94%
2226  KU311160     1.97%    passed     33.52%
2227  LC122857     1.91%    passed     25.38%
2228  MZ265142     1.91%    passed     35.32%
2229  KM036379     1.91%    passed     43.76%
2230  MW305533     1.91%    passed     48.21%
2231  MW305537     1.91%    passed     59.20%
2232  KM386680     1.91%    passed     52.53%
2233  KM386679     6.16%    passed     67.45%
2234  MT754282     1.91%    passed     50.83%
2235  MN502960     5.79%    passed     43.01%
2236  MN502961     5.79%    passed     24.63%
2237  MN502964     5.79%    passed     34.30%
2238  MW009068     1.91%    passed     16.89%
2239  MW009072     1.91%    passed     16.89%
2240  MW009069     1.91%    passed     16.89%
2241  MZ268406     2.03%    passed     37.12%
2242  LC122858     1.91%    passed     60.58%
2243  LC122859     1.91%    passed     55.12%
2244  KJ196277     1.91%    passed     69.78%
2245  MN502836     5.79%    passed     47.38%
2246  MW305658     1.91%    passed     49.71%
2247  KJ196288     1.91%    passed     51.38%
2248  MW305580     1.91%    passed     26.65%
2249  JN699044     1.91%    passed     21.53%
2250  MW305695     1.91%    passed     19.65%
2251  MN502843     5.79%    passed     67.03%
2252  HM596590     1.91%    passed     33.99%
2253  MG557655    10.17%    passed     93.78%
2254  PX458541     1.91%    passed     64.47%
2255  OP686903     1.91%    passed     41.13%
2256  OP609644     1.91%    passed     54.52%
2257  OP609645     1.91%    passed     54.52%
2258  OP691294     1.91%    passed     51.27%
2259  OP691295     1.91%    passed     51.27%
2260  OP609646     1.91%    passed     67.79%
2261  PX458533     2.65%    passed     25.83%
2262  LC769702     2.53%    passed     20.63%
2263  PV394759     2.53%    passed     29.91%
2264  PV394767     2.53%    passed     32.95%
2265  PV394768     2.53%    passed     32.95%
2266  PV394763     2.53%    passed     29.91%
2267  PV394762     2.53%    passed     29.91%
2268  PV394766     2.53%    passed     34.29%
2269  PV394761     2.59%    passed     34.72%
2270  PV394760     2.53%    passed     35.73%
2271  MZ769132     2.53%    passed     45.51%
2272  KF920739     2.53%    passed     25.68%
2273  MN447470     2.46%    passed     24.46%
2274  MN447471     2.46%    passed     24.46%
2275  MW305566     2.46%    passed     28.82%
2276  MW305699     2.46%    passed     21.44%
2277  GU292831     2.46%    passed     12.42%
2278  GQ856476     2.46%    passed     14.73%
2279  PX732924     5.18%    passed     14.09%
2280  MZ265063     3.02%    passed     24.50%
2281  MW305705     3.02%    passed     20.53%
2282  JN797508     3.02%    passed     28.17%
2283  MW854326     3.20%    passed     25.14%
2284  KC463911     3.02%    passed     24.33%
2285  KC464322     3.02%    passed     22.80%
2286  KC464323     3.02%    passed     21.17%
2287  KC597148    16.57%    passed     52.40%
2288  KC597150    16.57%    passed     51.00%
2289  KC597149    16.57%    passed     51.00%
2290  KC597151    16.57%    passed     51.00%
2291  JN616378     3.02%    passed     31.70%
2292  PZ240514     3.02%    passed     33.15%
2293  LC923386     3.02%    passed     39.37%
2294  MZ026968     6.90%    passed     35.81%
2295  MN502918     6.90%    passed     46.34%
2296  MN502953     6.90%    passed     38.64%
2297  MN503006     6.90%    passed     45.61%
2298  MN503051     6.90%    passed     45.61%
2299  MN503009     6.90%    passed     37.57%
2300  MN503050     6.90%    passed     37.57%
2301  MN503086     6.90%    passed     40.46%
2302  MN502936     6.90%    passed     46.34%
2303  MN503075     6.90%    passed     45.39%
2304  MN502939     6.90%    passed     33.94%
2305  MN503078     6.90%    passed     46.88%
2306  MN502909     6.90%    passed     46.48%
2307  MN502926     6.90%    passed     57.33%
2308  MK614059     3.02%    passed     34.49%
2309  KY649456     3.02%    passed     34.49%
2310  KY649454     3.02%    passed     37.66%
2311  KY649455     3.02%    passed     37.66%
2312  PX733062     3.20%    passed     44.99%
2313  MW305622     3.02%    passed     25.92%
2314  MW305628     3.02%    passed     37.29%
2315  MW305629     3.02%    passed     37.29%
2316  MW305630     3.02%    passed     46.26%
2317  MH218731     3.02%    passed     29.17%
2318  MK753033     3.02%    passed     27.98%
2319  MT242482     3.02%    passed     32.82%
2320  MK753034     3.02%    passed     37.88%
2321  OL898506     3.02%    passed     19.93%
2322  MT242487     3.02%    passed     28.40%
2323  MK616584     3.02%    passed     28.40%
2324  MK616585     3.02%    passed     31.32%
2325  MW661263     3.02%    passed     20.90%
2326  MW661266     3.02%    passed     20.24%
2327  MW661269     3.02%    passed     20.24%
2328  MW661271     3.02%    passed     19.52%
2329  MW661270     3.02%    passed     19.52%
2330  MW661267     3.02%    passed     20.90%
2331  MW661268     3.02%    passed     20.90%
2332  MW661272     3.02%    passed     20.90%
2333  MF668937     3.02%    passed      9.52%
2334  LC597120     3.02%    passed     12.81%
2335  MK483908     3.02%    passed     55.65%
2336  MG572182     3.02%    passed     79.57%
2337  KJ194507     3.02%    passed     21.73%
2338  OR397766     3.02%    passed     67.30%
2339  OR397776     3.02%    passed     67.30%
2340  OR397777     3.02%    passed     67.30%
2341  OR397773     3.02%    passed     68.11%
2342  OR397767     3.02%    passed     71.11%
2343  OR397782     3.02%    passed     71.11%
2344  JX289822     3.02%    passed     71.11%
2345  OR397768     3.02%    passed     73.55%
2346  OR397769     3.02%    passed     73.55%
2347  OR397770     3.02%    passed     73.55%
2348  OR397771     3.02%    passed     74.26%
2349  OR397772     3.02%    passed     74.26%
2350  OR397783     3.02%    passed     73.55%
2351  OR397784     3.02%    passed     73.55%
2352  OR397785     3.02%    passed     74.26%
2353  OR397786     3.02%    passed     74.26%
2354  OR397787     3.02%    passed     74.26%
2355  OR397788     3.02%    passed     67.30%
2356  OR397778     3.02%    passed     67.30%
2357  OR397779     3.02%    passed     67.30%
2358  OR397781     3.02%    passed     67.30%
2359  OR397780     3.02%    passed     61.80%
2360  OR397775     3.02%    passed     76.50%
2361  OR397774     3.02%    passed     66.35%
2362  PP512739     3.02%    passed     66.95%
2363  LC122737     3.02%    passed     58.49%
2364  LC122738     3.02%    passed     59.34%
2365  LC122739     3.02%    passed     61.24%
2366  EU072249     3.02%    passed     41.77%
2367  PZ240517     3.02%    passed     67.47%
2368  PZ240518     3.02%    passed     56.29%
2369  PQ740331     3.02%    passed     67.21%
2370  PP658560     3.02%    passed     70.37%
2371  LC790071     3.02%    passed     52.71%
2372  OP690427     3.02%    passed     36.47%
2373  MK355712     3.02%    passed     57.59%
2374  MK355713     3.02%    passed     55.60%
2375  MK754445     3.02%    passed     68.12%
2376  MK762627     3.02%    passed     50.83%
2377  MK616560     3.02%    passed     46.02%
2378  MK616561     3.02%    passed     46.02%
2379  MK616558     3.02%    passed     40.58%
2380  MK616559     3.02%    passed     40.58%
2381  MK753036     3.02%    passed     53.71%
2382  MK764041     3.02%    passed     53.71%
2383  MK754447     3.02%    passed     43.12%
2384  OR512564     3.02%    passed     42.75%
2385  MZ769126     3.02%    passed     63.26%
2386  MZ026897     6.90%    passed     82.41%
2387  MN502831     6.90%    passed     76.76%
2388  MT712130     3.02%    passed     82.93%
2389  MT712147     3.02%    passed     82.93%
2390  KC464500     3.02%    passed     82.93%
2391  KM198492     3.02%    passed     87.59%
2392  JQ613568     3.02%    passed     85.39%
2393  MW305676     3.02%    passed     85.39%
2394  LC122732     3.02%    passed     85.39%
2395  LC122729     3.02%    passed     85.39%
2396  LC122731     3.02%    passed     85.39%
2397  LC122730     3.02%    passed     82.93%
2398  KC464497     3.02%    passed     83.59%
2399  LC122735     3.02%    passed     86.69%
2400  KC464498     3.02%    passed     80.11%
2401  KM198503     3.02%    passed     80.22%
2402  GQ845370     3.02%    passed     80.11%
2403  MN502823     6.90%    passed     78.04%
2404  LC122734     3.02%    passed     78.18%
2405  KC464499     3.02%    passed     83.06%
2406  JQ613569     3.02%    passed     90.31%
2407  MN502821     6.90%    passed     87.26%
2408  LC122733     3.02%    passed     81.79%
2409  LC122736     3.02%    passed     95.26%
2410  MN502814     6.90%    passed     84.86%
2411  HQ449728     3.02%    passed     93.69%
2412  HQ688986     3.02%    passed     80.15%
2413  HQ401025     3.02%    passed     92.16%
2414  HQ664990     3.02%    passed     92.16%
2415  MW305702     3.02%    passed     93.67%
2416  MW305703     3.02%    passed     89.97%
2417  MN502839     6.90%    passed     93.56%
2418  JQ653095     4.31%    passed     88.51%
2419  MN502854     6.90%    passed     85.35%
2420  MN502866     6.90%    passed     74.39%
2421  KP064099     3.20%    passed     81.62%
2422  HQ115742     3.02%    passed     77.43%
2423  KC464496     3.02%    passed     84.49%
2424  MW305701     3.02%    passed     99.93%
2425  LC122724     3.02%    passed     83.79%
2426  LC122725     3.02%    passed     80.57%
2427  LC122726     3.02%    passed     80.57%
2428  LC122727     3.02%    passed     80.60%
2429  LC122728     3.02%    passed     71.81%
2430  KJ196282     3.02%    passed     88.44%
2431  KJ196299     3.02%    passed     86.85%
2432  KJ196294     3.02%    passed     82.13%
2433  LC342059     3.02%    passed     93.56%
2434  KF006267     3.02%    passed     72.49%
2435  MK733201     3.02%    passed     82.62%
2436  MW305593     3.08%    passed     59.58%
2437  MW305595     3.08%    passed     59.58%
2438  MW305596     3.08%    passed     59.58%
2439  MW305597     3.08%    passed     59.58%
2440  MH608285     3.02%    passed     51.81%
2441  PQ273189     2.46%    passed     43.77%
2442  MG495082     2.46%    passed     15.21%
2443  MZ026895     6.47%    passed     19.70%
2444  MN502829     6.47%    passed     17.62%
2445  MN502832     6.47%    passed     20.49%
2446  MN502838     6.47%    passed     19.57%
2447  MN502830     6.47%    passed     13.38%
2448  GQ856469     3.14%    passed     15.63%
2449  MG495083     2.59%    passed     16.07%
2450  NC_044932    2.46%    passed     24.19%
2451  MG706448     2.46%    passed     24.19%
2452  MW305526     2.46%    passed     23.40%
2453  MN453359     2.46%    passed     13.86%
2454  MG495081     2.46%    passed     13.86%
2455  KY225989     2.46%    passed     11.84%
2456  MG495084     2.46%    passed      9.29%
2457  MG495085     2.46%    passed      9.29%
2458  MN453358     2.46%    passed     16.03%
2459  KY496328     2.46%    passed     16.29%
2460  KT290889     2.46%    passed     16.29%
2461  KR232647     2.46%    passed     23.64%
2462  MG551869     2.46%    passed     11.94%
2463  MG495080     2.46%    passed     26.30%
2464  MG495077     2.46%    passed     30.29%
2465  MG495078     2.46%    passed     23.27%
2466  MK733206     2.46%    passed     36.54%
2467  MK733207     2.46%    passed     52.77%
2468  MK733202     2.46%    passed     31.90%
2469  MK733203     2.46%    passed     35.74%
2470  MK733204     2.46%    passed     28.89%
2471  MK733205     2.46%    passed     37.44%
2472  MG754365    11.34%    passed     33.24%
2473  MG572719    10.78%    passed     39.72%
2474  MG572730    10.35%    passed     40.55%
2475  MG572731    10.23%    passed     38.08%
2476  MF352142     2.77%    passed     54.65%
2477  MG572720     2.46%    passed     56.67%
2478  MF352143     4.07%    passed     53.81%
2479  MG572721     2.46%    passed     51.90%
2480  MF352144     2.90%    passed     48.85%
2481  MG572732     3.76%    passed     32.38%
2482  MG572722     2.46%    passed     52.24%
2483  MG572725     2.46%    passed     42.51%
2484  MG572726     2.46%    passed     29.59%
2485  MG572727     2.46%    passed     19.41%
2486  MG572728     2.46%    passed     25.30%
2487  MG572729     2.46%    passed     31.06%
2488  MG572723     2.46%    passed     25.83%
2489  MG572724     2.46%    passed     55.96%
2490  MG495079     2.46%    passed      6.98%
2491  PV920368     2.28%    passed     41.37%
2492  PV920369     2.28%    passed     49.11%
2493  PV920370     2.28%    passed     51.22%
2494  PZ098692     2.28%    passed     74.12%
2495  MW305582     2.28%    passed     65.94%
2496  PV920379     2.28%    passed     70.73%
2497  LC333898     2.28%    passed     70.73%
2498  KY406980     2.28%    passed     69.36%
2499  MH375809     2.28%    passed     70.73%
2500  MH375814     2.28%    passed     70.73%
2501  MH375810     2.28%    passed     68.22%
2502  MH375811     2.28%    passed     68.22%
2503  MN502963     6.16%    passed     58.02%
2504  MZ026964     6.16%    passed     63.52%
2505  PQ304632     2.28%    passed     72.79%
2506  OR687156     2.28%    passed     72.79%
2507  MZ279713     2.28%    passed     52.58%
2508  MZ279715     2.28%    passed     52.58%
2509  MZ279714     2.28%    passed     55.36%
2510  OL943802     2.28%    passed     43.29%
2511  MN502982     6.16%    passed     39.88%
2512  MN503043     6.16%    passed     39.88%
2513  KT346358     2.28%    passed     59.07%
2514  MN503047     6.16%    passed     39.89%
2515  MN502999     6.16%    passed     41.14%
2516  MN503046     6.16%    passed     44.61%
2517  MN525218     6.16%    passed     50.09%
2518  MW305607     2.28%    passed     91.78%
2519  MW305659     2.28%    passed     86.78%
2520  JN699043     2.28%    passed     61.68%
2521  AB545151     2.28%    passed     77.59%
2522  PQ304633     2.28%    passed     17.30%
2523  OR685283     2.28%    passed     17.30%
2524  MZ027002     6.16%    passed     10.19%
2525  MW305734     2.28%    passed     58.43%
2526  PV282515     2.28%    passed     76.26%
2527  MW305609     2.28%    passed     81.11%
2528  MW305610     2.28%    passed     78.57%
2529  MN502813     6.16%    passed     69.66%
2530  MN502825     6.16%    passed     78.21%
2531  MN502842     6.16%    passed     76.75%
2532  MN502845     6.16%    passed     74.28%
2533  MN502844     6.16%    passed     77.91%
2534  MW305512     2.28%    passed     57.39%
2535  MW305604     2.28%    passed     64.88%
2536  MW305517     2.28%    passed     59.76%
2537  MW305742     2.28%    passed     54.50%
2538  GQ266696     3.94%    passed     27.70%
2539  GQ266697     3.94%    passed     24.51%
2540  MW305654     2.28%    passed     85.06%
2541  MW305660     2.28%    passed     85.06%
2542  MZ027043     6.16%    passed     80.30%
2543  LC769700     2.28%    passed     77.62%
2544  OR062613     2.28%    passed     77.33%
2545  PV920371     2.09%    passed     49.48%
2546  LC848162     2.09%    passed     42.53%
2547  PX988188     2.28%    passed     49.25%
2548  PX988189     2.28%    passed     49.25%
2549  PX988190     2.28%    passed     49.25%
2550  PZ234773     2.09%    passed     32.90%
2551  PX988259     2.28%    passed     51.44%
2552  PX988204     2.28%    passed     66.73%
2553  PZ234776     2.09%    passed     60.50%
2554  PZ234783     2.09%    passed     54.44%
2555  PQ590551     2.09%    passed     47.88%
2556  PZ234798     2.09%    passed     58.49%
2557  PQ336868     2.09%    passed     43.13%
2558  PQ336869     2.09%    passed     43.13%
2559  MT158860     2.09%    passed     53.53%
2560  MT158861     2.09%    passed     53.53%
2561  PV920373     2.09%    passed     49.88%
2562  MK907801     2.09%    passed     53.53%
2563  MG692610     2.09%    passed     57.17%
2564  KU557801     2.09%    passed     60.77%
2565  KU561225     2.09%    passed     53.53%
2566  LC433724     2.09%    passed     57.17%
2567  KU557833     2.09%    passed     53.53%
2568  LC433729     2.09%    passed     51.58%
2569  LC258403     2.09%    passed     57.17%
2570  LC369214     2.09%    passed     57.17%
2571  LC369221     2.09%    passed     57.17%
2572  LC311767     2.09%    passed     57.17%
2573  LC311772     2.09%    passed     57.17%
2574  LC311773     2.09%    passed     57.17%
2575  LC318754     2.09%    passed     57.17%
2576  LC318753     2.09%    passed     57.17%
2577  LC318755     2.28%    passed     60.63%
2578  LC318757     2.28%    passed     60.63%
2579  LC333894     2.09%    passed     57.17%
2580  LC333897     2.09%    passed     57.17%
2581  LC486767     2.09%    passed     57.17%
2582  LC433710     2.09%    passed     57.17%
2583  LC433721     2.09%    passed     57.17%
2584  LC369215     2.09%    passed     60.77%
2585  LC333867     2.09%    passed     60.77%
2586  LC486754     2.09%    passed     53.53%
2587  LC486764     2.09%    passed     60.77%
2588  LC333868     2.09%    passed     59.05%
2589  LC349989     2.09%    passed     53.53%
2590  LC318752     2.34%    passed     57.46%
2591  LC101783    10.04%    passed     60.35%
2592  LC349986     2.09%    passed     53.53%
2593  KY905330     2.09%    passed     51.59%
2594  LC148852     2.09%    passed     51.59%
2595  KR270449     2.09%    passed     53.53%
2596  KU557787     2.09%    passed     60.77%
2597  KU557790     2.09%    passed     59.05%
2598  KU557810     2.09%    passed     59.05%
2599  LC333885     2.09%    passed     64.29%
2600  LC333870     2.09%    passed     57.17%
2601  LC486752     2.09%    passed     60.77%
2602  LC486753     2.09%    passed     62.72%
2603  LC486768     2.09%    passed     57.17%
2604  LC369258     2.09%    passed     60.75%
2605  KX592171     2.09%    passed     62.72%
2606  LC369249     2.09%    passed     57.17%
2607  LC433696     2.09%    passed     57.17%
2608  KY502252     4.07%    passed     51.28%
2609  MH747479     2.09%    passed     59.05%
2610  KX244852     2.16%    passed     50.38%
2611  LC333892     2.09%    passed     53.53%
2612  LC486769     2.09%    passed     53.53%
2613  KY406968     2.09%    passed     59.05%
2614  MK077692     2.09%    passed     61.62%
2615  LC486743     2.09%    passed     48.03%
2616  KP902577     2.09%    passed     54.53%
2617  LC333874     2.09%    passed     55.33%
2618  MN853414     2.09%    passed     59.05%
2619  KX244850     2.16%    passed     51.73%
2620  KX216803     2.09%    passed     55.12%
2621  KX216805     2.09%    passed     60.77%
2622  KT326182     2.09%    passed     59.62%
2623  LC318751     4.37%    passed     48.20%
2624  PQ273196     2.09%    passed     56.33%
2625  PQ336872     2.09%    passed     46.05%
2626  MT729791     2.09%    passed     46.05%
2627  LC333887     2.09%    passed     48.03%
2628  MK166053     2.09%    passed     48.03%
2629  MK077694     2.09%    passed     51.58%
2630  MK077696     2.09%    passed     44.51%
2631  LC333901     2.09%    passed     44.51%
2632  MK077697     2.09%    passed     48.03%
2633  MK077698     2.09%    passed     51.58%
2634  MH375808     2.09%    passed     41.05%
2635  LC644992     2.28%    passed     49.52%
2636  LC918520     2.09%    passed     51.58%
2637  MH572232     2.09%    passed     55.33%
2638  MK077700     2.09%    passed     49.88%
2639  MH375812     3.76%    passed     39.42%
2640  MN394546     2.09%    passed     39.31%
2641  MK166054     2.09%    passed     37.47%
2642  LC918509     2.09%    passed     55.92%
2643  LC333893     2.09%    passed     50.91%
2644  PQ336871     2.09%    passed     60.10%
2645  MK166056     2.09%    passed     51.58%
2646  MK166057     2.09%    passed     52.43%
2647  ON854109     2.09%    passed     58.63%
2648  ON854110     2.09%    passed     62.07%
2649  PQ740329     2.09%    passed     53.53%
2650  MN502969     5.98%    passed     49.05%
2651  MZ026990     5.98%    passed     60.24%
2652  MZ027004     5.98%    passed     68.67%
2653  MZ027011     5.98%    passed     54.77%
2654  MZ026995     5.98%    passed     65.62%
2655  MZ027046     5.98%    passed     65.46%
2656  MZ027008     5.98%    passed     58.50%
2657  MZ027048     5.98%    passed     60.07%
2658  MZ027016     5.98%    passed     63.92%
2659  MZ027047     5.98%    passed     56.27%
2660  MZ026939     5.98%    passed     63.84%
2661  MZ026945     5.98%    passed     50.39%
2662  MZ026953     5.98%    passed     39.54%
2663  MZ026980     5.98%    passed     42.13%
2664  MN502972     5.98%    passed     52.66%
2665  MZ027005     5.98%    passed     42.44%
2666  MZ026961     5.98%    passed     53.97%
2667  MN502950     5.98%    passed     50.39%
2668  MN503084     5.98%    passed     38.97%
2669  MZ027033     5.98%    passed     50.39%
2670  MN502956     5.98%    passed     56.23%
2671  MZ026981     5.98%    passed     46.01%
2672  OR793098     2.09%    passed     62.72%
2673  MZ027045     5.98%    passed     69.21%
2674  MZ027017     5.98%    passed     51.22%
2675  MZ027001     5.98%    passed     58.50%
2676  PX988191     2.28%    passed     80.90%
2677  PX988192     2.28%    passed     83.13%
2678  PX988203     2.28%    passed     64.21%
2679  PZ234769     2.09%    passed     60.30%
2680  PZ234759     2.09%    passed     65.42%
2681  PQ740326     2.09%    passed     65.42%
2682  PZ234762     2.09%    passed     62.07%
2683  PZ234763     2.09%    passed     65.42%
2684  PQ740323     2.09%    passed     69.09%
2685  PX988227     2.28%    passed     60.06%
2686  PP267281     2.09%    passed     56.33%
2687  PP267295     2.09%    passed     56.33%
2688  PP267296     2.09%    passed     56.33%
2689  PP267289     2.09%    passed     56.33%
2690  PP267283     2.09%    passed     56.33%
2691  PP267286     2.09%    passed     56.33%
2692  PP267290     2.09%    passed     56.33%
2693  PP267293     2.09%    passed     52.92%
2694  PQ740330     2.09%    passed     58.63%
2695  PQ740327     2.16%    passed     67.20%
2696  MZ026988     5.98%    passed     43.57%
2697  MZ026989     5.98%    passed     48.58%
2698  MZ026942     5.98%    passed     52.80%
2699  MZ026947     5.98%    passed     51.06%
2700  MN502943     5.98%    passed     50.39%
2701  MZ026941     5.98%    passed     55.36%
2702  LC318748     2.28%    passed     57.56%
2703  PV920374     2.09%    passed     46.26%
2704  PV258462     2.09%    passed     59.71%
2705  MN045198     2.28%    passed     51.70%
2706  PQ373120     2.09%    passed     61.54%
2707  PQ373121     2.09%    passed     61.54%
2708  OP205533     2.09%    passed     61.54%
2709  KU561255     2.09%    passed     66.80%
2710  KU561256     2.09%    passed     66.80%
2711  MK907791     2.09%    passed     63.30%
2712  KT732276     4.25%    passed     48.93%
2713  LC486760     2.09%    passed     63.30%
2714  MF073250     2.09%    passed     63.30%
2715  KU557799     2.09%    passed     63.30%
2716  KP864104     2.09%    passed     63.30%
2717  LC369227     2.09%    passed     65.20%
2718  KT780400     2.09%    passed     66.80%
2719  MK077705     2.09%    passed     66.80%
2720  KU557802     2.09%    passed     59.71%
2721  KU557822     2.09%    passed     59.71%
2722  KU557823     2.09%    passed     59.71%
2723  KP902567     2.09%    passed     66.80%
2724  KP902571     2.09%    passed     59.71%
2725  KU557785     2.09%    passed     66.80%
2726  KT780394     2.09%    passed     68.75%
2727  LC349987     2.09%    passed     64.64%
2728  KT906670     4.37%    passed     55.25%
2729  KU557838     2.09%    passed     65.20%
2730  KT315669     2.09%    passed     68.75%
2731  MF172092     2.09%    passed     63.30%
2732  KT315709     2.09%    passed     63.17%
2733  KT780411     2.09%    passed     70.16%
2734  KT780403     2.09%    passed     63.30%
2735  KT326180     2.09%    passed     56.06%
2736  MK077703     2.09%    passed     58.95%
2737  KP698928     2.09%    passed     64.64%
2738  KT315697     2.09%    passed     66.88%
2739  LC486756     2.09%    passed     65.20%
2740  LC486758     2.09%    passed     61.21%
2741  LC148853     2.09%    passed     63.30%
2742  KT970369     2.09%    passed     56.06%
2743  KU557828     2.09%    passed     63.30%
2744  KU557829     2.09%    passed     63.30%
2745  KU557852     2.09%    passed     59.71%
2746  KU557870     2.09%    passed     73.37%
2747  KT780397     2.09%    passed     57.81%
2748  KU557846     2.09%    passed     57.81%
2749  KU557847     2.09%    passed     57.81%
2750  KP698929     2.09%    passed     57.81%
2751  KU557797     2.09%    passed     57.81%
2752  KX216785     2.09%    passed     67.95%
2753  KU561253     2.09%    passed     58.63%
2754  KP998539     2.09%    passed     56.06%
2755  KP902570     2.09%    passed     56.06%
2756  OM480530     2.09%    passed     61.54%
2757  KT315700     2.09%    passed     68.75%
2758  KT780395     2.09%    passed     56.06%
2759  KP902572     2.09%    passed     56.06%
2760  MK077693     2.09%    passed     45.06%
2761  KR020503     2.09%    passed     68.75%
2762  KU557848     2.09%    passed     68.75%
2763  KU557849     2.09%    passed     68.75%
2764  KT315691     2.09%    passed     57.17%
2765  KT970373     2.09%    passed     52.38%
2766  KT149172     2.09%    passed     56.06%
2767  KU557893     2.09%    passed     61.54%
2768  KT315699     2.09%    passed     56.06%
2769  KX168439     2.09%    passed     64.64%
2770  MF421539     2.09%    passed     57.81%
2771  MF421542     2.09%    passed     57.81%
2772  MH375806     2.09%    passed     68.75%
2773  MH572223     2.09%    passed     59.71%
2774  MH572228     2.16%    passed     59.55%
2775  MH572230     2.09%    passed     61.54%
2776  MK077711     2.09%    passed     56.06%
2777  KX168454     2.09%    passed     57.70%
2778  KX168455     2.09%    passed     57.70%
2779  KY407203     2.09%    passed     60.77%
2780  KY406965     2.09%    passed     60.77%
2781  KY406976     2.09%    passed     60.77%
2782  KY406977     2.09%    passed     60.77%
2783  KY407205     2.09%    passed     62.72%
2784  KY407206     2.09%    passed     62.72%
2785  KY406973     2.09%    passed     64.29%
2786  MH375813     2.09%    passed     59.05%
2787  MK648241     2.09%    passed     67.95%
2788  MK648242     2.09%    passed     67.95%
2789  KX216786     2.09%    passed     61.44%
2790  KX216787     2.09%    passed     77.18%
2791  KX216788     2.09%    passed     77.18%
2792  KX216791     2.09%    passed     76.39%
2793  KX216793     2.09%    passed     76.63%
2794  KY406971     2.09%    passed     55.52%
2795  KT992787     2.09%    passed     57.17%
2796  KT780398     2.09%    passed     75.45%
2797  KP902576     2.09%    passed     75.45%
2798  KT315693     2.09%    passed     80.01%
2799  KT780406     2.09%    passed     64.76%
2800  MF073243     2.09%    passed     66.80%
2801  MF073244     2.09%    passed     66.80%
2802  KT970371     2.28%    passed     76.33%
2803  KU953394     2.09%    passed     45.56%
2804  MW603758     2.09%    passed     50.61%
2805  KU953398     2.09%    passed     66.31%
2806  LC177662     2.09%    passed     75.40%
2807  MZ478134     2.09%    passed     75.40%
2808  LC433716     2.09%    passed     61.54%
2809  LC148854     2.09%    passed     62.72%
2810  MK396775     2.09%    passed     52.60%
2811  MZ027027     5.98%    passed     67.44%
2812  KX764843     5.98%    passed     67.44%
2813  MN503081     5.98%    passed     60.18%
2814  LC486744     2.09%    passed     65.93%
2815  MN502986     5.98%    passed     56.44%
2816  KX764837     5.98%    passed     68.96%
2817  KY424349     2.09%    passed     56.06%
2818  KY424350     2.09%    passed     54.13%
2819  PV920376     2.09%    passed     51.05%
2820  MF172095     2.09%    passed     50.55%
2821  PQ336873     2.09%    passed     78.72%
2822  MK789433     2.09%    passed     79.20%
2823  LC369228     2.09%    passed     53.53%
2824  LC369229     2.09%    passed     53.53%
2825  LC369230     2.09%    passed     53.53%
2826  OP205536     2.09%    passed     60.77%
2827  KX424649     2.09%    passed     60.77%
2828  MK077714     2.09%    passed     55.12%
2829  MN045196     7.64%    passed     65.59%
2830  KU557875     2.09%    passed     65.68%
2831  KU557879     2.09%    passed     65.68%
2832  KU557808     2.09%    passed     54.77%
2833  LC486749     2.09%    passed     61.54%
2834  ON706297     2.09%    passed     40.15%
2835  OP205529     2.09%    passed     41.43%
2836  MK907792     2.09%    passed     45.08%
2837  MK907793     2.09%    passed     41.43%
2838  PQ373127     2.09%    passed     63.30%
2839  MN503008     5.98%    passed     75.63%
2840  MH608288     2.09%    passed     64.29%
2841  MH638230     2.09%    passed     65.06%
2842  MH746924     2.09%    passed     65.06%
2843  MH746925     2.09%    passed     65.06%
2844  MZ027042     5.98%    passed     62.57%
2845  PV920382     2.09%    passed     39.31%
2846  ON854105     2.09%    passed     52.92%
2847  PP267285     2.09%    passed     31.25%
2848  PP423020     2.09%    passed     31.25%
2849  LC486770     2.09%    passed     37.19%
2850  PQ740324     2.09%    passed     44.51%
2851  MN960578     2.09%    passed     48.82%
2852  MN996296     2.09%    passed     48.82%
2853  MN996300     2.09%    passed     48.82%
2854  MN045203    20.39%    passed     23.22%
2855  LC597112     2.09%    passed     75.40%
2856  PV920383     2.09%    passed     62.29%
2857  PV920384     2.09%    passed     62.29%
2858  MG995040     1.91%    passed     29.97%
2859  PQ373128     2.09%    passed     43.98%
2860  PV920380     2.46%    passed     97.43%
2861  PQ373131     2.53%    passed     97.89%
2862  PQ373132     2.46%    passed     97.43%
2863  PV784268     2.46%    passed     97.43%
2864  PQ336848     2.46%    passed     95.59%
2865  PQ336849     2.46%    passed     94.52%
2866  OP712199     2.46%    passed     97.43%
2867  PQ336851     2.46%    passed     98.21%
2868  PQ336858     2.46%    passed     98.77%
2869  PQ336861     2.46%    passed     95.08%
2870  PQ310126     2.46%    passed     99.51%
2871  PV784267     2.46%    passed     99.82%
2872  PQ336864     2.46%    passed     98.63%
2873  OP805362     2.46%    passed     98.96%
2874  OP805363     2.46%    passed     98.96%
2875  OP805364     2.46%    passed     98.96%
2876  PQ373139     2.46%    passed     99.14%
2877  PV765509     2.46%    passed     96.57%
2878  ON854111     2.46%    passed     99.50%
2879  PX458467     2.46%    passed     97.74%
2880  PQ373135     2.46%    passed     97.51%
2881  OR475165     2.46%    passed     98.56%
2882  OR475191     2.46%    passed     98.77%
2883  OR475176     2.46%    passed     98.21%
2884  PX458472     2.46%    passed     97.74%
2885  OR475185     2.46%    passed     98.13%
2886  PX458555     2.46%    passed     98.21%
2887  PX458556     2.46%    passed     97.43%
2888  PX458548     2.46%    passed     95.67%
2889  OR475174     2.46%    passed     97.26%
2890  PX458539     2.46%    passed     98.56%
2891  OR475168     2.46%    passed     97.51%
2892  OR475188     2.46%    passed     96.48%
2893  OR475172     2.46%    passed     97.25%
2894  PQ373138     2.46%    passed     98.19%
2895  PX458480     2.46%    passed     99.37%
2896  PQ336943     2.46%    passed     99.14%
2897  PV784302     2.46%    passed     89.88%
2898  OR475192     2.46%    passed     96.68%
2899  OR475189     2.46%    passed     99.36%
2900  PQ373129     2.46%    passed     96.40%
2901  PV784280     2.46%    passed     92.85%
2902  OR475187     2.46%    passed     97.98%
2903  PV784287     2.46%    passed     98.19%
2904  PQ308685     2.46%    passed     98.13%
2905  PV784270     2.46%    passed     98.66%
2906  PV784265     2.46%    passed     86.95%
2907  PQ336867     2.46%    passed     93.10%
2908  PQ336850     2.46%    passed     98.56%
2909  PV784285     2.46%    passed     95.59%
2910  PV784290     2.46%    passed     90.20%
2911  PV784293     2.46%    passed     92.59%
2912  PV784294     2.46%    passed     92.59%
2913  PQ304610     2.46%    passed     99.71%
2914  PQ308688     2.46%    passed     99.71%
2915  PQ308689     2.46%    passed     99.18%
2916  PQ308690     2.46%    passed     99.18%
2917  PQ304612     2.46%    passed     99.01%
2918  PX113523     3.14%    passed     75.08%
2919  PX458491     2.46%    passed     76.85%
2920  PX458502     2.46%    passed     82.00%
2921  LC918514     2.46%    passed     84.23%
2922  PX988258     2.65%    passed     87.20%
2923  PX988260     2.65%    passed     86.88%
2924  PZ234784     2.46%    passed     77.08%
2925  PV750885     2.46%    passed     79.53%
2926  PV750889     2.46%    passed     79.53%
2927  PV750891     2.46%    passed     76.83%
2928  LC918516     2.46%    passed     79.53%
2929  PQ336942     2.46%    passed     79.53%
2930  PV750875     2.46%    passed     84.23%
2931  PV784346     2.46%    passed     79.17%
2932  PZ234812     2.46%    passed     85.52%
2933  PX988251     2.65%    passed     87.45%
2934  PZ059662     2.46%    passed     84.19%
2935  PZ059668     2.46%    passed     84.19%
2936  PX988234     2.65%    passed     82.92%
2937  PX988226     2.65%    passed     84.92%
2938  PX988183     2.65%    passed     89.02%
2939  PZ234804     2.46%    passed     79.55%
2940  PZ234819     2.46%    passed     79.55%
2941  PX988205     2.65%    passed     82.92%
2942  PX988207     2.65%    passed     82.92%
2943  PX988208     2.65%    passed     82.92%
2944  PX988210     2.65%    passed     82.92%
2945  PX988211     2.65%    passed     82.92%
2946  PX988214     2.65%    passed     82.92%
2947  PX988216     2.65%    passed     82.92%
2948  PX988225     2.65%    passed     82.92%
2949  PX988246     2.65%    passed     82.92%
2950  PX988244     2.65%    passed     85.12%
2951  PX988257     2.65%    passed     82.57%
2952  PZ053845     2.46%    passed     87.92%
2953  PZ053846     2.59%    passed     87.66%
2954  PZ053852     2.46%    passed     85.52%
2955  PZ053853     2.46%    passed     85.52%
2956  PZ208572     2.46%    passed     85.52%
2957  PZ208543     2.46%    passed     85.52%
2958  PZ208544     2.46%    passed     85.52%
2959  PZ208554     2.46%    passed     85.52%
2960  PZ208555     2.46%    passed     85.52%
2961  PZ208558     2.46%    passed     85.52%
2962  PZ208559     2.46%    passed     85.52%
2963  PZ208562     2.46%    passed     85.52%
2964  PZ208563     2.46%    passed     85.52%
2965  PZ208566     2.46%    passed     85.52%
2966  PZ208567     2.46%    passed     85.52%
2967  PZ208560     2.46%    passed     85.52%
2968  PZ208556     2.46%    passed     85.52%
2969  PZ208538     2.46%    passed     86.20%
2970  PZ208539     2.46%    passed     86.20%
2971  PZ208542     2.46%    passed     86.20%
2972  PZ208548     2.46%    passed     86.20%
2973  PZ208549     2.46%    passed     86.20%
2974  PZ208550     2.46%    passed     86.20%
2975  PZ208569     2.46%    passed     86.20%
2976  LC918518     2.46%    passed     86.20%
2977  LC868434     2.46%    passed     88.33%
2978  LC918523     2.46%    passed     88.33%
2979  LC918522     2.46%    passed     84.23%
2980  PV784333     2.46%    passed     79.53%
2981  PQ310251     2.46%    passed     84.19%
2982  PZ234797     2.46%    passed     71.51%
2983  LC918517     2.46%    passed     81.79%
2984  PQ336944     2.46%    passed     86.39%
2985  PZ234809     2.46%    passed     74.40%
2986  PV588658     2.46%    passed     76.84%
2987  PZ053847     2.46%    passed     88.33%
2988  PZ053848     2.46%    passed     88.33%
2989  PZ053850     2.46%    passed     88.33%
2990  PZ208568     2.46%    passed     88.33%
2991  PZ208536     2.46%    passed     90.01%
2992  PZ208537     2.46%    passed     90.01%
2993  PZ208570     2.46%    passed     86.20%
2994  PZ208571     2.46%    passed     86.20%
2995  PX988217     2.65%    passed     90.70%
2996  PX988222     2.65%    passed     90.70%
2997  PX988245     2.65%    passed     90.70%
2998  PX988220     2.65%    passed     89.09%
2999  PX988256     2.65%    passed     90.93%
3000  LC868426     2.46%    passed     89.88%
3001  PX700452     2.46%    passed     74.04%
3002  PZ234821     2.46%    passed     71.04%
3003  PX988253     2.65%    passed     77.85%
3004  PX988194     2.65%    passed     79.60%
3005  PX988199     2.65%    passed     79.60%
3006  PX988200     2.65%    passed     79.60%
3007  PX700459     2.46%    passed     81.78%
3008  LC868431     2.46%    passed     84.10%
3009  LC868436     2.46%    passed     84.10%
3010  LC868437     2.46%    passed     81.76%
3011  PZ143334     2.46%    passed     81.24%
3012  PZ251434     2.46%    passed     86.19%
3013  PV394764     2.46%    passed     76.85%
3014  PZ143331     2.46%    passed     79.08%
3015  LC918507     2.46%    passed     86.39%
3016  LC918513     2.46%    passed     88.33%
3017  PX988187     2.65%    passed     79.32%
3018  PX988236     2.65%    passed     78.22%
3019  PX988238     2.65%    passed     78.22%
3020  PX988239     2.65%    passed     78.22%
3021  PX988243     2.65%    passed     88.47%
3022  LC918515     2.46%    passed     69.62%
3023  PV784345     2.46%    passed     76.62%
3024  PZ234808     2.46%    passed     93.18%
3025  PX988228     2.65%    passed     86.41%
3026  PX988229     2.65%    passed     86.41%
3027  PX988231     2.65%    passed     86.41%
3028  PX988232     2.65%    passed     86.41%
3029  PX988233     2.65%    passed     86.41%
3030  PX988230     2.65%    passed     84.73%
3031  PZ143329     2.46%    passed     79.70%
3032  PX988184     2.65%    passed     90.75%
3033  PV765567     2.46%    passed     84.82%
3034  PV765572     2.46%    passed     84.82%
3035  PV765574     2.46%    passed     84.82%
3036  PV765581     2.46%    passed     84.82%
3037  PV765584     2.46%    passed     84.82%
3038  PV765588     2.46%    passed     84.82%
3039  PV765585     2.46%    passed     84.82%
3040  PV765586     2.46%    passed     84.82%
3041  PV766927     7.52%    passed     85.06%
3042  PV765582     2.53%    passed     83.24%
3043  PV765583     2.46%    passed     83.19%
3044  PV588657     2.46%    passed     83.74%
3045  PQ373125     2.28%    passed     80.20%
3046  MK907790     2.46%    passed     93.63%
3047  MT233268     2.46%    passed     93.97%
3048  MT233269     2.46%    passed     92.53%
3049  MK077684     2.46%    passed     91.07%
3050  LC043139     2.46%    passed     81.15%
3051  LC043305     2.46%    passed     83.97%
3052  LC043168     2.46%    passed     90.07%
3053  LC433720     2.46%    passed     88.85%
3054  LC486737     2.46%    passed     86.66%
3055  LC101778    10.41%    passed     94.35%
3056  KU561250     2.46%    passed     86.53%
3057  MK282258     2.46%    passed     85.29%
3058  KU557839     2.46%    passed     88.85%
3059  KU557788     2.46%    passed     88.85%
3060  MK282256     2.46%    passed     83.83%
3061  LC043167     2.46%    passed     86.15%
3062  KJ156329     2.46%    passed     86.15%
3063  LC433694     2.46%    passed     87.86%
3064  KU557792    10.97%    passed     86.46%
3065  KU557789    10.97%    passed     84.87%
3066  KU561251     2.46%    passed     91.88%
3067  MK282257     2.46%    passed     81.54%
3068  KX171417     2.46%    passed     83.97%
3069  KT285173     2.46%    passed     82.23%
3070  MH218689     2.09%    passed     57.42%
3071  AB684681     2.34%    passed     31.47%
3072  MW305625     2.28%    passed     14.90%
3073  PV876281     1.48%    passed     43.30%
3074  PX458475     1.48%    passed     79.85%
3075  PX458476     1.48%    passed     79.85%
3076  LC769703     1.48%    passed     75.94%
3077  OP205554     1.48%    passed     44.69%
3078  MG892908     1.48%    passed     49.43%
3079  MN394543     1.48%    passed     61.95%
3080  MN394545     1.48%    passed     79.51%
3081  PX733019     1.66%    passed     58.73%
3082  PX733020     1.66%    passed     65.48%
3083  MK762559     1.48%    passed     66.58%
3084  MK762560     1.48%    passed     68.12%
3085  MT720841     1.48%    passed     57.63%
3086  LC597111     1.48%    passed     48.10%
3087  LC597119     1.48%    passed     48.10%
3088  LC597126     1.48%    passed     44.69%
3089  LC597122     1.48%    passed     49.94%
3090  LC597113     1.48%    passed     55.53%
3091  MK396778     1.54%    passed     57.72%
3092  MH702276     1.54%    passed     51.16%
3093  MH702277     1.48%    passed     49.85%
3094  MK752947     1.48%    passed     56.88%
3095  MZ268407     1.48%    passed     66.91%
3096  MZ268408     1.48%    passed     63.54%
3097  MW305714     1.48%    passed     63.54%
3098  KC832472    10.04%    passed     54.98%
3099  MK775031     1.48%    passed     51.53%
3100  KM036380     1.48%    passed     50.81%
3101  KC832470    10.04%    passed     57.50%
3102  KC832471    10.04%    passed     57.50%
3103  KC832473    10.04%    passed     54.42%
3104  KY406985     1.48%    passed     62.04%
3105  KY406986     1.48%    passed     65.47%
3106  MW305678     1.48%    passed     56.33%
3107  MN503017     5.36%    passed     71.76%
3108  MN503063     5.36%    passed     70.71%
3109  KY210920     1.48%    passed     68.76%
3110  KY406982     1.48%    passed     56.93%
3111  KY406984     1.48%    passed     52.32%
3112  KY406983     1.48%    passed     58.14%
3113  MT526278     1.48%    passed     63.33%
3114  KY947548     1.48%    passed     72.63%
3115  MK753008     1.48%    passed     59.97%
3116  MK764014     1.48%    passed     59.97%
3117  MK753009     1.48%    passed     59.97%
3118  MK753010     1.48%    passed     56.53%
3119  MK754443     1.48%    passed     57.93%
3120  MK753020     1.48%    passed     55.53%
3121  KY653724     1.48%    passed     50.81%
3122  MK752946     1.48%    passed     61.43%
3123  MK762745     1.48%    passed     61.62%
3124  MK762565     1.48%    passed     49.54%
3125  MN503082     5.36%    passed     84.57%
3126  LC122832     1.48%    passed     66.09%
3127  AB809984     3.88%    passed     62.03%
3128  AB809985     2.40%    passed     70.10%
3129  AB809989     4.50%    passed     51.30%
3130  AB809995     3.70%    passed     61.53%
3131  AB809987     1.60%    passed     53.19%
3132  AB809990     1.60%    passed     59.94%
3133  AB809993     1.97%    passed     64.66%
3134  AB809991     1.79%    passed     58.97%
3135  AB809996     2.53%    passed     66.03%
3136  AB809988     2.22%    passed     71.08%
3137  AB809998     3.82%    passed     67.07%
3138  AB809994     2.22%    passed     63.82%
3139  AB809986     2.03%    passed     60.77%
3140  AB809992     2.46%    passed     77.98%
3141  AB810001     2.53%    passed     65.22%
3142  AB809997     2.46%    passed     60.55%
3143  AB809999     4.87%    passed     53.74%
3144  AB810000     4.50%    passed     46.88%
3145  AB810014     2.34%    passed     74.84%
3146  AB810003     2.40%    passed     60.90%
3147  AB810009     4.07%    passed     49.30%
3148  AB810011     2.22%    passed     61.64%
3149  AB810007     4.56%    passed     47.77%
3150  AB810004     3.20%    passed     56.26%
3151  AB810005     4.07%    passed     46.17%
3152  AB810013     4.25%    passed     50.37%
3153  AB810006     2.96%    passed     62.26%
3154  MH702283     3.64%    passed     52.16%
3155  MH702263     1.48%    passed     76.54%
3156  MH218651     1.48%    passed     73.49%
3157  MH608287     1.48%    passed     51.53%
3158  OR713748     1.48%    passed     70.53%
3159  MN502833     5.36%    passed     70.16%
3160  JN899242     1.48%    passed     73.71%
3161  AB809977     1.73%    passed     80.73%
3162  AB809978     1.48%    passed     70.42%
3163  AB809975     2.28%    passed     74.76%
3164  AB809976     1.48%    passed     71.84%
3165  AB809979     1.48%    passed     89.39%
3166  KJ196276     1.48%    passed     13.47%
3167  AB809973     1.60%    failed      2.28%
3168  AB809974     1.60%    failed      2.43%
3169  MW305577     1.48%    passed     25.52%
3170  PX458519     1.29%    passed     48.64%
3171  PQ610214     1.29%    passed     36.17%
3172  PZ251438     1.29%    passed     41.74%
3173  MZ026899     5.18%    passed     47.21%
3174  MN502853     5.18%    passed     45.95%
3175  KT962982     1.29%    passed     43.45%
3176  MN503014     5.18%    passed     50.83%
3177  KU687019     5.18%    passed     42.58%
3178  MN503032     5.18%    passed     47.54%
3179  MN502985     5.18%    passed     59.90%
3180  MN503040     5.18%    passed     59.90%
3181  MN503020     5.18%    passed     51.29%
3182  MN503026     5.18%    passed     54.74%
3183  KU687022     5.18%    passed     45.95%
3184  MN502880     5.18%    passed     45.98%
3185  KY407199     1.29%    passed     45.61%
3186  KY407201     1.29%    passed     45.61%
3187  KY407202     1.29%    passed     45.61%
3188  KY407200     1.29%    passed     47.67%
3189  KY210925     1.29%    passed     43.73%
3190  KY406953     1.29%    passed     51.17%
3191  KY406949     1.29%    passed     43.83%
3192  KR921939     1.29%    passed     43.83%
3193  KR921942     1.29%    passed     43.83%
3194  KY406950     1.29%    passed     45.34%
3195  KY406952     1.29%    passed     40.36%
3196  KR921940     1.29%    passed     40.36%
3197  KR921941     1.29%    passed     40.36%
3198  KY406951     1.29%    passed     41.78%
3199  MW305711     1.29%    passed     41.78%
3200  KX079488     1.29%    passed     45.61%
3201  MH702285     1.29%    passed     45.34%
3202  MH702282     1.29%    passed     45.34%
3203  MW305712     1.29%    passed     48.24%
3204  MN502916     5.18%    passed     47.78%
3205  MN503054     5.18%    passed     42.58%
3206  KU687018     5.18%    passed     53.10%
3207  KU687020     5.18%    passed     58.52%
3208  KU687021     5.18%    passed     52.67%
3209  KU687017     5.18%    passed     54.07%
3210  MN502897     5.18%    passed     60.89%
3211  MN502980     5.18%    passed     63.37%
3212  MN502991     5.18%    passed     63.37%
3213  KR921935     1.29%    passed     37.42%
3214  KR921936     1.29%    passed     37.42%
3215  KR921937     1.29%    passed     37.42%
3216  MW305706     1.29%    passed     34.04%
3217  MH702257     1.36%    passed     41.00%
3218  MK396776     1.36%    passed     41.00%
3219  MH702264     1.42%    passed     47.70%
3220  MH702268     1.54%    passed     48.46%
3221  MH702279     1.54%    passed     52.01%
3222  MH702280     1.29%    passed     45.61%
3223  MK396771     1.29%    passed     42.46%
3224  KR921938     1.29%    passed     52.55%
3225  MN502997     5.18%    passed     47.65%
3226  MN503036     5.18%    passed     47.65%
3227  MN502855     5.18%    passed     50.84%
3228  MN502889     5.18%    passed     49.48%
3229  MN502906     5.18%    passed     52.67%
3230  MH702278     1.29%    passed     38.88%
3231  MH702281     1.42%    passed     41.17%
3232  MK396773     1.54%    passed     25.99%
3233  KU687014     5.18%    passed     46.81%
3234  KU687012     5.18%    passed     34.17%
3235  KU687023     5.18%    passed     30.06%
3236  KU687024     5.18%    passed     27.24%
3237  MK762720     1.29%    passed     32.71%
3238  KJ196284     1.48%    passed     53.49%
3239  GQ856468     1.48%    passed     54.95%
3240  JN899245     1.48%    passed     63.86%
3241  HM590519     1.48%    passed     74.34%
3242  HM590541     1.48%    passed     67.59%
3243  GU138176     1.48%    passed     69.74%
3244  GU138177     1.48%    passed     69.74%
3245  GU138162     1.48%    passed     65.86%
3246  GU138163     1.48%    passed     65.86%
3247  PZ098700     1.66%    passed     56.66%
3248  PV843154     2.46%    passed     55.69%
3249  OP729310     2.46%    passed     70.13%
3250  OP729311     2.46%    passed     70.13%
3251  OP729312     2.46%    passed     70.13%
3252  OP729313     2.46%    passed     70.13%
3253  OP729314     2.46%    passed     70.13%
3254  OQ682536     2.71%    passed     96.45%
3255  EU072235     2.71%    passed     94.49%
3256  PV876272     1.23%    passed     88.83%
3257  OP205556     1.23%    passed     82.91%
3258  OP205557     1.23%    passed     82.91%
3259  OP205570     1.23%    passed     87.47%
3260  PV087407     1.23%    passed     96.12%
3261  MT678707     1.23%    passed     95.97%
3262  MT678700     1.23%    passed     94.49%
3263  MT678705     1.23%    passed     93.50%
3264  OL913975     1.23%    passed     93.57%
3265  LC122741     1.23%    passed     93.77%
3266  MT678708     1.23%    passed     92.33%
3267  MT678709     1.23%    passed     92.33%
3268  MT678714     1.23%    passed     92.33%
3269  MT678710     1.23%    passed     92.33%
3270  MT678716     1.23%    passed     93.62%
3271  MT678717     1.23%    passed     91.96%
3272  MT678713     1.23%    passed     95.00%
3273  MT678715     1.23%    passed     88.64%
3274  MT678711     1.23%    passed     90.62%
3275  MT678720     1.23%    passed     89.00%
3276  MT678721     1.23%    passed     89.00%
3277  MT678712     1.23%    passed     88.80%
3278  LC122740     1.23%    passed     84.81%
3279  KF944165     1.23%    passed     95.88%
3280  KF944166     1.23%    passed     95.88%
3281  MK614064     1.23%    passed     91.96%
3282  MT678732     1.23%    passed     80.52%
3283  MT678718     1.23%    passed     96.99%
3284  MT678719     1.23%    passed     96.99%
3285  KF306213     1.23%    passed     91.74%
3286  MW363175     1.23%    passed     90.21%
3287  MW363179     1.23%    passed     90.21%
3288  MW363176     1.23%    passed     90.78%
3289  MW363177     1.23%    passed     88.44%
3290  MW363178     1.23%    passed     92.06%
3291  KX355506     1.23%    passed     96.09%
3292  KM198484     1.23%    passed     94.80%
3293  KM198496     1.23%    passed     94.61%
3294  KM198553     1.23%    passed     96.09%
3295  KM198561     1.23%    passed     95.45%
3296  KM198586     1.23%    passed     95.45%
3297  KM198583     1.23%    passed     96.09%
3298  KM198572     1.23%    passed     96.54%
3299  KM198505     1.23%    passed     94.59%
3300  KM198509     1.23%    passed     93.62%
3301  KM198493     1.23%    passed     98.73%
3302  KM198500     1.23%    passed     97.27%
3303  KM198511     1.23%    passed     98.17%
3304  KM198528     1.23%    passed     96.71%
3305  KM198547     1.23%    passed     96.59%
3306  KM198554     1.23%    passed     96.59%
3307  KM198573     1.23%    passed     96.59%
3308  KM198529     1.23%    passed     98.17%
3309  KM198590     1.23%    passed     97.64%
3310  KM198563     1.23%    passed     86.82%
3311  LC122764     1.23%    passed     95.60%
3312  KJ145323     1.23%    passed     94.21%
3313  MK907787     1.23%    passed     90.78%
3314  KY767665     1.23%    passed     92.38%
3315  JX984948     1.23%    passed     78.05%
3316  PV258463     1.23%    passed     76.17%
3317  PV258466     1.23%    passed     74.89%
3318  KF920726    18.42%    passed     52.07%
3319  KF944244    18.42%    passed     52.07%
3320  MH218570     1.23%    passed     74.31%
3321  MH218738     1.23%    passed     74.31%
3322  MH218572     1.23%    passed     74.31%
3323  MH218577     1.23%    passed     75.23%
3324  MH218576     1.23%    passed     78.73%
3325  MH218574     1.23%    passed     73.15%
3326  MH218578     1.23%    passed     69.50%
3327  MH218579     1.23%    passed     78.03%
3328  MH218575     1.23%    passed     86.54%
3329  MH218712     1.23%    passed     74.43%
3330  MH218580     1.23%    passed     79.88%
3331  MH218587     1.23%    passed     78.48%
3332  MH218732     1.23%    passed     82.60%
3333  MH218583     1.23%    passed     82.72%
3334  MH218589     1.23%    passed     84.24%
3335  LC769706     1.23%    passed     86.77%
3336  LC769709     1.23%    passed     86.77%
3337  KY887597     1.23%    passed     89.22%
3338  KY887606     1.23%    passed     89.22%
3339  KY887598     1.23%    passed     89.22%
3340  MW305631     1.23%    passed     79.49%
3341  LC769682     1.23%    passed     96.83%
3342  LC769689     1.23%    passed     94.81%
3343  LC769712     1.23%    passed     99.19%
3344  LC769713     1.23%    passed     98.75%
3345  LC769715     1.23%    passed     92.78%
3346  MW661262     1.23%    passed     55.85%
3347  MH218660     1.23%    passed     68.29%
3348  MH218671     1.23%    passed     63.15%
3349  MH218668     1.23%    passed     61.16%
3350  MH218688     1.23%    passed     61.16%
3351  MH218676     1.23%    passed     61.16%
3352  MH218681     1.23%    passed     61.16%
3353  MH218683     1.23%    passed     61.16%
3354  MH218678     1.23%    passed     61.16%
3355  MH218686     1.23%    passed     61.16%
3356  MH218675     1.23%    passed     61.16%
3357  MH218677     1.23%    passed     61.16%
3358  MH218679     1.23%    passed     57.47%
3359  MH218693     1.23%    passed     57.47%
3360  MH218682     1.23%    passed     64.78%
3361  MH218680     1.23%    passed     61.16%
3362  MH218690     1.23%    passed     68.29%
3363  MG892954     1.23%    passed     63.15%
3364  KJ184287    20.52%    passed     43.44%
3365  OP205583     1.23%    passed     66.54%
3366  MH218581     1.23%    passed     68.94%
3367  MH218582     1.23%    passed     75.89%
3368  MH218588     1.23%    passed     70.87%
3369  MH218604     1.23%    passed     76.13%
3370  MH218590     1.23%    passed     83.97%
3371  MH218592     1.23%    passed     66.20%
3372  MH218599     1.23%    passed     64.11%
3373  MH218593     1.23%    passed     68.39%
3374  MH218600     1.23%    passed     74.57%
3375  MH218594     1.23%    passed     60.72%
3376  MH218597     1.23%    passed     64.04%
3377  MH218601     1.23%    passed     72.73%
3378  MH218630     1.23%    passed     66.20%
3379  MH251250    12.94%    passed     59.47%
3380  OP205531     1.23%    passed     64.04%
3381  MH218595     1.23%    passed     69.00%
3382  MH218596     1.23%    passed     67.67%
3383  MH218602     1.23%    passed     66.70%
3384  MH218654     1.23%    passed     67.71%
3385  MH218646     1.23%    passed     91.16%
3386  MH218653     1.23%    passed     91.18%
3387  OP205569     1.23%    passed     38.96%
3388  OP205585     1.23%    passed     38.96%
3389  OP205581     2.34%    passed     43.24%
3390  KY210919     1.23%    passed     62.46%
3391  KY210918     1.23%    passed     66.74%
3392  MG892946     1.23%    passed     74.02%
3393  MG892955     1.23%    passed     78.25%
3394  OP205577     1.23%    passed     68.18%
3395  OP205578     1.23%    passed     71.67%
3396  MK773588     1.23%    passed     53.82%
3397  KF944266     1.23%    passed     79.90%
3398  KJ634708     1.23%    passed     79.90%
3399  MT808055     1.23%    passed     55.41%
3400  MK907798     1.23%    passed     72.41%
3401  KF931324     1.23%    passed     69.81%
3402  GU138208     1.23%    passed     74.36%
3403  KC464327     1.23%    passed     74.05%
3404  GQ849127     1.23%    passed     69.81%
3405  KC464326     1.23%    passed     83.99%
3406  MG892076     1.23%    passed     78.51%
3407  KF944179     1.23%    passed     68.62%
3408  KF944065     1.23%    passed     80.69%
3409  KF944119     1.23%    passed     83.28%
3410  KJ184256     1.23%    passed     80.17%
3411  KF944147     1.23%    passed     70.25%
3412  KJ184223     1.23%    passed     74.37%
3413  MW305513     1.29%    passed     59.24%
3414  MW305522     1.23%    passed     59.40%
3415  MW305541     1.23%    passed     51.95%
3416  KM056394     1.23%    passed     52.80%
3417  KC464328     1.23%    passed     48.65%
3418  KC464329     1.23%    passed     48.86%
3419  KP064097     1.23%    passed     64.08%
3420  OP205576     1.23%    passed     54.60%
3421  MH218573     1.23%    passed     77.46%
3422  MH218584     1.23%    passed     83.02%
3423  MH218586     1.23%    passed     74.22%
3424  MH218585     1.23%    passed     89.87%
3425  MH218598     1.23%    passed     82.51%
3426  MH218603     1.23%    passed     81.45%
3427  MH218618     1.23%    passed     84.70%
3428  MH218696     1.23%    passed     69.22%
3429  MH218717     1.23%    passed     51.18%
3430  OR536466     1.23%    passed     69.47%
3431  OR536467     1.23%    passed     68.95%
3432  OR536468     1.23%    passed     66.19%
3433  OR536469     1.23%    passed     58.35%
3434  OR536472     1.23%    passed     70.41%
3435  OR536473     1.23%    passed     57.13%
3436  OR536479     1.23%    passed     69.53%
3437  OR536481     1.23%    passed     62.01%
3438  OR536480     1.23%    passed     58.58%
3439  OR536484     1.23%    passed     53.58%
3440  OR536482     1.23%    passed     57.07%
3441  OR536483     1.23%    passed     57.94%
3442  OR536477     1.23%    passed     49.80%
3443  OR536478     1.23%    passed     48.02%
3444  OR536494     1.36%    passed     77.33%
3445  OR536470     1.23%    passed     47.61%
3446  OR536471     1.23%    passed     51.22%
3447  OR536474     1.23%    passed     53.08%
3448  OR536476     1.23%    passed     50.49%
3449  OR536485     1.23%    passed     57.38%
3450  OR536489     1.23%    passed     57.38%
3451  OR536488     1.23%    passed     46.16%
3452  OR536490     1.23%    passed     69.98%
3453  OR536486     1.23%    passed     43.31%
3454  OR536487     1.23%    passed     46.07%
3455  OR536491     1.23%    passed     64.38%
3456  OR536492     1.23%    passed     35.45%
3457  OR536493     1.23%    passed     32.00%
3458  OR536497     1.23%    passed     47.35%
3459  OR536499     1.23%    passed     50.02%
3460  OR536498     1.23%    passed     44.79%
3461  OR536475     1.23%    passed     81.62%
3462  OR536495     1.23%    passed     67.02%
3463  OR536496     1.23%    passed     78.25%
3464  MF140684     1.05%    passed     95.12%
3465  MF140686     1.05%    passed     92.85%
3466  MF140687     1.05%    passed     91.59%
3467  MF140685     1.05%    passed     95.05%
3468  MF140689     1.05%    passed     94.17%
3469  MF140688     1.05%    passed     92.90%
3470  PX285873     1.23%    passed     94.89%
3471  PX458560     1.23%    passed     97.99%
3472  PP587394     1.23%    passed     96.33%
3473  PP658555     1.23%    passed     95.99%
3474  PP658554     1.23%    passed     94.48%
3475  PP587395     1.23%    passed     94.85%
3476  PP645200     1.23%    passed     94.85%
3477  PP658556     1.23%    passed     95.69%
3478  PZ231306     1.23%    passed     97.76%
3479  PX458477     1.23%    passed     96.86%
3480  PX464579     1.23%    passed     97.19%
3481  PX464561     1.23%    passed     95.57%
3482  PX464565     1.23%    passed     94.72%
3483  PX464562     1.23%    passed     94.72%
3484  PX464577     1.23%    passed     95.94%
3485  PX458513     1.23%    passed     98.15%
3486  PX464569     1.23%    passed     96.42%
3487  PX464570     1.23%    passed     97.76%
3488  PX464572     1.23%    passed     97.76%
3489  PX458479     1.23%    passed     98.01%
3490  PX464566     1.23%    passed     98.78%
3491  OM884056     1.23%    passed     94.73%
3492  PX458562     1.23%    passed     98.14%
3493  PX458563     1.23%    passed     98.14%
3494  PX464559     1.23%    passed     98.78%
3495  PX464576     1.23%    passed     98.16%
3496  PX464560     1.23%    passed     97.93%
3497  PX464564     1.23%    passed     97.93%
3498  PX464557     1.23%    passed     97.36%
3499  PX458527     1.23%    passed     95.71%
3500  PX458537     1.23%    passed     95.71%
3501  PX458551     1.23%    passed     95.71%
3502  OQ451927     1.23%    passed     97.38%
3503  KY406942     1.23%    passed     98.16%
3504  KY406943     1.23%    passed     98.16%
3505  KY406946     1.23%    passed     98.44%
3506  KY406947     1.23%    passed     98.16%
3507  KY406944     1.23%    passed     98.78%
3508  KY406945     1.23%    passed     97.78%
3509  OQ451928     1.23%    passed     94.39%
3510  OQ451932     1.23%    passed     97.21%
3511  OQ451935     1.23%    passed     95.45%
3512  OQ451938     1.23%    passed     96.27%
3513  OQ451934     1.29%    passed     93.58%
3514  MT678744     1.23%    passed     99.03%
3515  MG892910     1.23%    passed     99.57%
3516  MG892911     1.23%    passed     99.70%
3517  MG892915     1.23%    passed     99.71%
3518  MG892950     1.23%    passed     99.70%
3519  MG892949     1.23%    passed     99.31%
3520  MG892947     1.23%    passed     98.78%
3521  MG892951     1.23%    passed     99.36%
3522  KY406941     1.23%    passed     99.45%
3523  MG892920     1.23%    passed     99.58%
3524  MG892952     1.23%    passed     99.03%
3525  MG892956     1.23%    passed     99.18%
3526  MG892953     1.23%    passed     97.70%
3527  MG892927    15.59%    passed     99.97%
3528  MT678740     1.23%    passed     98.90%
3529  MT678741     1.23%    passed     98.90%
3530  OM372595     1.23%    passed     98.90%
3531  MT678742     1.23%    passed     99.20%
3532  OM373562     1.23%    passed     98.92%
3533  KX989464     1.23%    passed     97.54%
3534  KX989465     1.23%    passed     97.54%
3535  KX989466     1.23%    passed     97.54%
3536  KX989467     1.23%    passed     97.54%
3537  KX989468     1.23%    passed     97.54%
3538  MW704306     1.36%    passed     98.62%
3539  MW704328     1.23%    passed     98.80%
3540  MZ503608     1.23%    passed     99.17%
3541  MZ503598     1.23%    passed     99.22%
3542  MW704319     1.23%    passed     99.49%
3543  MW704329     1.23%    passed     99.38%
3544  LC535134     1.23%    passed     99.64%
3545  MZ026979     5.11%    passed     99.96%
3546  MZ027038     5.11%    passed     99.85%
3547  MZ026982     5.11%    passed     99.83%
3548  MZ027014     5.11%    passed     99.92%
3549  ON569431     1.23%    passed     99.74%
3550  OM372486     1.23%    passed     99.59%
3551  OM388564     1.23%    passed     99.71%
3552  OM373201     1.23%    passed     99.45%
3553  MT678748     1.23%    passed     98.11%
3554  MT678750     1.23%    passed     98.11%
3555  MT678749     1.23%    passed     99.18%
3556  MT678751     1.23%    passed     98.43%
3557  MT678752     1.23%    passed     98.14%
3558  MK517765     5.67%    passed     99.35%
3559  MW127533     1.23%    passed     98.90%
3560  OM372487     1.23%    passed     96.70%
3561  PQ740351     1.23%    passed     99.58%
3562  PQ740352     1.23%    passed     99.33%
3563  PX464563     1.23%    passed     99.18%
3564  PX464571     1.23%    passed     98.74%
3565  MZ027006     5.11%    passed     99.98%
3566  KY406940     1.23%    passed     96.96%
3567  OR797350     1.23%    passed     96.42%
3568  OR797477     1.23%    passed     96.42%
3569  PX464555     1.23%    passed     99.14%
3570  OP901693     1.23%    passed     99.22%
3571  OQ451929     1.23%    passed     98.30%
3572  MT678745     1.23%    passed     98.30%
3573  MT678747     1.23%    passed     98.44%
3574  MT678734     1.23%    passed     98.54%
3575  MT678738     1.23%    passed     99.17%
3576  OP205572     1.23%    passed     99.17%
3577  MT678739     1.23%    passed     99.29%
3578  MT678736     1.23%    passed     99.17%
3579  KY406930     1.23%    passed     99.29%
3580  KY406932     1.23%    passed     99.29%
3581  KY406933     1.23%    passed     99.29%
3582  KY406931     1.23%    passed     99.29%
3583  KY406929     1.23%    passed     98.30%
3584  MT678737     1.23%    passed     99.18%
3585  MT678725     1.23%    passed     98.77%
3586  MT678726     1.23%    passed     99.37%
3587  MT678731     1.23%    passed     98.93%
3588  MT678729     1.23%    passed     98.93%
3589  MT678730     1.23%    passed     98.54%
3590  MT678735     1.23%    passed     99.42%
3591  KY407195     1.23%    passed     99.16%
3592  KY407196     1.23%    passed     99.16%
3593  KY407197     1.23%    passed     99.16%
3594  KY407198     1.23%    passed     99.16%
3595  KY406934     1.23%    passed     99.58%
3596  KY406935     1.23%    passed     99.22%
3597  KY406936     1.23%    passed     99.22%
3598  MT678728     1.23%    passed     99.59%
3599  KY406938     1.23%    passed     99.18%
3600  KY406939     1.23%    passed     98.90%
3601  MT678746     1.23%    passed     99.29%
3602  MT678743     1.23%    passed     99.29%
3603  KY407190     1.23%    passed     99.47%
3604  KY407191     1.23%    passed     99.47%
3605  KY407192     1.23%    passed     99.47%
3606  KY407193     1.23%    passed     99.47%
3607  KY407194     1.23%    passed     99.47%
3608  KY406926     1.23%    passed     99.53%
3609  KY406928     1.23%    passed     99.15%
3610  OQ633110     1.23%    passed     98.83%
3611  MT158854     1.23%    passed     99.18%
3612  MW127536     1.23%    passed     99.18%
3613  OM386792     1.23%    passed     99.15%
3614  OR793080     1.23%    passed     97.54%
3615  OR797346     1.23%    passed     97.16%
3616  OR797474     1.23%    passed     97.16%
3617  KY767664     1.23%    passed     99.59%
3618  MT755733     1.23%    passed     98.81%
3619  OM372484     1.23%    passed     98.97%
3620  MW127530     1.23%    passed     96.91%
3621  MW127540     1.23%    passed     96.91%
3622  MW127539     1.23%    passed     96.91%
3623  MN542844     1.23%    passed     98.00%
3624  MW127529     1.42%    passed     96.21%
3625  MW127532     1.29%    passed     99.52%
3626  OR797348     1.29%    passed     97.03%
3627  OR797476     1.29%    passed     97.03%
3628  MT678733     1.23%    passed     98.97%
3629  OR797347     1.23%    passed     99.39%
3630  OR797475     1.23%    passed     99.39%
3631  KY406923     1.23%    passed     98.83%
3632  KY406924     1.23%    passed     99.17%
3633  KY406925     1.23%    passed     99.47%
3634  OQ451930     1.23%    passed     97.36%
3635  MW661255     1.23%    passed     97.36%
3636  LC597125     1.23%    passed     98.73%
3637  MT409884     1.23%    passed     97.52%
3638  MT409885     1.23%    passed     97.52%
3639  MT409886     1.23%    passed     97.52%
3640  MK073886     1.23%    passed     97.03%
3641  PQ442936     1.23%    passed     97.65%
3642  MH260494     1.23%    passed     98.11%
3643  MT678722     1.23%    passed     98.14%
3644  MT678724     1.23%    passed     98.96%
3645  MT678727     1.23%    passed     98.14%
3646  MT678723     1.23%    passed     98.74%
3647  KT732274     1.23%    passed     99.18%
3648  KY348697     1.23%    passed     98.00%
3649  KY348698     1.23%    passed     98.83%
3650  KY407176     1.23%    passed     97.68%
3651  KY407177     1.23%    passed     97.68%
3652  KY407178     1.23%    passed     97.68%
3653  KY407179     1.23%    passed     97.68%
3654  KY407180     1.23%    passed     97.68%
3655  KY406922     1.23%    passed     99.17%
3656  KY407172     1.23%    passed     98.18%
3657  KY407173     1.23%    passed     98.18%
3658  KY407174     1.23%    passed     98.18%
3659  KY407175     1.23%    passed     98.18%
3660  MN199033     1.23%    passed     97.47%
3661  KY905334     1.23%    passed     96.91%
3662  PV258468     1.23%    passed     96.71%
3663  PV258470     1.23%    passed     98.36%
3664  PQ273182     1.23%    passed     98.00%
3665  PQ273183     1.23%    passed     98.56%
3666  PQ273184     1.23%    passed     98.56%
3667  PQ273185     1.23%    passed     98.96%
3668  PQ273190     1.23%    passed     98.14%
3669  PQ273197     1.23%    passed     99.17%
3670  PQ273198     1.23%    passed     99.17%
3671  OQ451931     1.23%    passed     99.47%
3672  MN416945     1.23%    passed     95.37%
3673  MZ027034     5.11%    passed     98.62%
3674  MN502933     5.11%    passed     99.61%
3675  OR793101     1.23%    passed     99.33%
3676  OR793103     1.36%    passed     99.45%
3677  OR797351     1.23%    passed     98.31%
3678  OR797472     1.23%    passed     98.31%
3679  MZ026978     5.11%    passed     97.17%
3680  PQ442937     1.23%    passed     92.26%
3681  PX464558     1.23%    passed     98.90%
3682  PX988169     1.42%    passed     97.65%
3683  PX988170     1.42%    passed     97.65%
3684  PQ461162     1.23%    passed     97.30%
3685  PQ461163     1.23%    passed     98.38%
3686  PQ461161     1.23%    passed     91.98%
3687  MZ026983     5.11%    passed     99.59%
3688  PQ442935     1.23%    passed     95.81%
3689  MZ026900     5.11%    passed     97.24%
3690  MN502901     5.11%    passed     98.34%
3691  MN503060     5.11%    passed     98.29%
3692  MN503057     5.11%    passed     98.88%
3693  MN502875     5.11%    passed     98.63%
3694  MN502891     5.11%    passed     99.68%
3695  PX464556     1.23%    passed     99.37%
3696  PX464568     1.23%    passed     98.56%
3697  PZ231294     1.23%    passed     98.56%
3698  PQ740347     1.23%    passed     98.00%
3699  PQ740349     1.23%    passed     98.83%
3700  PQ740348     1.23%    passed     98.83%
3701  PZ231296     1.23%    passed     98.44%
3702  PZ231297     1.23%    passed     98.44%
3703  PZ231298     1.23%    passed     98.96%
3704  PZ231299     1.23%    passed     98.96%
3705  PZ231301     1.23%    passed     98.44%
3706  PZ231302     1.23%    passed     98.44%
3707  PZ231303     1.23%    passed     98.44%
3708  PX988171     1.42%    passed     99.38%
3709  PX988172     1.42%    passed     99.38%
3710  PX988173     1.42%    passed     99.38%
3711  PX988175     1.42%    passed     99.38%
3712  PX988176     1.42%    passed     99.38%
3713  PX988174     1.42%    passed     99.56%
3714  PX988166     1.42%    passed     99.12%
3715  PX988167     1.42%    passed     99.13%
3716  PX988168     1.42%    passed     99.13%
3717  PX988177     1.42%    passed     99.13%
3718  PX988178     1.42%    passed     99.13%
3719  PZ231295     1.23%    passed     99.54%
3720  PZ231300     1.23%    passed     98.83%
3721  PQ559816     1.23%    passed     97.54%
3722  PZ231305     1.23%    passed     98.56%
3723  PZ231304     1.23%    passed     98.94%
3724  PQ507180     1.23%    passed     95.46%
3725  PV636607     1.23%    passed     99.36%
3726  PQ740350     1.23%    passed     99.03%
3727  MW127531     1.23%    passed     96.54%
3728  MT678693     1.23%    passed     98.90%
3729  MT678695     1.23%    passed     99.43%
3730  KC464495     1.23%    passed     99.84%
3731  LC122743     1.23%    passed     99.61%
3732  MT678694     1.23%    passed     99.74%
3733  LC122742     1.23%    passed     99.26%
3734  MT678702     1.23%    passed     99.70%
3735  MT678704     1.23%    passed     98.98%
3736  MT678706     1.23%    passed     98.30%
3737  KF944203     1.23%    passed     99.96%
3738  KF895848     1.23%    passed     99.42%
3739  KF944227     1.23%    passed     98.89%
3740  KF944232     1.23%    passed     98.89%
3741  KF895854    18.42%    passed     91.96%
3742  KF895859     1.23%    passed     98.97%
3743  MT678696     1.23%    passed     97.30%
3744  MT678697     1.23%    passed     97.45%
3745  MT678699     1.23%    passed     96.44%
3746  MT678698     1.23%    passed     96.14%
3747  MT678703     1.23%    passed     96.56%
3748  MT678701     1.23%    passed     94.97%
3749  LC122744     1.23%    passed     97.76%
3750  LC122745     1.23%    passed     94.73%
3751  LC122747     1.23%    passed     94.73%
3752  LC720161     1.23%    passed     96.13%
3753  LC720162     1.23%    passed     94.73%
3754  LC122746     1.23%    passed     96.87%
3755  LC122748     1.23%    passed     95.95%
3756  LC122750     1.23%    passed     97.45%
3757  LC122749     1.23%    passed     98.80%
3758  AB629943     1.23%    passed     93.93%
3759  GU991355     1.23%    passed     95.16%
3760  LC035073     1.23%    passed     96.88%
3761  LC122760     1.23%    passed     97.44%
3762  LC122761     1.23%    passed     97.55%
3763  LC133339     1.23%    passed     97.99%
3764  LC133343     1.23%    passed     97.99%
3765  LC597132     1.23%    passed     99.42%
3766  OP712197     1.23%    passed     94.08%
3767  PX464554     1.23%    passed     95.08%
3768  PX464575     1.23%    passed     95.08%
3769  PX464573     1.23%    passed     93.30%
3770  PX464567     1.23%    passed     94.31%
3771  LC035072     1.23%    passed     94.51%
3772  MW661265     1.23%    passed     98.50%
3773  MW661276     1.23%    passed     97.47%
3774  MN502860     5.11%    passed     95.86%
3775  MN502870     5.11%    passed     98.38%
3776  LC122758     1.23%    passed     96.86%
3777  LC122759     1.23%    passed     97.16%
3778  PZ136051     1.23%    passed     87.12%
3779  PZ136055     1.23%    passed     87.12%
3780  PZ221923     1.23%    passed     87.12%
3781  PZ136053     1.23%    passed     87.12%
3782  PZ136058     1.23%    passed     87.12%
3783  PZ221915     1.23%    passed     87.12%
3784  PZ221922     1.23%    passed     87.12%
3785  PZ221927     1.23%    passed     87.12%
3786  PZ136059     1.23%    passed     87.12%
3787  PZ136052     1.23%    passed     87.12%
3788  PZ221926     1.23%    passed     87.12%
3789  PZ136056     1.23%    passed     87.12%
3790  PZ136060     1.23%    passed     87.12%
3791  PZ136061     1.23%    passed     87.12%
3792  PZ136054     1.23%    passed     87.12%
3793  PZ136057     1.23%    passed     87.12%
3794  PZ221924     1.23%    passed     87.12%
3795  PZ221928     1.23%    passed     87.12%
3796  PZ221925     1.23%    passed     87.12%
3797  PZ221917     1.23%    passed     88.24%
3798  PZ221918     1.23%    passed     88.24%
3799  PZ221929     1.23%    passed     88.24%
3800  PZ221919     1.23%    passed     88.24%
3801  PZ221930     1.23%    passed     88.24%
3802  PZ221916     1.23%    passed     88.24%
3803  PZ221921     1.23%    passed     88.24%
3804  PZ221920     1.23%    passed     88.24%
3805  PV297972     1.23%    passed     92.55%
3806  MT808058     1.23%    passed     84.40%
3807  JN899244     1.23%    passed     84.40%
3808  LC122763     1.23%    passed     67.46%
3809  LC101823     1.23%    passed     89.71%
3810  LC122762     1.23%    passed     83.97%
3811  MW305608     1.23%    passed     75.56%
3812  LC122751     1.23%    passed     67.05%
3813  LC122752     1.23%    passed     81.90%
3814  LC122753     1.23%    passed     75.16%
3815  LC122754     1.23%    passed     82.48%
3816  GU980585     1.23%    passed     85.32%
3817  EU850824     1.23%    passed     81.23%
3818  EU850825     1.23%    passed     83.33%
3819  EU850827     1.23%    passed     82.32%
3820  EU850826     1.23%    passed     87.10%
3821  DQ419909     1.23%    passed     76.94%
3822  EU850823     1.23%    passed     90.77%
3823  LC122755     1.23%    passed     97.93%
3824  LC122756     1.23%    passed     95.45%
3825  KC464324     1.23%    passed     76.11%
3826  KC464325     1.23%    passed     64.08%
3827  KF006265     1.23%    passed     74.24%
3828  GQ856466     1.23%    passed     92.48%
3829  EU072241     1.23%    passed     92.03%
3830  EU072243     1.23%    passed     93.67%
3831  KF931180     1.23%    passed     65.15%
3832  GU292851     1.23%    passed     65.92%
3833  LC122757     1.23%    passed     96.01%
3834  GQ856467     1.23%    passed     95.08%
3835  KF931234     1.23%    passed     88.65%
3836  KF931243     1.23%    passed     90.70%
3837  KF931267     1.23%    passed     74.27%
3838  HM590538     1.23%    passed     83.31%
3839  MT808056     1.23%    passed     58.43%
3840  MT808057     1.23%    passed     58.43%
3841  AB758450     1.23%    passed     60.46%
3842  LC122831     1.23%    passed     77.23%
3843  MH218571     1.23%    passed     80.15%
3844  MW305574     1.23%    passed     99.03%
3845  MW305575     1.23%    passed     99.03%
3846  KC597144     1.23%    passed     99.03%
3847  JN699040     1.23%    passed     99.03%
3848  JN699039     1.23%    passed     96.88%
3849  MW305724     1.23%    passed     85.18%
3850  HM072045     1.23%    passed     85.18%
3851  HM072046     1.23%    passed     90.05%
3852  KY442319     1.23%    passed     94.88%
3853  KY442320     1.23%    passed     94.51%
3854  HM072042     1.23%    passed     79.62%
3855  MW305591     1.23%    passed     81.31%
3856  MW305592     1.23%    passed     78.00%
3857  MW305650     1.23%    passed     76.96%
3858  MW305728     1.23%    passed     86.54%
3859  HM072044     1.23%    passed     86.54%
3860  MW305727     1.23%    passed     52.70%
3861  HM072043     1.29%    passed     50.84%
3862  MW305726     1.23%    passed     62.87%
3863  HM072040     1.23%    passed     62.87%
3864  MW305731     1.23%    passed     56.18%
3865  MW305733     1.23%    passed     56.18%
3866  MW305732     1.23%    passed     56.18%
3867  KJ194504     1.23%    passed     77.23%
3868  JQ743333     1.23%    passed     68.62%
3869  KJ194500     1.23%    passed     85.91%
3870  MW305725     1.23%    passed     88.08%
3871  HM072041     1.23%    passed     88.09%
3872  JN565063     1.23%    passed     97.88%
3873  MT256116     1.23%    passed     98.85%
3874  MT256120     1.23%    passed     97.99%
3875  MT316122     1.23%    passed     97.68%
3876  MT316113     1.23%    passed     98.67%
3877  PP825703     1.23%    passed     91.41%
3878  KM289172     2.46%    passed     99.23%
3879  KT779557     1.23%    passed     97.68%
3880  KF944110     1.23%    passed     97.07%
3881  KF944111     1.23%    passed     97.07%
3882  OL943801     1.23%    passed     97.00%
3883  MW305536     1.23%    passed     97.47%
3884  MK764020     1.23%    passed     98.85%
3885  MK762640     1.23%    passed     96.59%
3886  KF895841     1.23%    passed     97.49%
3887  KM289170     7.64%    passed     99.74%
3888  MZ265003     1.36%    passed     92.48%
3889  MH702259     1.29%    passed     94.45%
3890  MK762721     1.36%    passed     92.07%
3891  MH702287     1.23%    passed     94.60%
3892  MK396772     1.23%    passed     84.76%
3893  MH702267     1.29%    passed     93.03%
3894  MK396777     1.36%    passed     97.03%
3895  LC597117     1.23%    passed     92.63%
3896  LC597134     1.23%    passed     95.79%
3897  LC769704     1.23%    passed     96.11%
3898  MH279487     1.23%    passed     97.57%
3899  PP513139     1.23%    passed     92.74%
3900  OR069404     1.23%    passed     96.47%
3901  KC597140     1.23%    passed     85.37%
3902  PV876278     1.23%    passed     68.94%
3903  OQ190312     1.23%    passed     65.07%
3904  OP218773     1.42%    passed     66.98%
3905  OP218777     1.42%    passed     70.44%
3906  OQ342793     1.23%    passed     76.81%
3907  OP218774     1.42%    passed     80.67%
3908  OP218775     1.42%    passed     77.84%
3909  OP218776     1.42%    passed     77.84%
3910  OP690505     1.23%    passed     86.44%
3911  OL451532     1.23%    passed     85.17%
3912  OL451533     1.23%    passed     85.17%
3913  PQ593082     1.23%    passed     85.83%
3914  PQ810729     1.23%    passed     72.81%
3915  PX458469     2.53%    passed     62.22%
3916  OP901692     2.53%    passed     53.75%
3917  OP712196     2.53%    passed     75.44%
3918  MW305735     2.53%    passed     71.04%
3919  LC790056     2.53%    passed     66.40%
3920  PX733044    15.90%    passed     60.67%
3921  MN503001     6.41%    passed     56.00%
3922  KM267741    10.54%    passed     64.11%
3923  KM267742     2.53%    passed     65.75%
3924  MK614063     2.53%    passed     64.47%
3925  KM036375     2.53%    passed     58.70%
3926  MH279835     2.53%    passed     54.90%
3927  MH279836     2.53%    passed     51.53%
3928  MH279839     2.53%    passed     54.90%
3929  LC760146     2.71%    passed     69.18%
3930  LC760157     2.71%    passed     69.18%
3931  LC373450     2.53%    passed     72.64%
3932  LC760165     2.71%    passed     63.78%
3933  LC122907     2.53%    passed     75.58%
3934  LC122909     2.53%    passed     68.28%
3935  LC760163     2.71%    passed     56.63%
3936  LC760164     2.71%    passed     56.63%
3937  LC760147     2.71%    passed     51.10%
3938  LC760150     2.71%    passed     65.44%
3939  LC760170     2.71%    passed     59.99%
3940  LC760161     2.71%    passed     66.36%
3941  LC122901     2.53%    passed     63.66%
3942  LC122904     2.53%    passed     58.20%
3943  LC122902     2.53%    passed     65.23%
3944  LC122912     2.53%    passed     60.38%
3945  LC133342     2.53%    passed     58.98%
3946  LC122910     2.53%    passed     58.98%
3947  LC760167     2.71%    passed     58.21%
3948  LC760159     2.71%    passed     62.19%
3949  LC760156     2.71%    passed     62.12%
3950  LC760158     2.71%    passed     61.59%
3951  LC720163     2.53%    passed     47.86%
3952  LC133338     2.53%    passed     59.76%
3953  LC760155     2.71%    passed     57.71%
3954  LC122913     2.53%    passed     73.94%
3955  LC760151     2.71%    passed     47.99%
3956  LC760154     2.71%    passed     47.99%
3957  LC760166     2.71%    passed     64.28%
3958  LC760169     2.71%    passed     64.28%
3959  PX733054     2.71%    passed     65.85%
3960  PX733060     2.71%    passed     65.85%
3961  KM267740     2.53%    passed     49.75%
3962  MH218650     2.53%    passed     51.98%
3963  MH279827     2.53%    passed     59.15%
3964  LC122914     2.53%    passed     56.42%
3965  MH279837     2.53%    passed     44.31%
3966  MH279838     2.53%    passed     44.31%
3967  KX228762     2.53%    passed     47.22%
3968  LC122915     2.53%    passed     51.58%
3969  MF802550     2.53%    passed     33.17%
3970  PV282523     2.53%    passed     58.98%
3971  PV282528     2.53%    passed     58.98%
3972  MH218640     2.53%    passed     60.80%
3973  MH218644     2.53%    passed     64.26%
3974  KY406921     2.53%    passed     66.80%
3975  KY406918     2.53%    passed     37.71%
3976  LC760168     2.71%    passed     88.42%
3977  MW305549     2.53%    passed     64.46%
3978  MW305559     2.53%    passed     64.46%
3979  MW305551     2.53%    passed     67.36%
3980  MW305563     2.53%    passed     61.66%
3981  MW305554     2.53%    passed     48.16%
3982  MW305556     2.53%    passed     56.42%
3983  MW305561     2.53%    passed     63.66%
3984  MW305635     2.53%    passed     63.66%
3985  MT409887     2.53%    passed     62.83%
3986  MW305638     2.53%    passed     65.91%
3987  MZ026938     6.41%    passed     59.90%
3988  MN502947     6.41%    passed     64.92%
3989  MN503074     6.41%    passed     59.89%
3990  MN503077     6.41%    passed     69.05%
3991  MZ026952     6.41%    passed     61.79%
3992  MN502920     6.41%    passed     55.79%
3993  MZ026975     6.41%    passed     56.30%
3994  MZ026976     6.41%    passed     61.01%
3995  MN502915     6.41%    passed     72.84%
3996  ON706296     2.53%    passed     74.37%
3997  KX158281     2.53%    passed     70.10%
3998  MH279828     2.53%    passed     70.83%
3999  KY424341     2.53%    passed     70.56%
4000  KY424342     2.53%    passed     70.56%
4001  KY424343     2.53%    passed     70.56%
4002  KY424344     2.53%    passed     70.56%
4003  MH702288     2.53%    passed     62.83%
4004  MT221253     2.53%    passed     53.72%
4005  MW305740     2.59%    passed     48.79%
4006  OL468714     2.53%    passed     65.75%
4007  KU935739     2.53%    passed     63.19%
4008  MG674720     2.53%    passed     55.39%
4009  KY406919     2.53%    passed     49.89%
4010  KY406920     2.53%    passed     58.94%
4011  LC771967     2.53%    passed     54.31%
4012  MN502974     6.41%    passed     45.98%
4013  MH702284     2.53%    passed     65.05%
4014  MH702286     2.53%    passed     65.05%
4015  KY407213     2.53%    passed     77.24%
4016  KY407214     2.53%    passed     74.01%
4017  KY407215     2.53%    passed     74.01%
4018  KY407216     2.53%    passed     74.01%
4019  LC597121     2.53%    passed     37.73%
4020  LC597123     2.53%    passed     45.67%
4021  LC597124     2.53%    passed     44.47%
4022  LC597131     2.53%    passed     29.98%
4023  MN248514     2.53%    passed     75.65%
4024  MN248516     2.59%    passed     74.20%
4025  MN248517     3.02%    passed     83.64%
4026  MN248515     4.31%    passed     69.89%
4027  LC726059     2.53%    passed     63.50%
4028  MG557654     2.53%    passed     37.41%
4029  OR793081     2.53%    passed     43.99%
4030  MH260487     2.53%    passed     61.71%
4031  MH260510     2.53%    passed     61.71%
4032  MH279824     2.53%    passed     61.71%
4033  MH791993     2.53%    passed     63.33%
4034  OR069405     2.53%    passed     77.47%
4035  MH218639     2.53%    passed     80.56%
4036  MT221255     2.53%    passed     52.03%
4037  MT221254     2.53%    passed     45.74%
4038  MT363962     2.53%    passed     45.74%
4039  PP267273     2.53%    passed     62.32%
4040  MH218641     2.53%    passed     49.18%
4041  PV282510     2.53%    passed     25.72%
4042  PV282518     2.53%    passed     23.91%
4043  PV282517     2.53%    passed     27.28%
4044  PV282511     2.53%    passed     20.67%
4045  PX458535     2.53%    passed     50.02%
4046  MH218687     2.53%    passed     69.50%
4047  MW305611     2.53%    passed     41.69%
4048  GU930737     2.40%    passed     40.20%
4049  MW305739     2.53%    passed     64.81%
4050  JN699041     2.53%    passed     64.81%
4051  MW305598     2.53%    passed     40.48%
4052  MW305741     2.53%    passed     44.00%
4053  LC760142     2.71%    passed     33.58%
4054  LC122926     2.53%    passed     35.47%
4055  LC122927     2.53%    passed     35.47%
4056  LC122924     2.53%    passed     32.72%
4057  LC122925     2.53%    passed     32.72%
4058  LC122930     2.53%    passed     32.72%
4059  LC122928     2.53%    passed     35.47%
4060  LC122929     2.53%    passed     30.05%
4061  LC122931     2.53%    passed     35.47%
4062  LC122933     2.53%    passed     38.26%
4063  LC122932     2.53%    passed     28.37%
4064  HQ169542     2.53%    passed     58.79%
4065  LC122923     2.53%    passed     76.76%
4066  JX984945     2.53%    passed     53.18%
4067  JX984949     2.53%    passed     47.84%
4068  JX984953     2.53%    passed     61.63%
4069  JX989075     2.53%    passed     61.63%
4070  OR536442     2.59%    passed     73.09%
4071  MF140676     2.59%    passed     62.99%
4072  MF140677     2.59%    passed     59.79%
4073  MF140678     2.59%    passed     55.11%
4074  MF140679     2.59%    passed     55.11%
4075  PP661666     2.53%    passed     36.78%
4076  PQ273187     2.53%    passed     32.85%
4077  OP690425     2.53%    passed     33.12%
4078  OP690426     2.53%    passed     33.12%
4079  OQ702253     2.53%    passed     37.46%
4080  LC760173     2.71%    passed     28.92%
4081  OQ702254     2.53%    passed     31.52%
4082  LC760171     2.71%    passed     36.03%
4083  LC760172     2.71%    passed     33.51%
4084  MZ026998     6.41%    passed     39.50%
4085  MN502856     6.41%    passed     41.30%
4086  LC122891     2.53%    passed     41.96%
4087  KM267743     2.53%    passed     43.17%
4088  MN502998     6.41%    passed     41.20%
4089  MN503037     6.41%    passed     41.20%
4090  MN502849     6.41%    passed     39.58%
4091  MN502862     6.41%    passed     47.99%
4092  MN502886     6.41%    passed     52.29%
4093  MN502898     6.41%    passed     61.31%
4094  MN503024     6.41%    passed     57.75%
4095  MN502894     6.41%    passed     57.34%
4096  MN502979     6.41%    passed     50.27%
4097  MN503041     6.41%    passed     50.27%
4098  MN503016     6.41%    passed     60.85%
4099  MN503029     6.41%    passed     49.85%
4100  MN503025     6.41%    passed     43.14%
4101  MN502902     6.41%    passed     36.11%
4102  MZ026898     6.41%    passed     49.64%
4103  MN502978     6.41%    passed     28.75%
4104  MN503042     6.41%    passed     28.75%
4105  MN502882     6.41%    passed     57.75%
4106  MN502911     6.41%    passed     60.86%
4107  MN502912     6.41%    passed     61.65%
4108  MZ026896     6.41%    passed     55.33%
4109  MN502826     6.41%    passed     53.26%
4110  MN502828     6.41%    passed     51.85%
4111  MN502835     6.41%    passed     52.62%
4112  MN502840     6.41%    passed     60.06%
4113  MN502834     6.41%    passed     43.46%
4114  KM198530     2.53%    passed     76.59%
4115  KM198549     2.53%    passed     76.59%
4116  KM198531     2.53%    passed     57.14%
4117  PV258471     2.53%    passed     25.38%
4118  PV258472     2.53%    passed     25.38%
4119  LC760144     2.71%    passed     52.30%
4120  LC122896     2.53%    passed     55.77%
4121  AB682736     2.53%    passed     54.39%
4122  LC122893     2.53%    passed     46.15%
4123  LC122894     2.53%    passed     68.12%
4124  LC122895     2.53%    passed     61.13%
4125  HM633213     2.53%    passed     54.53%
4126  GU969054     2.53%    passed     58.28%
4127  GU969055     2.53%    passed     66.07%
4128  GU969056     2.53%    passed     65.20%
4129  GU969057     2.53%    passed     61.06%
4130  AB758451     2.53%    passed     57.97%
4131  KM461690     5.91%    passed     61.08%
4132  LC122892     2.53%    passed     65.12%
4133  LC760145     2.71%    passed     65.96%
4134  MW305614     2.53%    passed     69.85%
4135  LC122897     2.53%    passed     60.73%
4136  LC760143     2.71%    passed     75.81%
4137  OR051903     2.53%    passed     41.24%
4138  MZ265480     2.53%    passed     47.99%
4139  KC464321     2.53%    passed     52.05%
4140  LC122898     2.53%    passed     75.91%
4141  LC122899     2.53%    passed     74.87%
4142  MH218645     2.53%    passed     64.22%
4143  MH218673     2.53%    passed     64.22%
4144  PV746280     2.53%    passed     64.22%
4145  MW305564     2.53%    passed     36.02%
4146  PV282529     2.53%    passed     59.91%
4147  PV553834     2.53%    passed     66.34%
4148  MW661274     2.53%    passed     74.53%
4149  MW661275     2.53%    passed     74.53%
4150  MT731279     2.53%    passed     73.95%
4151  MK956198     2.53%    passed     71.72%
4152  MK956199     2.53%    passed     68.79%
4153  MN416946     2.53%    passed     75.53%
4154  MN416944     2.53%    passed     68.73%
4155  MK956197     2.53%    passed     74.15%
4156  MN502921     6.41%    passed     74.50%
4157  MK301293     2.53%    passed     23.43%
4158  MW305737     2.53%    passed     50.16%
4159  KY424345     2.53%    passed     50.16%
4160  KY424346     2.59%    passed     55.93%
4161  KY424348     2.59%    passed     56.35%
4162  KY424347     2.71%    passed     53.88%
4163  PX732944     2.46%    passed     79.07%
4164  MZ265418     2.28%    passed     75.69%
4165  LC122916     2.28%    passed     73.13%
4166  KM461694     4.68%    passed     86.75%
4167  KM461695    14.91%    passed     96.63%
4168  KM461693     4.37%    passed     93.26%
4169  MN503002     6.16%    passed     83.62%
4170  MN503028     6.16%    passed     67.84%
4171  MN503003     6.28%    passed     81.12%
4172  MN503015     6.16%    passed     80.91%
4173  MW305704     2.28%    passed     67.58%
4174  MH279832     2.28%    passed     92.55%
4175  MN502987     6.16%    passed     87.18%
4176  MH279834     2.28%    passed     78.26%
4177  MH279831     2.28%    passed     78.71%
4178  PX988130     2.46%    passed     92.90%
4179  PX988131     2.46%    passed     92.90%
4180  PX988132     2.46%    passed     92.90%
4181  PX988133     2.46%    passed     92.90%
4182  PX988134     2.46%    passed     92.90%
4183  PZ240465     2.28%    passed     87.62%
4184  PX988135     2.46%    passed     80.43%
4185  PX988136     2.46%    passed     80.43%
4186  PX988137     2.46%    passed     80.43%
4187  PX988138     2.46%    passed     80.43%
4188  PX988139     2.46%    passed     80.43%
4189  PZ240467     2.28%    passed     84.16%
4190  PP267271     2.28%    passed     85.10%
4191  PQ740335     2.28%    passed     88.64%
4192  PZ240466     2.28%    passed     93.95%
4193  PP267274     2.28%    passed     87.62%
4194  PX988140     2.46%    passed     87.62%
4195  PX988141     2.46%    passed     87.62%
4196  PX988142     2.46%    passed     87.62%
4197  PX988143     2.46%    passed     87.62%
4198  PX988144     2.46%    passed     87.62%
4199  PX988145     2.46%    passed     87.62%
4200  PQ740334     2.28%    passed     88.97%
4201  PX988146     2.46%    passed     84.86%
4202  PX988147     2.46%    passed     84.86%
4203  PX988148     2.46%    passed     84.86%
4204  PX988149     2.46%    passed     84.86%
4205  PX988150     2.46%    passed     84.86%
4206  PX988151     2.46%    passed     84.86%
4207  PX988152     2.46%    passed     84.86%
4208  PX988153     2.46%    passed     84.86%
4209  PX988154     2.46%    passed     84.86%
4210  PX988155     2.46%    passed     84.86%
4211  PX988156     2.46%    passed     84.86%
4212  PX988157     2.46%    passed     84.86%
4213  PX988158     2.46%    passed     84.86%
4214  MH114014     4.19%    passed     92.19%
4215  PZ240464     2.28%    passed     87.75%
4216  MT158850     2.28%    passed     87.56%
4217  PQ740336     2.28%    passed     87.56%
4218  PQ740337     2.28%    passed     88.69%
4219  MW243610     2.34%    passed     94.53%
4220  MZ027009     6.16%    passed     85.95%
4221  MZ026997     6.16%    passed     92.17%
4222  PZ240463     2.28%    passed     82.45%
4223  PQ740333     2.34%    passed     87.78%
4224  MW305555     2.28%    passed     42.41%
4225  KP064098     2.28%    passed     84.16%
4226  KM198498     2.28%    passed     72.48%
4227  KM198534     2.28%    passed     77.10%
4228  JN183165     2.34%    passed     86.41%
4229  MT227816     2.28%    passed     80.25%
4230  MW305613     2.28%    passed     78.71%
4231  MW305615     2.28%    passed     89.29%
4232  MW305616     2.28%    passed     87.60%
4233  MW305529     2.28%    passed     75.09%
4234  MW305531     2.28%    passed     75.09%
4235  MW305532     2.28%    passed     77.89%
4236  ON706286     2.28%    passed     75.37%
4237  ON706287     2.28%    passed     75.37%
4238  ON706288     2.28%    passed     75.37%
4239  ON706294     2.28%    passed     75.37%
4240  ON706295     2.28%    passed     75.37%
4241  LC760176     2.46%    passed     82.19%
4242  LC760177     2.46%    passed     70.72%
4243  LC760179     2.46%    passed     76.50%
4244  LC760174     2.46%    passed     54.45%
4245  KX752057     2.28%    passed     62.05%
4246  KM198519     2.40%    passed     66.46%
4247  LC122917     2.28%    passed     78.30%
4248  LC122918     2.28%    passed     74.55%
4249  LC760178     2.46%    passed     87.96%
4250  ON706290     2.28%    passed     78.42%
4251  LC760175     2.46%    passed     69.58%
4252  MW305511     2.28%    passed     88.18%
4253  MW305523     2.28%    passed     86.73%
4254  MW305540     2.28%    passed     85.76%
4255  MW305547     2.28%    passed     85.76%
4256  MW305544     2.28%    passed     83.24%
4257  MW305599     2.28%    passed     81.78%
4258  PX732959     2.53%    passed     80.78%
4259  MW363197     2.28%    passed     82.24%
4260  MW363198     2.28%    passed     71.36%
4261  MW305736     2.28%    passed     76.16%
4262  MW661284     2.28%    passed     87.40%
4263  MH260511     5.05%    passed     81.87%
4264  OM386672     2.28%    passed     86.38%
4265  PQ740332     2.28%    passed     90.05%
4266  MZ027007     6.16%    passed     97.07%
4267  MZ027050     6.16%    passed     93.58%
4268  LC122919     2.28%    passed     95.59%
4269  LC122920     2.28%    passed     73.01%
4270  LC122921     2.28%    passed     71.74%
4271  LC122922     2.28%    passed     89.31%
4272  MT227832     2.28%    passed     88.92%
4273  PZ251437     2.28%    passed     63.20%
4274  MW305571     2.28%    passed     66.82%
4275  JN699036     2.28%    passed     66.82%
4276  MW305581     2.28%    passed     69.02%
4277  KC576910     2.28%    passed     69.02%
4278  JN699035     2.28%    passed     69.02%
4279  JX846927     2.28%    passed     97.30%
4280  PV174239     2.28%    passed     62.94%
4281  PV174245     2.28%    passed     67.07%
4282  PV174243     2.28%    passed     63.56%
4283  PV174244     2.28%    passed     54.36%
4284  PV553832     2.28%    passed     66.33%
4285  PV806172     2.77%    passed     62.30%
4286  PV806173     2.77%    passed     63.67%
4287  PV806174     2.77%    passed     66.06%
4288  PQ100948     2.77%    passed     64.32%
4289  PQ100945     2.77%    passed     65.98%
4290  PQ100944     2.77%    passed     67.22%
4291  PQ100946     2.77%    passed     69.54%
4292  LC877021     2.77%    passed     64.69%
4293  LC877023     2.77%    passed     65.44%
4294  LC877024     2.77%    passed     64.69%
4295  LC877025     2.77%    passed     67.22%
4296  PX988114     2.96%    passed     70.10%
4297  PX988115     2.96%    passed     70.10%
4298  PX988116     2.96%    passed     70.10%
4299  PX988117     2.96%    passed     70.10%
4300  PQ754430     2.77%    passed     67.22%
4301  PQ754434     2.77%    passed     64.69%
4302  PQ754431     2.77%    passed     72.45%
4303  LC877030     2.77%    passed     61.05%
4304  LC877026     2.77%    passed     67.22%
4305  LC877031     2.77%    passed     69.54%
4306  PX988105     2.96%    passed     64.44%
4307  PX988106     2.96%    passed     64.44%
4308  PX988107     2.96%    passed     64.44%
4309  PQ100949     2.77%    passed     65.89%
4310  PQ754435     2.77%    passed     63.24%
4311  PX988095     2.96%    passed     65.59%
4312  PX988096     2.96%    passed     65.59%
4313  PX988097     2.96%    passed     65.59%
4314  PX988098     2.96%    passed     65.59%
4315  PX988099     2.96%    passed     65.59%
4316  PX988100     2.96%    passed     64.84%
4317  PX988101     2.96%    passed     64.84%
4318  PX988108     2.96%    passed     67.26%
4319  PX988109     2.96%    passed     67.26%
4320  PX988110     2.96%    passed     67.26%
4321  PX988111     2.96%    passed     67.26%
4322  PX988118     2.96%    passed     65.59%
4323  PX988120     2.96%    passed     65.59%
4324  PX988121     2.96%    passed     65.59%
4325  PX988122     2.96%    passed     65.59%
4326  PX988123     2.96%    passed     65.59%
4327  PX988124     2.96%    passed     65.59%
4328  PX988125     2.96%    passed     65.59%
4329  PX988126     2.96%    passed     65.59%
4330  PX988119     2.96%    passed     65.59%
4331  PX988102     2.96%    passed     66.12%
4332  PX988103     2.96%    passed     66.12%
4333  PX988104     2.96%    passed     66.12%
4334  PX988127     2.96%    passed     71.13%
4335  PX988128     2.96%    passed     71.13%
4336  PX988129     2.96%    passed     71.13%
4337  PQ754433     2.77%    passed     75.54%
4338  LC877032     2.77%    passed     62.27%
4339  PX988112     2.96%    passed     71.13%
4340  PX988113     2.96%    passed     71.13%
4341  PQ100943     2.77%    passed     74.34%
4342  LC877027     2.77%    passed     62.72%
4343  LC877028     2.77%    passed     62.72%
4344  PQ507186     2.77%    passed     77.05%
4345  PQ507173     2.77%    passed     67.98%
4346  PQ594187     2.77%    passed     64.85%
4347  LC877029     2.77%    passed     60.68%
4348  LC877033     2.77%    passed     62.77%
4349  LC877034     2.77%    passed     59.44%
4350  PQ754432     2.77%    passed     73.29%
4351  LC877022     2.77%    passed     63.73%
4352  PQ100947     2.77%    passed     57.12%
4353  OR821720     2.16%    passed     63.35%
4354  MW305550     2.77%    passed     56.45%
4355  MW305552     2.77%    passed     56.45%
4356  MW305562     2.77%    passed     64.21%
4357  MH218661     2.77%    passed     62.77%
4358  PX631122     2.59%    passed     74.28%
4359  PX988092     2.96%    passed     65.26%
4360  PX988093     2.96%    passed     65.26%
4361  PX988094     2.96%    passed     65.26%
4362  PQ754436     2.77%    passed     60.87%
4363  MH218692     2.77%    passed     62.43%
4364  MZ292759     2.77%    passed     47.65%
4365  MW305675     2.77%    passed     30.37%
4366  MW305677     2.77%    passed     35.77%
4367  MN502815     6.65%    passed     68.24%
4368  KJ196295     2.77%    passed     57.83%
4369  MW284776     2.77%    passed     45.46%
4370  MW284778     2.77%    passed     45.46%
4371  MW284784     2.77%    passed     45.46%
4372  MW284777     2.77%    passed     45.46%
4373  MH279829     2.77%    passed     52.94%
4374  MF140645     2.77%    passed     42.69%
4375  MF140646     2.77%    passed     43.63%
4376  MF140647     2.77%    passed     40.77%
4377  MF140648     2.77%    passed     42.44%
4378  LC122887     2.77%    passed     59.43%
4379  LC122888     2.77%    passed     59.43%
4380  MW305709     2.77%    passed     59.22%
4381  MW305710     2.77%    passed     56.28%
4382  LC122889     2.77%    passed     51.25%
4383  MZ478135     2.77%    passed     48.80%
4384  MZ478138     2.77%    passed     50.10%
4385  MZ478137     2.77%    passed     48.80%
4386  MN038126     2.77%    passed     61.58%
4387  MW305620     2.77%    passed     68.64%
4388  MH218658     2.77%    passed     63.37%
4389  MW305707     2.77%    passed     48.79%
4390  MW305721     2.77%    passed     62.61%
4391  MW305713     2.77%    passed     53.41%
4392  MN502847     6.65%    passed     70.34%
4393  MZ546182     2.77%    passed     70.80%
4394  GQ849129     2.77%    passed     47.36%
4395  GQ849130     2.77%    passed     46.12%
4396  MW305602     2.77%    passed     50.88%
4397  MW305603     2.77%    passed     50.88%
4398  MW305606     2.77%    passed     50.88%
4399  MW305605     2.77%    passed     69.82%
4400  LC122890     2.77%    passed     59.92%
4401  KC832474     2.77%    passed     65.21%
4402  MH279833     2.77%    passed     46.69%
4403  GU385891    17.68%    passed     71.78%
4404  GU385892    17.68%    passed     74.50%
4405  MH279830     2.77%    passed     61.05%
4406  MN502816     6.65%    passed     55.56%
4407  MN502827     6.65%    passed     54.69%
4408  LC122886     2.77%    passed     47.56%
4409  GU134965     2.77%    passed     56.05%
4410  KT943504     2.77%    passed     54.88%
4411  KT943505     2.77%    passed     65.51%
4412  PV844616     2.77%    passed     60.01%
4413  MT731332     2.77%    passed     59.19%
4414  MW305718     2.77%    passed     59.85%
4415  MK762722     2.96%    passed     82.13%
4416  OP205528     2.77%    passed     72.98%
4417  KF006266     2.77%    passed     41.31%
4418  PZ098691     2.77%    passed     25.46%
4419  MW305573     2.77%    passed     51.01%
4420  JN699042     2.77%    passed     51.01%
4421  OR793097     2.59%    passed     92.27%
4422  MW305719     2.59%    passed     89.60%
4423  MW305722     2.59%    passed     92.68%
4424  MK614060     2.59%    passed     89.08%
4425  OR797349     2.59%    passed     92.35%
4426  OR797473     2.59%    passed     92.35%
4427  MN502922     6.47%    passed     81.26%
4428  OL898513     2.59%    passed     96.28%
4429  MK641589     2.59%    passed     98.63%
4430  LC535110     2.59%    passed     96.20%
4431  LC556388     2.77%    passed     90.16%
4432  LC556389     2.77%    passed     90.16%
4433  LC556390     2.77%    passed     90.16%
4434  LC556391     2.77%    passed     88.66%
4435  LC556392     2.77%    passed     88.66%
4436  OR069406     2.59%    passed     93.30%
4437  MZ026991     6.47%    passed     66.34%
4438  MZ026902     6.47%    passed     81.81%
4439  MN502990     6.47%    passed     84.24%
4440  MN503045     6.47%    passed     84.24%
4441  MN503071     6.47%    passed     83.31%
4442  MN502858     6.47%    passed     80.01%
4443  MN502878     6.47%    passed     78.84%
4444  MN502883     6.47%    passed     80.76%
4445  MN502905     6.47%    passed     86.31%
4446  MN503058     6.47%    passed     83.62%
4447  MN503070     6.47%    passed     79.05%
4448  MN502865     6.47%    passed     81.81%
4449  MN502867     6.47%    passed     79.93%
4450  MN502919     6.47%    passed     70.72%
4451  MN502948     6.59%    passed     68.76%
4452  MN502966     6.47%    passed     81.39%
4453  MZ272053     2.59%    passed     96.31%
4454  MZ272475     2.59%    passed     96.31%
4455  GU594162     2.59%    passed     96.31%
4456  GU017904     2.59%    passed     96.31%
4457  GU017905     2.59%    passed     96.31%
4458  GU017900     2.59%    passed     96.40%
4459  GU017901     2.59%    passed     96.40%
4460  GU017902     2.59%    passed     96.40%
4461  GU017908     2.59%    passed     96.40%
4462  GU017906     2.59%    passed     96.40%
4463  GU017907     2.59%    passed     96.85%
4464  GU017903     2.59%    passed     94.33%
4465  MW305663     2.59%    passed     95.04%
4466  LC122875     2.59%    passed     94.24%
4467  LC122876     2.59%    passed     93.47%
4468  MW305667     2.59%    passed     93.46%
4469  MW305685     2.59%    passed     94.34%
4470  MW305686     2.59%    passed     94.34%
4471  MW305687     2.59%    passed     94.34%
4472  MW305689     2.59%    passed     94.34%
4473  MW305688     2.59%    passed     94.34%
4474  LC122868     2.59%    passed     94.24%
4475  LC122860     2.59%    passed     93.46%
4476  LC720166     2.65%    passed     93.99%
4477  LC122864     2.59%    passed     93.36%
4478  MW305669     2.59%    passed     93.36%
4479  LC122872     2.59%    passed     93.36%
4480  LC122869     2.59%    passed     93.36%
4481  MW305684     2.59%    passed     93.05%
4482  MW305683     2.59%    passed     92.53%
4483  LC122873     2.59%    passed     93.36%
4484  MW305694     2.59%    passed     93.05%
4485  MW305672     2.59%    passed     93.46%
4486  MW305673     2.59%    passed     93.46%
4487  MW305674     2.59%    passed     91.90%
4488  LC122874     2.59%    passed     92.22%
4489  MW305668     2.59%    passed     94.34%
4490  MW305670     2.59%    passed     94.88%
4491  MW305679     2.59%    passed     91.90%
4492  MW305681     2.59%    passed     91.90%
4493  LC122871     2.59%    passed     93.36%
4494  LC122862     2.59%    passed     92.53%
4495  LC122863     2.59%    passed     92.41%
4496  LC122865     2.59%    passed     92.62%
4497  LC122866     2.59%    passed     93.36%
4498  MW305690     2.59%    passed     94.59%
4499  MW305692     2.59%    passed     94.59%
4500  MW305693     2.59%    passed     94.98%
4501  LC122878     2.59%    passed     94.98%
4502  LC122861     2.59%    passed     94.24%
4503  MW305691     2.59%    passed     93.36%
4504  LC122867     2.59%    passed     93.36%
4505  MW305664     2.59%    passed     93.46%
4506  MW305665     2.59%    passed     94.24%
4507  MW305666     2.59%    passed     94.24%
4508  LC122880     2.59%    passed     93.36%
4509  MW305671     2.59%    passed     94.08%
4510  LC122877     2.59%    passed     87.16%
4511  LC122870     2.59%    passed     90.04%
4512  LC122879     2.59%    passed     92.65%
4513  MW305700     2.59%    passed     93.69%
4514  LC122881     2.59%    passed     93.88%
4515  LC122882     2.59%    passed     95.53%
4516  LC133340     9.61%    passed     90.03%
4517  MK850443     2.59%    passed     93.39%
4518  MN502818     6.47%    passed     90.16%
4519  MW305698     2.59%    passed     90.82%
4520  LC122885     2.59%    passed     90.56%
4521  KJ196297     2.59%    passed     93.54%
4522  LC720165     2.59%    passed     90.56%
4523  KJ196278     2.59%    passed     92.18%
4524  LC122884     2.59%    passed     90.79%
4525  LC122883     2.59%    passed     90.59%
4526  GQ856465     2.59%    passed     93.85%
4527  MN502820     6.47%    passed     89.49%
4528  MW305518     2.59%    passed     91.94%
4529  MW305519     2.59%    passed     88.48%
4530  MN502812     6.47%    passed     92.48%
4531  MH279826     2.59%    passed     97.22%
4532  MW305648     2.59%    passed     98.74%
4533  MK588004     2.59%    passed     71.67%
4534  PV553833     2.59%    passed     93.19%
4535  OR536443     2.59%    passed     55.30%
4536  OR536445     2.59%    passed     46.21%
4537  OR536446     2.59%    passed     44.57%
4538  OR536444     2.59%    passed     61.54%
4539  OR536447     2.59%    passed     44.68%
4540  OR536449     2.59%    passed     60.78%
4541  OR536450     2.59%    passed     53.69%
4542  OR536451     2.59%    passed     49.74%
4543  OR536454     2.59%    passed     51.27%
4544  OR536456     2.59%    passed     50.85%
4545  OR536452     2.59%    passed     50.20%
4546  OR536453     2.59%    passed     54.04%
4547  OR536457     2.59%    passed     49.22%
4548  OR536455     2.59%    passed     47.37%
4549  OR536458     2.59%    passed     75.84%
4550  OR536460     2.59%    passed     60.10%
4551  OR536462     2.59%    passed     53.17%
4552  OR536463     2.59%    passed     53.17%
4553  OR536465     2.59%    passed     56.34%
4554  OR536461     2.59%    passed     48.74%
4555  OR536464     2.59%    passed     43.35%
4556  OR536459     2.59%    passed     72.38%
4557  OR536448     2.59%    passed     43.82%
4558  KM289171     7.27%    passed     75.53%
4559  MW305730     2.59%    passed     94.76%
4560  MW305569     2.34%    passed     73.36%
4561  MW305576     2.34%    passed     45.89%
4562  JN699038     2.34%    passed     45.89%
4563  PX733033     2.40%    passed     89.43%
4564  MZ033217     6.10%    passed     96.53%
4565  MN502881     6.10%    passed     96.92%
4566  MN502983     6.10%    passed     95.73%
4567  MN503039     6.10%    passed     95.73%
4568  MN503031     6.10%    passed     98.67%
4569  MN502893     6.10%    passed     97.21%
4570  MZ033218     6.10%    passed     97.98%
4571  MN502904     6.10%    passed     96.97%
4572  MN502908     6.10%    passed     97.96%
4573  MN502968     6.10%    passed     97.84%
4574  MN503010     6.10%    passed     97.46%
4575  MZ033220     6.10%    passed     97.16%
4576  MN503080     6.10%    passed     96.35%
4577  MZ033222     6.10%    passed     95.10%
4578  MN502864     6.10%    passed     95.40%
4579  MN503013     6.10%    passed     95.40%
4580  MN503056     6.10%    passed     96.14%
4581  MN503053     6.10%    passed     95.21%
4582  MN502992     6.10%    passed     94.35%
4583  MN503055     6.10%    passed     95.91%
4584  MN502863     6.10%    passed     97.04%
4585  MZ026906     6.10%    passed     95.73%
4586  MZ026908     6.10%    passed     97.77%
4587  MZ026916     6.10%    passed     97.77%
4588  MZ026940     6.10%    passed     96.25%
4589  MN502941     6.10%    passed     96.92%
4590  MZ026917     6.10%    passed     94.29%
4591  MZ027031     6.10%    passed     95.01%
4592  MZ026918     6.10%    passed     95.80%
4593  MN502890     6.10%    passed     95.75%
4594  MN502852     6.10%    passed     96.27%
4595  MN502962     6.10%    passed     93.31%
4596  MN502970     6.10%    passed     95.02%
4597  MZ033219     6.10%    passed     96.87%
4598  MN502954     6.10%    passed     94.06%
4599  MN502899     6.10%    passed     94.22%
4600  MZ027030     6.10%    passed     94.06%
4601  MW661257     2.22%    passed     86.98%
4602  MK213549     2.22%    passed     86.98%
4603  KY406948     2.22%    passed     81.42%
4604  MZ026943     6.10%    passed     95.20%
4605  MZ026946     6.10%    passed     89.37%
4606  MN502975     6.10%    passed     89.37%
4607  MZ033225     6.10%    passed     94.13%
4608  MZ027039     6.10%    passed     87.93%
4609  MZ033190     6.10%    passed     92.88%
4610  MN502949     6.10%    passed     89.49%
4611  MN502929     6.10%    passed     90.56%
4612  MN502935     6.10%    passed     94.42%
4613  OP686904     2.22%    passed     81.68%
4614  OR546394     2.22%    passed     86.36%
4615  OR546395     2.22%    passed     91.34%
4616  MZ033185     6.10%    passed     96.92%
4617  MZ033189     6.10%    passed     96.23%
4618  MZ033229     6.10%    passed     96.68%
4619  MZ033244     6.10%    passed     96.43%
4620  MZ026999     6.10%    passed     96.23%
4621  MZ027035     6.10%    passed     97.77%
4622  MZ026956     6.10%    passed     96.96%
4623  MZ026962     6.10%    passed     97.55%
4624  MZ033228     6.10%    passed     97.77%
4625  MZ033241     6.10%    passed     96.57%
4626  MZ033240     6.10%    passed     96.57%
4627  MZ026969     6.10%    passed     97.77%
4628  MZ026987     6.10%    passed     98.34%
4629  MZ027044     6.10%    passed     97.66%
4630  MZ033235     6.10%    passed     97.42%
4631  MZ033237     6.10%    passed     97.16%
4632  MZ033239     6.10%    passed     97.77%
4633  MZ027037     6.10%    passed     98.13%
4634  MZ026974     6.10%    passed     96.79%
4635  MZ033187     6.10%    passed     95.98%
4636  MZ033188     6.10%    passed     95.98%
4637  MZ033232     6.10%    passed     95.17%
4638  MZ033242     6.10%    passed     97.96%
4639  MZ033230     6.10%    passed     97.33%
4640  MZ033233     6.10%    passed     96.22%
4641  MZ033234     6.10%    passed     94.01%
4642  MZ026967     6.10%    passed     95.17%
4643  MZ027003     6.10%    passed     97.46%
4644  MZ027010     6.10%    passed     96.44%
4645  MZ033243     6.10%    passed     95.73%
4646  MZ027012     6.10%    passed     94.35%
4647  MZ027013     6.10%    passed     97.77%
4648  MZ027049     6.10%    passed     93.77%
4649  MZ033238     6.10%    passed     94.09%
4650  MZ033236     6.10%    passed     97.33%
4651  MZ026954     6.10%    passed     97.19%
4652  MZ026996     6.10%    passed     98.03%
4653  MZ026949     6.10%    passed     96.27%
4654  MZ026958     6.10%    passed     96.22%
4655  MZ026971     6.10%    passed     88.20%
4656  MZ026993     6.10%    passed     97.90%
4657  MZ026957     6.10%    passed     92.17%
4658  MZ026994     6.10%    passed     97.33%
4659  MZ026924     6.10%    passed     92.01%
4660  MZ026931     6.10%    passed     92.01%
4661  MZ026925     6.10%    passed     94.64%
4662  MZ026926     6.10%    passed     95.56%
4663  MZ026928     6.10%    passed     92.31%
4664  MZ026932     6.10%    passed     91.98%
4665  MN502932     6.10%    passed     93.45%
4666  MN502924     6.10%    passed     96.22%
4667  MZ026927     6.10%    passed     92.31%
4668  MZ026930     6.10%    passed     96.72%
4669  MZ026929     6.10%    passed     92.59%
4670  MZ027040     6.10%    passed     89.49%
4671  MZ027041     6.10%    passed     89.49%
4672  MZ027018     6.10%    passed     97.28%
4673  MZ027036     6.10%    passed     90.38%
4674  MZ033223     6.10%    passed     96.53%
4675  MN502958     6.10%    passed     92.69%
4676  MN503052     6.10%    passed     95.03%
4677  MN502913     6.10%    passed     94.21%
4678  MZ292794     2.22%    passed     93.95%
4679  PX988083     2.40%    passed     91.69%
4680  PX988084     2.40%    passed     91.69%
4681  PX988085     2.40%    passed     91.69%
4682  PX988086     2.40%    passed     91.69%
4683  PX988087     2.40%    passed     91.69%
4684  PX988088     2.40%    passed     91.69%
4685  PX988089     2.40%    passed     91.69%
4686  PX988090     2.40%    passed     91.69%
4687  PX988091     2.40%    passed     91.69%
4688  PQ754429     2.28%    passed     91.16%
4689  PV416744     2.22%    passed     89.14%
4690  PP645198     2.22%    passed     90.41%
4691  PP645199     2.22%    passed     90.41%
4692  OR546399     2.22%    passed     90.41%
4693  OR546400     2.22%    passed     90.41%
4694  OR546398     2.22%    passed     88.67%
4695  OR546396     2.22%    passed     65.95%
4696  OR546391     2.22%    passed     82.04%
4697  MN996298     2.22%    passed     82.04%
4698  OR546392     2.22%    passed     81.65%
4699  OR546393     2.22%    passed     77.16%
4700  OR546397     2.22%    passed     86.96%
4701  MN525215     6.10%    passed     94.64%
4702  MN525217     6.10%    passed     89.75%
4703  MN502817     6.10%    passed     97.22%
4704  PX353865     2.46%    passed     85.70%
4705  PZ143332     2.46%    passed     72.60%
4706  MZ026970     6.16%    passed     60.35%
4707  MN503085     6.16%    passed     44.25%
4708  MN502942     6.16%    passed     50.80%
4709  MN502923     6.16%    passed     52.70%
4710  MN502955     6.16%    passed     41.39%
4711  MN502965     6.16%    passed     49.15%
4712  MN503079     6.16%    passed     45.87%
4713  MN502931     6.16%    passed     41.39%
4714  MN502976     6.16%    passed     52.70%
4715  MN502952     6.16%    passed     54.03%
4716  MN502957     6.16%    passed     50.63%
4717  MN502938     6.16%    passed     63.61%
4718  MN502944     6.16%    passed     48.13%
4719  MN502940     6.16%    passed     26.00%
4720  MZ312111     2.28%    passed     41.94%
4721  MN502822     6.16%    passed     40.21%
4722  MW305516     2.28%    passed     39.50%
4723  MW305520     2.28%    passed     36.23%
4724  MW305514     2.28%    passed     50.21%
4725  MN502850     6.16%    passed     34.73%
4726  OR905889     1.85%    passed     14.21%
4727  PQ467814     1.85%    passed     32.58%
4728  PQ467815     1.85%    passed     24.78%
4729  PQ467816     1.85%    passed     21.21%
4730  PQ467819     1.85%    passed     21.21%
4731  PQ467817     1.85%    passed     29.84%
4732  PQ467818     1.85%    passed     27.70%
4733  PQ467807     2.22%    failed      1.48%
4734  PQ467808     2.22%    failed      1.46%
4735  PQ467809     2.22%    failed      2.97%
4736  PQ467810     2.22%    failed      2.97%
4737  PQ467811     2.22%    failed      1.47%
4738  PQ467812     2.22%    failed      2.65%
4739  PQ467813     2.22%    failed      2.23%
4740  HQ392821     2.22%    failed      0.67%
4741  LC509011     2.22%    failed      0.42%
4742  HM346627     2.22%    failed      0.79%
4743  MN567957     2.22%    failed      0.08%
4744  PZ043822     2.28%    failed      0.00%
4745  PZ043823     2.28%    failed      0.00%
4746  PZ043825     2.28%    failed      0.00%
4747  OQ848746     2.28%    failed      0.00%
4748  MW662289     2.28%    failed      0.01%
4749  JF939046     2.34%    failed      0.06%
4750  MW939576     2.28%    failed      0.03%
4751  MW945229     2.28%    failed      0.04%
4752  FJ875027     2.28%    failed      0.00%
4753  KY486328     2.40%    failed      0.05%
4754  PV418613     2.46%    failed      0.00%
4755  PV418615     2.46%    failed      0.00%
4756  PV418614     2.46%    failed      0.00%
4757  PV418616     2.46%    failed      0.00%
4758  PV418617     2.46%    failed      0.00%
4759  KY486329     2.46%    failed      0.00%
4760  JF930689     2.46%    failed      0.00%
4761  GQ443611     2.46%    failed      0.00%
4762  MN897757     2.46%    failed      0.00%
4763  MN897759     2.46%    failed      0.00%
4764  MN908340     2.46%    failed      0.00%
4765  MN897758     2.46%    failed      0.00%
4766  MN897760     2.46%    failed      0.00%
4767  MK067295     2.46%    failed      0.00%
4768  MK067296     3.82%    failed      0.00%
4769  MK067297     3.82%    failed      0.00%
4770  KT245136     2.65%    failed      0.00%
4771  PQ182552     3.64%    failed      0.00%
4772  PQ626688     1.85%    passed     57.11%
4773  MT703831     1.85%    passed     59.91%
4774  OR050582     1.85%    passed     64.52%
4775  OR050583     1.85%    passed     64.52%
4776  OR050584     1.85%    passed     64.52%
4777  OR050585     1.85%    passed     64.52%
4778  OR050586     1.85%    passed     64.52%
4779  MN227772     1.85%    passed     68.54%
4780  MN227773     1.85%    passed     68.54%
4781  MN227777     1.85%    passed     57.87%
4782  OK247589     1.85%    passed     44.39%
4783  OK247590     1.85%    passed     46.52%
4784  OL685293     1.85%    passed     48.50%
4785  OL685301     1.85%    passed     48.50%
4786  OL685294     1.85%    passed     48.50%
4787  OL685295     1.85%    passed     48.50%
4788  OL685298     1.85%    passed     48.50%
4789  OL685302     1.85%    passed     48.50%
4790  OL685296     1.85%    passed     48.50%
4791  OL685297     1.85%    passed     48.50%
4792  OL685299     1.85%    passed     48.50%
4793  OL685300     1.85%    passed     49.12%
4794  OL685303     1.85%    passed     47.71%
4795  OL685304     1.85%    passed     47.71%
4796  MN227771     1.85%    passed     52.20%
4797  KU954108     1.85%    passed     47.83%
4798  PQ740278     1.85%    passed     57.94%
4799  MN462922     1.85%    passed     48.96%
4800  MH202748     1.85%    passed     35.16%
4801  MN473468     1.85%    passed     48.96%
4802  MT707683     1.85%    passed     51.69%
4803  MN227770     1.85%    passed     38.56%
4804  MN227776     1.85%    passed     41.44%
4805  LC567100     1.85%    passed     36.97%
4806  MW228040     1.85%    passed     37.35%
4807  MT010298     1.85%    passed     43.82%
4808  MT010299     1.85%    passed     41.89%
4809  MN227774     1.85%    passed     49.72%
4810  OP811331     1.91%    passed     40.13%
4811  MN227775     1.85%    passed     62.80%
4812  GQ856474     1.85%    passed     47.67%
4813  NC_044045    1.85%    passed     47.73%
4814  KJ196290     1.85%    passed     47.73%
4815  MW261798     1.85%    passed     53.69%
4816  MW261799     1.85%    passed     53.69%
4817  LC048991     1.85%    passed     42.29%
4818  MW261787     1.85%    passed     46.15%
4819  MW261788     1.85%    passed     49.32%
4820  MW261789     1.85%    passed     49.32%
4821  MW261791     1.85%    passed     49.32%
4822  MW261796     1.85%    passed     49.32%
4823  MW261797     1.85%    passed     49.32%
4824  MW261800     1.85%    passed     49.32%
4825  MW261793     1.85%    passed     53.30%
4826  MW261794     1.85%    passed     53.30%
4827  MW261795     1.85%    passed     45.39%
4828  MW261790     1.85%    passed     50.13%
4829  MW261792     1.85%    passed     50.13%
4830  KY510434     1.85%    passed     24.18%
4831  MK762723     1.85%    passed     69.15%
4832  PZ043824     2.28%    failed      0.00%
4833  PZ043826     2.28%    failed      0.00%
4834  ON595847     2.28%    failed      0.00%
4835  MT256404     2.28%    failed      0.00%
4836  MT256408     2.28%    failed      0.00%
4837  MT256409     2.28%    failed      0.00%
4838  MT256410     2.28%    failed      0.00%
4839  LC389583     2.28%    failed      0.00%
4840  NC_045762    2.28%    failed      0.00%
4841  JF781268     2.28%    failed      0.00%
4842  ON595846     2.28%    failed      0.00%
4843  MT256405     2.28%    failed      0.00%
4844  MT256406     2.28%    failed      0.00%
4845  MT256407     2.28%    failed      0.00%
4846  MN912824     2.28%    failed      0.47%
4847  MK067288     2.28%    failed      0.42%
4848  MK067290     2.28%    failed      0.22%
4849  MK067291     2.28%    failed      0.22%
4850  NC_044855    4.07%    passed     23.47%
4851  KX907728     4.07%    passed     23.47%
4852  NC_029647    3.20%    passed     43.31%
4853  JQ613567     3.20%    passed     43.31%
4854  KT030674     3.20%    passed     32.78%
4855  MK726262     3.20%    passed     39.02%
4856  KC894731     3.20%    passed     39.77%
4857  MT232232     3.20%    passed     37.66%
4858  FM865412     3.20%    passed     58.58%
4859  JQ970479     3.20%    passed     29.45%
4860  LC101824     3.20%    passed     17.88%
4861  MG572715     4.44%    failed      0.01%
4862  MG572716     4.44%    failed      0.01%
4863  NC_044046    4.07%    passed     98.98%
4864  KJ196291     4.07%    passed     98.98%
4865  AB985418     4.07%    passed     94.39%
4866  MG572714     3.08%    failed      0.01%
4867  PV418618     5.73%    failed      0.00%
4868  NC_044047    5.73%    failed      0.00%
4869  FJ692500     5.73%    failed      0.00%
4870  FJ692501     5.73%    failed      0.00%
4871  OL757872     5.73%    failed      0.05%
4872  PV053516     9.92%    failed      0.00%
4873  OM991740     9.92%    failed      0.00%
4874  OM991839     9.92%    failed      0.00%
4875  KX189069     9.98%    failed      0.00%
4876  KX189067     9.92%    failed      0.00%
4877  OK032546     9.61%    failed      0.00%
4878  MK159169     9.61%    failed      0.00%
4879  MK159174     9.61%    failed      0.00%
4880  MK159172     9.61%    failed      0.00%
4881  MK159173     9.61%    failed      0.00%
4882  MK159170     9.61%    failed      0.00%
4883  MK159171     9.61%    failed      0.00%
4884  PV839786     5.24%    passed     66.93%
4885  PP594195     5.11%    passed     73.62%
4886  MT031988     5.11%    passed     65.20%
4887  MH608286     5.18%    passed     82.07%
4888  FJ711163     5.11%    passed     72.96%
4889  FJ711164     5.11%    passed     68.99%
4890  MG557650     5.11%    passed     39.83%
4891  PZ176369     5.11%    passed     37.03%
4892  OP162337     5.11%    passed     61.05%
4893  MN922649     6.72%    passed     50.74%
4894  MN922667     6.72%    passed     49.41%
4895  MN922654     6.72%    passed     47.92%
4896  MN922655     6.72%    passed     47.92%
4897  LC720156     5.11%    passed     45.88%
4898  MN922659     6.72%    passed     57.85%
4899  MN922663     6.72%    passed     49.95%
4900  MN922664     6.72%    passed     49.95%
4901  MN922665     6.72%    passed     49.95%
4902  MN922670     6.72%    passed     59.30%
4903  MN922671     6.72%    passed     59.30%
4904  MN922672     6.72%    passed     59.30%
4905  MN922673     6.72%    passed     59.30%
4906  MN922696     6.72%    passed     55.52%
4907  MN922697     6.72%    passed     55.52%
4908  MN922688     6.72%    passed     55.52%
4909  MN922710     6.72%    passed     59.30%
4910  MN922689     6.72%    passed     51.71%
4911  MN922703     6.72%    passed     51.71%
4912  MN922674     6.72%    passed     51.71%
4913  MN922681     6.72%    passed     55.52%
4914  MN922712     6.72%    passed     55.52%
4915  MN922699     6.72%    passed     56.05%
4916  MN922711     6.72%    passed     57.85%
4917  MN922668     6.72%    passed     44.89%
4918  MN922687     6.72%    passed     49.95%
4919  MN922678     6.72%    passed     56.30%
4920  MN922662     6.72%    passed     59.75%
4921  MN922666     6.72%    passed     57.85%
4922  MN922677     6.72%    passed     54.56%
4923  MN922692     6.72%    passed     60.04%
4924  MN922695     6.72%    passed     54.56%
4925  MN922707     6.72%    passed     55.57%
4926  LC720154     5.11%    passed     49.31%
4927  MN922706     6.72%    passed     54.42%
4928  MN922669     6.72%    passed     63.79%
4929  MN922686     6.72%    passed     56.82%
4930  MN922650     6.72%    passed     53.04%
4931  MN922653     6.72%    passed     51.71%
4932  MN922690     6.72%    passed     47.92%
4933  MN922718     6.72%    passed     60.23%
4934  MN922691     6.72%    passed     49.51%
4935  MW590347     5.11%    passed     49.25%
4936  MW590348     5.11%    passed     47.15%
4937  MW600279     5.11%    passed     43.84%
4938  MW600284     5.11%    passed     52.15%
4939  MN922652     6.72%    passed     40.94%
4940  MN922657     6.72%    passed     40.94%
4941  MN922656     6.72%    passed     37.50%
4942  LC720153     5.11%    passed     51.88%
4943  MW305500     5.11%    passed     50.36%
4944  MH218647     5.11%    passed     71.58%
4945  MH218727     5.11%    passed     67.87%
4946  MK789654     5.11%    passed     39.14%
4947  LC378984     5.30%    passed     53.05%
4948  MH218724     5.11%    passed     53.79%
4949  MH218725     5.11%    passed     50.91%
4950  MH218726     5.11%    passed     57.75%
4951  MH218728     5.11%    passed     58.69%
4952  LC378985     5.30%    passed     48.56%
4953  MT089578     5.11%    passed     34.61%
4954  MT089579     5.11%    passed     34.61%
4955  MT089580     5.11%    passed     34.61%
4956  NC_039897    5.11%    passed     37.71%
4957  KJ196292     5.11%    passed     37.71%
4958  KP064096     5.48%    passed     50.50%
4959  MN448477     5.11%    passed     59.26%
4960  LC122719     5.11%    passed     63.15%
4961  LC122718     5.11%    passed     37.09%
4962  JQ743330     5.11%    passed     61.20%
4963  MW305489     5.11%    passed     26.42%
4964  MW305509     5.11%    passed     26.42%
4965  MW305510     5.11%    passed     26.70%
4966  MW305490     5.11%    passed     26.70%
4967  KJ194510     5.11%    passed     61.04%
4968  OR792775     5.24%    passed     77.52%
4969  OR084254     5.24%    passed     75.41%
4970  OR084255     5.24%    passed     75.41%
4971  MN922721     6.84%    passed     80.13%
4972  MN922738     6.84%    passed     80.13%
4973  MN494945     5.24%    passed     82.56%
4974  MZ021612     5.24%    passed     84.41%
4975  MZ021627     5.24%    passed     84.71%
4976  MN495010     5.24%    passed     80.16%
4977  MN495016     5.24%    passed     80.16%
4978  MZ021631     5.24%    passed     82.56%
4979  MZ021614     5.24%    passed     77.52%
4980  MN494998     5.24%    passed     73.06%
4981  MN495006     5.24%    passed     70.48%
4982  MZ021603     5.24%    passed     84.41%
4983  MZ021626     5.24%    passed     84.89%
4984  MZ021610     5.24%    passed     92.13%
4985  MT008455     5.24%    passed     70.25%
4986  MN922682     6.84%    passed     55.54%
4987  MN922683     6.84%    passed     51.93%
4988  MN922709     6.84%    passed     79.94%
4989  MN922713     6.84%    passed     79.52%
4990  MN922714     6.84%    passed     82.56%
4991  MZ462929     5.24%    passed     69.99%
4992  MZ462932     5.24%    passed     69.99%
4993  MZ462930     5.24%    passed     74.85%
4994  MZ462931     5.24%    passed     74.85%
4995  MT451991     5.24%    passed     81.09%
4996  MT526277     5.24%    passed     81.09%
4997  MT526276     5.24%    passed     81.09%
4998  MH218721     5.11%    passed     80.24%
4999  MH218723     5.11%    passed     85.56%
5000  MZ021636     5.24%    passed     91.89%
5001  MZ021640     5.24%    passed     70.50%
5002  MZ021641     5.24%    passed     89.62%
5003  MZ021615     5.24%    passed     88.39%
5004  OP162334     5.24%    passed     82.38%
5005  MK073887     5.24%    passed     69.99%
5006  MK073892     5.24%    passed     73.40%
5007  MK073893     5.24%    passed     73.40%
5008  MW445537     5.24%    passed     71.45%
5009  MT372466     5.24%    passed     87.58%
5010  MT372467     5.24%    passed     92.13%
5011  MW305491     5.24%    passed     74.03%
5012  JN699050     5.24%    passed     74.03%
5013  MW305492     5.24%    passed     90.73%
5014  JN699049     5.24%    passed     90.73%
5015  MW305493     5.24%    passed     92.26%
5016  JN699048     5.24%    passed     92.26%
5017  MW558948     5.42%    passed     12.47%
5018  MN494916     5.42%    passed     11.54%
5019  MN494918     5.42%    passed     13.14%
5020  MN494917     5.42%    passed     16.73%
5021  LC720155     5.42%    passed     13.58%
5022  MN494919     5.42%    passed     13.45%
5023  MN494929     5.42%    passed     18.54%
5024  MN494963     5.42%    passed     18.84%
5025  MZ021600     5.42%    passed     13.71%
5026  MZ021601     5.42%    passed     15.14%
5027  MN494965     5.42%    passed     13.90%
5028  MN494964     5.42%    passed     12.35%
5029  MN494936     5.42%    passed     12.12%
5030  MZ021905     5.42%    passed     16.50%
5031  MN494935     5.42%    passed     15.04%
5032  MN494939     5.42%    passed     15.04%
5033  MZ021602     5.42%    passed     11.56%
5034  MN494970     5.42%    passed     10.16%
5035  MN494966     5.42%    passed     15.28%
5036  MN494978     5.42%    passed     15.71%
5037  MN494974     5.42%    passed     17.81%
5038  MN494969     5.42%    passed     15.91%
5039  LC122715     5.42%    passed     22.79%
5040  LC122717     5.42%    passed     22.79%
5041  MZ021618     5.42%    passed     25.76%
5042  MZ021909     5.42%    passed     24.89%
5043  MN494984     5.42%    passed     25.22%
5044  MN495004     5.42%    passed     25.22%
5045  MN494971     5.42%    passed     24.44%
5046  MN494973     5.42%    passed     24.44%
5047  MN494938     5.42%    passed     26.93%
5048  MN494992     5.42%    passed     30.42%
5049  MT372468     5.42%    passed     24.89%
5050  MT372463     5.42%    failed      4.75%
5051  MT372470     5.42%    failed      4.97%
5052  MN494955     5.42%    passed      9.44%
5053  MN494956     5.42%    passed     10.57%
5054  LC122714     5.42%    passed     11.46%
5055  GQ856470     5.42%    passed     30.57%
5056  JN183164     6.78%    passed     17.92%
5057  JN603244     5.42%    passed     20.28%
5058  MW305494     5.42%    passed     18.56%
5059  MW305495     5.42%    passed     18.56%
5060  KM289169    10.04%    failed      0.97%
5061  PX720643     5.18%    passed      7.56%
5062  MN494922     5.11%    passed     12.27%
5063  KT781411     5.11%    passed     10.74%
5064  MN494928     5.11%    passed     11.76%
5065  MT008457     5.11%    passed      8.15%
5066  GQ856473     5.11%    passed     12.74%
5067  MN494953     5.11%    passed      9.70%
5068  OR648469     5.11%    passed     15.09%
5069  MW305507     5.11%    failed      2.97%
5070  PX986539     6.04%    failed      0.96%
5071  PX986540     6.04%    failed      0.96%
5072  PX986541     6.04%    failed      0.96%
5073  PX986542     6.04%    failed      0.96%
5074  PX986543     6.04%    failed      0.96%
5075  PX986544     6.04%    failed      0.96%
5076  PX986545     6.04%    failed      0.96%
5077  PX986546     6.04%    failed      0.96%
5078  PX986547     6.04%    failed      0.96%
5079  PX986549     6.04%    failed      0.96%
5080  PX986550     6.04%    failed      0.96%
5081  PX986551     6.04%    failed      0.96%
5082  PX986552     6.04%    failed      0.96%
5083  PX986554     6.04%    failed      0.96%
5084  PX986555     6.04%    failed      0.96%
5085  PX986556     6.04%    failed      0.96%
5086  PX986557     6.04%    failed      0.96%
5087  PX986559     6.04%    failed      0.96%
5088  PX986548     6.04%    failed      1.18%
5089  PX986553     6.04%    failed      0.93%
5090  PX986558     6.04%    failed      0.99%
5091  ON033826     5.85%    passed      7.45%
5092  MW305506     5.85%    failed      1.79%
5093  LC122713     5.85%    failed      3.90%
5094  PX986560     5.30%    passed     38.73%
5095  PX986561     5.30%    passed     38.85%
5096  PP564824     5.11%    passed     47.79%
5097  PP584624     5.11%    passed     40.13%
5098  PQ582089     5.11%    passed     47.79%
5099  PP663093     5.11%    passed     29.21%
5100  PQ632216     5.11%    passed     32.40%
5101  PQ632217     5.11%    passed     32.40%
5102  MN922742     6.72%    passed     24.98%
5103  MN922741     6.72%    passed     17.45%
5104  MZ021910     5.11%    passed     29.91%
5105  MZ021646     5.11%    passed     33.35%
5106  MZ021642     5.11%    passed     26.57%
5107  MZ021660     5.11%    passed     23.71%
5108  MZ021661     5.11%    passed     25.13%
5109  MZ021651     5.11%    passed     36.24%
5110  LC769710     5.11%    passed     26.20%
5111  LC769711     5.11%    passed     28.52%
5112  MZ021649     5.11%    passed     23.38%
5113  LC769687     5.11%    passed     23.67%
5114  MZ021645     5.11%    passed     27.27%
5115  LC769690     5.11%    passed     42.16%
5116  LC848163     5.11%    passed     31.56%
5117  LC848164     5.11%    passed     34.15%
5118  OR792774     5.11%    passed     36.59%
5119  MN922675     6.72%    passed     47.36%
5120  MN922701     6.72%    passed     41.80%
5121  MN922728     6.72%    passed     38.68%
5122  MN922725     6.72%    passed     37.31%
5123  MN922730     6.72%    passed     37.31%
5124  MN922735     6.72%    passed     39.64%
5125  MN922684     6.72%    passed     42.73%
5126  MN922731     6.72%    passed     42.73%
5127  MN922685     6.72%    passed     42.73%
5128  MZ021605     5.11%    passed     49.87%
5129  MN495001     5.11%    passed     49.87%
5130  MN494983     5.11%    passed     53.23%
5131  MN494942     5.11%    passed     53.23%
5132  MN922719     6.72%    passed     45.84%
5133  MN494996     5.11%    passed     53.23%
5134  MN922737     6.72%    passed     45.84%
5135  MZ021628     5.11%    passed     45.17%
5136  MZ021637     5.11%    passed     49.87%
5137  MZ021647     5.11%    passed     50.72%
5138  MN922726     6.72%    passed     48.39%
5139  MN922733     6.72%    passed     48.39%
5140  MN922729     6.72%    passed     42.73%
5141  MN494946     5.11%    passed     46.50%
5142  MN494994     5.11%    passed     52.14%
5143  MN922720     6.72%    passed     39.64%
5144  MN922722     6.72%    passed     39.64%
5145  MN922723     6.72%    passed     41.90%
5146  MN922724     6.72%    passed     41.90%
5147  MN922727     6.72%    passed     39.64%
5148  MN922739     6.72%    passed     39.64%
5149  MN922680     6.72%    passed     40.25%
5150  MZ021604     5.11%    passed     59.02%
5151  MZ021609     5.11%    passed     59.02%
5152  MN495017     5.11%    passed     53.23%
5153  MN495007     5.11%    passed     50.66%
5154  MN922734     6.72%    passed     42.44%
5155  MN922736     6.72%    passed     40.25%
5156  MZ021633     5.11%    passed     49.87%
5157  MZ021908     5.11%    passed     46.32%
5158  MN494985     5.11%    passed     49.87%
5159  MN494982     5.11%    passed     53.23%
5160  MN922732     6.72%    passed     37.42%
5161  MZ021907     5.11%    passed     54.26%
5162  MN494988     5.11%    passed     48.65%
5163  MN495013     5.11%    passed     59.88%
5164  MN494947     5.11%    passed     45.71%
5165  MZ021632     5.11%    passed     52.14%
5166  MN495009     5.11%    passed     47.50%
5167  MN494944     5.11%    passed     49.87%
5168  MN494999     5.11%    passed     48.65%
5169  MZ021621     5.11%    passed     59.02%
5170  MZ021643     5.11%    passed     53.02%
5171  MN494972     5.11%    passed     37.85%
5172  MN494979     5.11%    passed     44.24%
5173  MZ021608     5.11%    passed     56.54%
5174  MZ021644     5.11%    passed     55.60%
5175  MZ021611     5.11%    passed     50.83%
5176  MN922740     6.72%    passed     34.53%
5177  MN922676     6.72%    passed     42.73%
5178  MN922693     6.72%    passed     42.84%
5179  MN922694     6.72%    passed     42.84%
5180  MN922679     6.72%    passed     34.45%
5181  MZ021613     5.11%    passed     49.76%
5182  MZ021619     5.11%    passed     46.50%
5183  MN494987     5.11%    passed     50.83%
5184  MN494990     5.11%    passed     59.02%
5185  MN922705     6.72%    passed     38.70%
5186  MN525232     5.11%    passed     64.14%
5187  MZ203488     5.11%    passed     41.33%
5188  JQ911594     5.11%    passed     33.22%
5189  GQ856471     5.11%    passed     26.99%
5190  GQ856472     5.11%    passed     19.67%
5191  JN699047     5.11%    passed     16.89%
5192  OR065043     5.98%    passed     41.30%
5193  MT357897     5.98%    passed     41.30%
5194  MT357898     5.98%    passed     41.30%
5195  MT357899     6.04%    passed     45.38%
5196  LC646335     5.98%    passed     49.12%
5197  OP162336     5.98%    passed     18.89%
5198  MG557651    10.41%    passed      5.26%
5199  JN183160     7.33%    passed     24.29%
5200  JN183161     7.33%    passed     26.21%
5201  OM892923     5.98%    passed     22.97%
5202  MN494975     5.98%    passed     25.87%
5203  LC122722     5.98%    passed     18.67%
5204  KX907729     5.98%    passed     22.62%
5205  LC122723     5.98%    passed     19.57%
5206  LC646334     5.98%    passed     19.73%
5207  MT008459     5.98%    passed     23.08%
5208  LC122720     5.98%    passed     22.30%
5209  LC122721     5.98%    passed     20.66%
5210  AB758449     5.98%    passed     20.66%
5211  JN005886     5.98%    passed     41.48%
5212  MZ215727     6.04%    passed     46.94%
5213  JN899243     6.04%    passed     39.09%
5214  MG557649    18.73%    passed     66.76%
5215  MW305486     6.04%    passed     34.26%
5216  KU311161     6.04%    passed     27.03%
5217  MN494949     5.73%    passed     26.19%
5218  MK762573     5.79%    failed      0.00%
5219  KC473548     5.79%    failed      0.01%
5220  GU299761     5.79%    failed      0.01%
5221  GQ856462     5.79%    failed      0.01%
5222  AB684698     5.42%    failed      0.37%
5223  MH702262     4.81%    passed      9.54%
5224  GU296356     6.04%    failed      4.60%
5225  JN183159     5.98%    failed      4.15%
5226  HQ637267     4.68%    passed     13.79%
5227  AB684671     4.68%    failed      0.49%
5228  PX458189     7.27%    failed      0.13%
5229  PX458204     7.27%    failed      0.13%
5230  PX458209     7.27%    failed      0.13%
5231  PX458264     7.27%    failed      0.13%
5232  PX458203     7.27%    failed      0.13%
5233  PX458251     7.27%    failed      0.13%
5234  PX458196     7.27%    failed      0.13%
5235  PX458206     7.27%    failed      0.13%
5236  PX458242     7.27%    failed      0.13%
5237  PX458252     7.27%    failed      0.13%
5238  PX458210     7.27%    failed      0.13%
5239  PX458194     7.27%    failed      0.13%
5240  PX458237     7.27%    failed      0.13%
5241  PX458269     7.27%    failed      0.13%
5242  PX458277     7.27%    failed      0.13%
5243  PX458247     7.27%    failed      0.13%
5244  PX458268     7.27%    failed      0.13%
5245  PX458191     7.27%    failed      0.13%
5246  PX458243     7.27%    failed      0.13%
5247  PV242313     7.27%    failed      0.13%
5248  PV277014     7.27%    failed      0.13%
5249  PX458214     7.27%    failed      0.13%
5250  PX458232     7.27%    failed      0.13%
5251  PX458219     7.27%    failed      0.13%
5252  PX458212     7.27%    failed      0.13%
5253  PX458270     7.27%    failed      0.13%
5254  PX458198     7.27%    failed      0.13%
5255  PX458221     7.27%    failed      0.13%
5256  PX458266     7.27%    failed      0.13%
5257  PX458265     7.27%    failed      0.13%
5258  PX458220     7.27%    failed      0.13%
5259  PV242302     7.27%    failed      0.13%
5260  PV242316     7.27%    failed      0.13%
5261  PV242318     7.27%    failed      0.13%
5262  PX458205     7.27%    failed      0.13%
5263  PX458216     7.27%    failed      0.13%
5264  PX458225     7.27%    failed      0.13%
5265  PX458228     7.27%    failed      0.13%
5266  PV242315     7.27%    failed      0.13%
5267  PX458248     7.27%    failed      0.13%
5268  PX458250     7.27%    failed      0.13%
5269  PV242306     7.27%    failed      0.13%
5270  PX458279     7.27%    failed      0.13%
5271  PX458211     7.27%    failed      0.13%
5272  PX458231     7.27%    failed      0.13%
5273  PX458213     7.27%    failed      0.13%
5274  PV242300     7.27%    failed      0.13%
5275  PX458263     7.27%    failed      0.13%
5276  PV242303     7.27%    failed      0.13%
5277  PX458192     7.27%    failed      0.13%
5278  PX458223     7.27%    failed      0.13%
5279  PX458280     7.27%    failed      0.13%
5280  PX458195     7.27%    failed      0.13%
5281  PX458245     7.27%    failed      0.13%
5282  PV242309     7.27%    failed      0.13%
5283  PV289253     8.01%    failed      0.13%
5284  PX458260     7.27%    failed      0.13%
5285  PV242301     7.27%    failed      0.13%
5286  PX458190     7.27%    failed      0.13%
5287  PX458193     7.27%    failed      0.13%
5288  PX458246     7.27%    failed      0.13%
5289  PX458207     7.27%    failed      0.13%
5290  PX458227     7.27%    failed      0.13%
5291  PX458241     7.27%    failed      0.13%
5292  PX458229     7.27%    failed      0.13%
5293  PX458215     7.27%    failed      0.13%
5294  PX458240     7.27%    failed      0.13%
5295  KF429770     7.27%    failed      0.13%
5296  KF429773     7.27%    failed      0.13%
5297  KF429761     7.27%    failed      0.13%
5298  KF429774     7.27%    failed      0.13%
5299  KF429789     7.27%    failed      0.13%
5300  KF429783     7.27%    failed      0.13%
5301  JX023285     7.27%    failed      0.13%
5302  KF429765     7.27%    failed      0.13%
5303  KT943503     7.27%    failed      0.13%
5304  PV277015    10.23%    failed      0.29%
5305  PX458200     7.27%    failed      0.15%
5306  PX458201     7.27%    failed      0.12%
5307  PX458199     7.27%    failed      0.12%
5308  PV242299    10.60%    failed      0.05%
5309  PX458273     7.27%    failed      0.13%
5310  PX458274     7.27%    failed      0.13%
5311  PX458275     7.27%    failed      0.13%
5312  PV242304     7.27%    failed      0.13%
5313  PX458271     7.27%    failed      0.13%
5314  PX458272     7.27%    failed      0.13%
5315  LC122688     7.27%    failed      0.04%
5316  KT732279     7.27%    failed      0.19%
5317  LC122689     7.27%    failed      0.29%
5318  MZ021607     7.46%    failed      0.70%
5319  MK956174     7.27%    failed      0.52%
5320  MK956173     7.27%    failed      0.65%
5321  MZ021616     7.46%    failed      0.64%
5322  MZ021634     7.46%    failed      0.56%
5323  MH638228     7.27%    failed      0.58%
5324  MH638229     7.27%    failed      0.58%
5325  MZ021650     7.46%    failed      0.73%
5326  MZ220330     7.27%    failed      0.30%
5327  MZ220331     7.27%    failed      0.30%
5328  MT357991     7.27%    failed      0.51%
5329  MT357992     7.27%    failed      0.58%
5330  MT357993     7.27%    failed      0.58%
5331  PX720642     5.05%    passed     18.08%
5332  MZ021901     4.99%    passed     13.75%
5333  MN494920     4.99%    passed     19.39%
5334  MZ021902     4.99%    passed     19.39%
5335  MN494924     4.99%    passed     20.69%
5336  MN494961     4.99%    passed     15.91%
5337  MZ021638     4.99%    passed     22.79%
5338  MZ021639     4.99%    passed     21.67%
5339  MZ021903     4.99%    passed     24.69%
5340  MZ021904     4.99%    passed     17.79%
5341  MN494930     4.99%    passed     22.71%
5342  MN494927     4.99%    passed     23.73%
5343  LC122690     4.99%    passed     21.90%
5344  MN494980     4.99%    passed     22.03%
5345  MN494923     4.99%    passed     19.18%
5346  KU954111     4.99%    passed     19.46%
5347  MZ021629     4.99%    passed     23.21%
5348  MZ021906     4.99%    passed     23.21%
5349  MN494943     4.99%    passed     22.10%
5350  MN495015     4.99%    passed     19.36%
5351  MN494995     4.99%    passed     25.86%
5352  MN495012     4.99%    passed     24.55%
5353  PX720644    10.60%    passed     33.86%
5354  MZ021623     4.99%    passed     16.98%
5355  PX986526     5.18%    passed     22.61%
5356  PX986527     5.18%    passed     23.62%
5357  PX986528     5.18%    passed     25.23%
5358  PX986529     5.18%    passed     25.23%
5359  PX986530     5.18%    passed     25.23%
5360  PX986531     5.18%    passed     25.23%
5361  PX986532     5.18%    passed     21.62%
5362  PX986533     5.18%    passed     21.62%
5363  PX986534     5.18%    passed     21.62%
5364  PX986535     5.18%    passed     21.62%
5365  PX986536     5.18%    passed     21.62%
5366  PX986537     5.18%    passed     21.62%
5367  PX986538     5.18%    passed     21.62%
5368  JQ743332     4.99%    passed     15.26%
5369  PZ251443     5.36%    failed      0.00%
5370  MZ021635     5.36%    failed      0.04%
5371  MZ229330     5.18%    failed      0.01%
5372  MZ229462     5.18%    failed      0.01%
5373  JN183162     6.59%    failed      0.01%
5374  JN183163     6.59%    failed      0.01%
5375  JN603245     6.59%    failed      0.01%
5376  GQ413970     5.18%    failed      0.01%
5377  MW305499     5.18%    failed      0.02%
5378  MK956177     5.18%    failed      0.03%
5379  MN416765     5.18%    failed      0.02%
5380  PV640830     5.18%    failed      0.19%
5381  MW305504     5.18%    failed      0.05%
5382  LC122705     5.18%    failed      0.05%
5383  LC122704     5.18%    failed      0.04%
5384  LC122703     5.18%    failed      0.05%
5385  KT732281     5.18%    failed      0.06%
5386  KM036381     5.18%    failed      0.11%
5387  MT750326     5.18%    failed      0.02%
5388  MT756627     5.18%    failed      0.02%
5389  MT756561     5.18%    failed      0.02%
5390  LC122708     5.18%    failed      0.03%
5391  LC122710     5.18%    failed      0.02%
5392  LC122709     5.48%    failed      0.02%
5393  LC122707     5.18%    failed      0.03%
5394  MT756629     5.18%    failed      0.09%
5395  MT874469     5.18%    failed      0.09%
5396  GQ856475     5.18%    failed      0.05%
5397  MG049693     5.18%    failed      0.06%
5398  LC122706     5.18%    failed      0.05%
5399  LC122712     5.18%    failed      0.09%
5400  MN938460     5.18%    failed      0.05%
5401  MN938461     5.18%    failed      0.05%
5402  OP669384     4.99%    passed     13.86%
5403  MZ021655     5.18%    passed     13.15%
5404  OP162341     4.99%    passed     14.51%
5405  MZ021630     5.18%    passed     14.74%
5406  MN494986     5.18%    passed     12.68%
5407  OR648672     4.99%    passed     16.63%
5408  OL345567     4.99%    passed     10.96%
5409  MN494921     5.18%    passed     14.05%
5410  KT732277     4.99%    passed     12.56%
5411  KT732278     4.99%    passed     12.56%
5412  MN494960     5.18%    passed     13.52%
5413  MN494940     5.18%    passed     14.67%
5414  MN494981     5.18%    passed     15.01%
5415  KP027329     5.18%    passed     14.03%
5416  JN699046     5.18%    passed      5.43%
5417  MW305487     4.99%    failed      3.71%
5418  KJ402295     4.99%    passed      5.76%
5419  MZ021606     5.05%    failed      0.19%
5420  MZ021617     5.05%    failed      0.25%
5421  MN494941     5.05%    failed      0.25%
5422  MN495014     5.05%    failed      0.25%
5423  MN494976     5.05%    failed      0.22%
5424  MZ021652     5.05%    failed      0.13%
5425  MZ021659     5.05%    failed      0.11%
5426  MN495000     5.05%    failed      0.12%
5427  MN494977     5.05%    failed      0.11%
5428  MN494991     5.05%    failed      0.13%
5429  MN494997     5.05%    failed      0.13%
5430  MN495003     5.05%    failed      0.10%
5431  MZ021622     5.05%    failed      0.07%
5432  MN494948     5.05%    failed      0.22%
5433  MN494950     5.05%    failed      0.16%
5434  MN494952     5.05%    failed      0.25%
5435  MN494954     5.05%    failed      0.22%
5436  MN494951     5.05%    failed      0.25%
5437  MN494958     5.05%    failed      0.19%
5438  MN494957     5.05%    failed      0.22%
5439  MT008458     4.87%    failed      0.10%
5440  MT008460     4.87%    failed      0.07%
5441  MN494993     5.05%    failed      0.22%
5442  MN495011     5.05%    failed      0.60%
5443  MN494967     5.05%    failed      0.01%
5444  LC331067     5.05%    failed      0.01%
5445  LC101825     5.42%    failed      0.03%
5446  PX720650    10.41%    passed      5.98%
5447  PX720651     5.79%    failed      4.83%
5448  KY210910     5.73%    passed      6.10%
5449  PX720656     5.79%    failed      4.58%
5450  PX720657     5.79%    failed      4.58%
5451  PX720652     5.79%    passed      5.77%
5452  PX720655     5.79%    passed      5.90%
5453  OR267350     5.73%    failed      4.00%
5454  MN494989     5.73%    failed      4.37%
5455  LC726060     5.73%    failed      4.19%
5456  LC726062     5.73%    failed      4.19%
5457  MZ021657     5.73%    failed      4.66%
5458  LC646339     5.73%    failed      2.85%
5459  OP162340     5.73%    passed      5.86%
5460  MK236609     5.73%    failed      4.37%
5461  MK236611     5.73%    failed      4.37%
5462  OR268635     5.73%    passed      5.93%
5463  OR268636     5.73%    passed      5.93%
5464  MT357996     5.73%    passed      6.38%
5465  KY653723     5.73%    passed      5.73%
5466  PX720653     5.79%    failed      4.03%
5467  PX720654     5.79%    failed      4.03%
5468  PQ583776     5.73%    failed      3.51%
5469  OR267446     5.73%    failed      3.48%
5470  OP162339     5.73%    passed      6.27%
5471  MT357995     5.73%    passed      5.20%
5472  PX986562     5.91%    passed      6.48%
5473  PX986563     5.91%    passed      6.48%
5474  MT372477     5.73%    failed      4.11%
5475  MK789656     5.73%    failed      4.31%
5476  KY210909     5.73%    failed      4.50%
5477  KY210911     5.73%    failed      4.50%
5478  LC122697     5.73%    failed      3.34%
5479  MT754179     5.73%    failed      3.90%
5480  OR267447     5.73%    failed      4.41%
5481  MZ227264     5.73%    failed      3.03%
5482  MZ227265     5.73%    failed      3.03%
5483  PQ249007     5.73%    failed      4.89%
5484  KC998959     5.73%    failed      1.85%
5485  PQ583777     5.73%    failed      2.27%
5486  PQ583778     5.73%    failed      2.59%
5487  PQ583779     5.73%    failed      2.11%
5488  JN222366     8.93%    failed      2.18%
5489  JQ388274     5.73%    failed      1.32%
5490  LC122691     5.73%    passed      5.68%
5491  LC122692     5.73%    passed      6.18%
5492  LC122693     5.73%    passed      6.24%
5493  GQ856464     5.73%    passed      5.63%
5494  KM036372     5.73%    failed      4.47%
5495  GQ856463     5.73%    failed      4.35%
5496  LC122694     5.73%    passed      7.13%
5497  LC122696     5.73%    passed      7.26%
5498  LC122695     5.73%    passed      6.61%
5499  KP407451     5.73%    passed      5.15%
5500  KC473547     6.10%    passed      5.34%
5501  JN699045     5.73%    failed      0.73%
5502  PQ585620     5.73%    failed      0.41%
5503  MZ021654     5.73%    failed      0.68%
5504  MZ021911     5.73%    failed      0.55%
5505  MN494925     5.73%    failed      0.28%
5506  MN494931     5.73%    failed      0.24%
5507  MN494932     5.73%    failed      0.32%
5508  MN494934     5.73%    failed      0.22%
5509  MN494926     5.73%    failed      0.27%
5510  MN494968     5.73%    failed      0.28%
5511  MN494933     5.73%    failed      0.34%
5512  MN494962     5.73%    failed      0.52%
5513  MN494959     5.73%    failed      0.37%
5514  LC122701     5.73%    failed      0.49%
5515  LC122702     5.73%    failed      0.15%
5516  MN494937     5.73%    failed      0.60%
5517  LC101822     5.73%    failed      0.51%
5518  KP987888     6.35%    failed      0.00%
5519  OP930878     8.38%    failed      0.00%
5520  KJ790198     5.79%    failed      0.00%
5521  MF373609     7.15%    failed      0.00%
5522  PP550060     7.89%    failed      0.00%
5523  PP550063     7.89%    failed      0.00%
5524  PP550065     7.89%    failed      0.00%
5525  PP550070     7.89%    failed      0.00%
5526  PP550083     7.89%    failed      0.00%
5527  PP550067     7.89%    failed      0.00%
5528  PP550086     7.89%    failed      0.00%
5529  PP550085     7.89%    failed      0.00%
5530  PP550073     7.89%    failed      0.00%
5531  PP550090     7.89%    failed      0.00%
5532  PP550084     7.89%    failed      0.00%
5533  AB435514     7.89%    failed      0.00%
5534  AB435515     7.89%    failed      0.00%
5535  EU004673     7.89%    failed      0.00%
5536  MF326938     7.89%    failed      0.00%
5537  FJ446720     7.89%    failed      0.00%
5538  KR349276     7.89%    failed      0.00%
5539  KF113526     8.07%    failed      0.00%
5540  KF113527     8.07%    failed      0.00%
5541  EU004683     8.07%    failed      0.00%
5542  EU004678     7.89%    failed      0.00%
5543  EU004679     7.89%    failed      0.00%
5544  EU004680     7.89%    failed      0.00%
5545  MT358379     7.89%    failed      0.00%
5546  KX987840     7.89%    failed      0.00%
5547  EU004674     7.89%    failed      0.00%
5548  KY009908     7.89%    failed      0.00%
5549  JF320652     7.89%    failed      0.00%
5550  JF320644     7.89%    failed      0.00%
5551  JF320646     7.89%    failed      0.00%
5552  JF320645     7.89%    failed      0.00%
5553  JF320650     7.89%    failed      0.00%
5554  JF320651     7.89%    failed      0.00%
5555  JF320647     7.89%    failed      0.00%
5556  JF320648     7.89%    failed      0.00%
5557  JF320649     7.89%    failed      0.00%
5558  EU004654     7.89%    failed      0.00%
5559  EU004655     7.89%    failed      0.00%
5560  EU004656     7.89%    failed      0.00%
5561  EU004657     7.89%    failed      0.00%
5562  EU004660     7.89%    failed      0.00%
5563  EU004658     7.89%    failed      0.00%
5564  EU004661     7.89%    failed      0.00%
5565  EU004662     7.89%    failed      0.00%
5566  EU004659     7.89%    failed      0.00%
5567  EU004681     7.89%    failed      0.00%
5568  EU004682     7.89%    failed      0.00%
5569  EU004672     7.89%    failed      0.00%
5570  EU004675     7.89%    failed      0.00%
5571  EU004677     7.89%    failed      0.00%
5572  EU004663     7.89%    failed      0.00%
5573  EU004665     7.89%    failed      0.00%
5574  EU004667     7.89%    failed      0.00%
5575  EU004666     7.89%    failed      0.00%
5576  EU004669     7.89%    failed      0.00%
5577  EU004668     7.89%    failed      0.00%
5578  EU004670     7.89%    failed      0.00%
5579  EU004664     7.89%    failed      0.00%
5580  EU004671     7.95%    failed      0.00%
5581  EU004676     7.89%    failed      0.00%
5582  EU854589     7.89%    failed      0.00%
5583  MW018367     7.89%    failed      0.00%
5584  JX048594     7.89%    failed      0.00%
5585  JF320653     7.89%    failed      0.00%
5586  FJ446719     7.89%    failed      0.00%
5587  JN975491     8.01%    failed      0.00%
5588  JN975492     7.95%    failed      0.00%
5589  JQ408737     7.70%    failed      0.00%
5590  JQ408738     7.70%    failed      0.00%
5591  MW174170     8.32%    failed      0.00%
5592  PQ678005    10.23%    failed      0.00%
5593  PV605297    10.10%    failed      0.00%
5594  KX189070    45.16%    failed      0.00%
5595  KX189071    45.16%    failed      0.00%
5596  FJ946859    44.12%    failed      0.00%
5597  EU794905    44.12%    failed      0.00%
5598  EU794906    44.12%    failed      0.00%
5599  NC_075724    0.06%    passed     29.54%
****  TOTAL        2.48%  416 sequences failed composition chi2 test (p-value<5%; df=3)
NOTE: MH218684 is identical to NC_039477 but kept for subsequent analysis
NOTE: KX907727 is identical to KY947550 but kept for subsequent analysis
NOTE: PX733090 is identical to PX733076 but kept for subsequent analysis
NOTE: KX354142 is identical to MK754442 but kept for subsequent analysis
NOTE: KY887603 is identical to KY887602 but kept for subsequent analysis
NOTE: MT537605 is identical to MT238667 but kept for subsequent analysis
NOTE: PQ195937 is identical to PQ195936 but kept for subsequent analysis
NOTE: MH260497 is identical to MH260485 but kept for subsequent analysis
NOTE: MH260491 is identical to MH260498 but kept for subsequent analysis
NOTE: MW661280 is identical to MW661279 but kept for subsequent analysis
NOTE: OR794207 is identical to OR794161 but kept for subsequent analysis
NOTE: PQ195928 is identical to PQ195927 but kept for subsequent analysis
NOTE: OL336364 is identical to OL336352 but kept for subsequent analysis
NOTE: OL336354 is identical to OL336353 but kept for subsequent analysis
NOTE: OQ940076 is identical to OQ940075 but kept for subsequent analysis
NOTE: OQ940078 is identical to OP037976 but kept for subsequent analysis
NOTE: PX988161 is identical to PX988160 but kept for subsequent analysis
NOTE: PP549879 is identical to PP549876 but kept for subsequent analysis
NOTE: PX988164 is identical to PX988163 but kept for subsequent analysis
NOTE: PX458512 is identical to PX458503 but kept for subsequent analysis
NOTE: PX458515 is identical to PX458500 but kept for subsequent analysis
NOTE: PQ195889 is identical to PQ195887 but kept for subsequent analysis
NOTE: PQ195900 is identical to PQ195899 but kept for subsequent analysis
NOTE: PQ218567 is identical to PQ218566 but kept for subsequent analysis
NOTE: PQ195911 is identical to PQ195910 but kept for subsequent analysis
NOTE: PQ196562 is identical to PQ196561 but kept for subsequent analysis
NOTE: PQ215546 is identical to PQ215543 but kept for subsequent analysis
NOTE: OR700746 is identical to PQ196514 but kept for subsequent analysis
NOTE: PQ195933 is identical to PQ195930 but kept for subsequent analysis
NOTE: PQ195924 is identical to PQ195923 but kept for subsequent analysis
NOTE: MK752934 is identical to MK752933 but kept for subsequent analysis
NOTE: PQ195893 is identical to PQ195891 but kept for subsequent analysis
NOTE: OM372682 is identical to OM372477 but kept for subsequent analysis
NOTE: OR844380 is identical to OR844379 but kept for subsequent analysis
NOTE: LC744881 is identical to LC744880 but kept for subsequent analysis
NOTE: KY407144 is identical to KY407143 but kept for subsequent analysis
NOTE: KY679163 is identical to KY679162 but kept for subsequent analysis
NOTE: OR084264 is identical to OR084263 but kept for subsequent analysis
NOTE: OM372672 is identical to OM372480 but kept for subsequent analysis
NOTE: OM373643 is identical to OM373624 but kept for subsequent analysis
NOTE: LC645998 is identical to LC798258 but kept for subsequent analysis
NOTE: MT158859 is identical to MT158858 but kept for subsequent analysis
NOTE: OQ451919 is identical to OQ451917 but kept for subsequent analysis
NOTE: OQ451910 is identical to OQ451906 but kept for subsequent analysis
NOTE: OQ451921 is identical to OQ451908 but kept for subsequent analysis
NOTE: OQ451914 is identical to OQ451909 but kept for subsequent analysis
NOTE: OQ451912 is identical to OQ451911 but kept for subsequent analysis
NOTE: OQ451924 is identical to OQ451913 but kept for subsequent analysis
NOTE: PQ740340 is identical to PQ740339 but kept for subsequent analysis
NOTE: LC699540 is identical to LC726075 but kept for subsequent analysis
NOTE: KJ533133 is identical to KM258129 but kept for subsequent analysis
NOTE: PX733004 is identical to PX732975 but kept for subsequent analysis
NOTE: KJ196281 is identical to KJ196279 but kept for subsequent analysis
NOTE: LC122823 is identical to LC122803 but kept for subsequent analysis
NOTE: KF177436 is identical to KF177434 but kept for subsequent analysis
NOTE: PV282525 is identical to PV282507 but kept for subsequent analysis
NOTE: KY407061 is identical to KY407060 but kept for subsequent analysis
NOTE: MZ546178 is identical to MZ546177 but kept for subsequent analysis
NOTE: OP727610 is identical to OP727609 but kept for subsequent analysis
NOTE: LC848170 is identical to LC848168 but kept for subsequent analysis
NOTE: OP727613 is identical to OP727612 but kept for subsequent analysis
NOTE: LC421227 is identical to LC390332 but kept for subsequent analysis
NOTE: LC122830 is identical to LC122829 but kept for subsequent analysis
NOTE: MK762623 is identical to OL898516 but kept for subsequent analysis
NOTE: MH218611 is identical to MH218610 but kept for subsequent analysis
NOTE: PQ207917 is identical to PQ207916 but kept for subsequent analysis
NOTE: MN308022 is identical to MN308008 but kept for subsequent analysis
NOTE: PQ218468 is identical to PQ218467 but kept for subsequent analysis
NOTE: MT362913 is identical to MT362912 but kept for subsequent analysis
NOTE: PQ208326 is identical to PQ208324 but kept for subsequent analysis
NOTE: PQ195886 is identical to PQ195885 but kept for subsequent analysis
NOTE: PQ195947 is identical to PQ195946 but kept for subsequent analysis
NOTE: PQ207946 is identical to PQ207921 but kept for subsequent analysis
NOTE: OP412386 is identical to OP412385 but kept for subsequent analysis
NOTE: PQ195915 is identical to PQ195914 but kept for subsequent analysis
NOTE: MW284782 is identical to MW284781 but kept for subsequent analysis
NOTE: OP727608 is identical to OP727606 but kept for subsequent analysis
NOTE: MH218703 is identical to MH218698 but kept for subsequent analysis
NOTE: MT028542 is identical to PQ213434 but kept for subsequent analysis
NOTE: KF060075 is identical to KF060068 but kept for subsequent analysis
NOTE: KX353983 is identical to KX353982 but kept for subsequent analysis
NOTE: KC175383 is identical to KM198488 but kept for subsequent analysis
NOTE: KX354054 is identical to KX354051 but kept for subsequent analysis
NOTE: PQ207932 is identical to PQ207931 but kept for subsequent analysis
NOTE: OR262327 is identical to OR262326 but kept for subsequent analysis
NOTE: MW581010 is identical to MW581009 but kept for subsequent analysis
NOTE: MW581012 is identical to MW581011 but kept for subsequent analysis
NOTE: HM802528 is identical to HM802525 but kept for subsequent analysis
NOTE: JX459618 is identical to JX459617 but kept for subsequent analysis
NOTE: JN400626 is identical to JN400616 but kept for subsequent analysis
NOTE: JX644029 is identical to JX644025 but kept for subsequent analysis
NOTE: GQ845329 is identical to JQ613513 but kept for subsequent analysis
NOTE: KX354077 is identical to KX354076 but kept for subsequent analysis
NOTE: EU916959 is identical to EU916957 but kept for subsequent analysis
NOTE: KC792278 is identical to KM245069 but kept for subsequent analysis
NOTE: KJ407076 is identical to KC013592 but kept for subsequent analysis
NOTE: LC016601 is identical to LC016599 but kept for subsequent analysis
NOTE: LC122769 is identical to LC122768 but kept for subsequent analysis
NOTE: HM802549 is identical to HM802548 but kept for subsequent analysis
NOTE: KY424333 is identical to KY424332 but kept for subsequent analysis
NOTE: KY424340 is identical to KY424339 but kept for subsequent analysis
NOTE: JX401279 is identical to MW305696 but kept for subsequent analysis
NOTE: FJ537134 is identical to JX023286 but kept for subsequent analysis
NOTE: FJ537135 is identical to MW305729 but kept for subsequent analysis
NOTE: KF806516 is identical to KF806506 but kept for subsequent analysis
NOTE: MW305545 is identical to MW305539 but kept for subsequent analysis
NOTE: PQ207945 is identical to PQ207944 but kept for subsequent analysis
NOTE: PV232418 is identical to PV232417 but kept for subsequent analysis
NOTE: OL824949 is identical to OK376714 but kept for subsequent analysis
NOTE: JX401280 is identical to KC576915 but kept for subsequent analysis
NOTE: JX401281 is identical to MW305583 but kept for subsequent analysis
NOTE: PZ240516 is identical to PZ240515 but kept for subsequent analysis
NOTE: PQ740376 is identical to PQ740375 but kept for subsequent analysis
NOTE: MK517754 is identical to MK517753 but kept for subsequent analysis
NOTE: PQ273193 is identical to PQ273192 but kept for subsequent analysis
NOTE: MG746014 is identical to MG746013 but kept for subsequent analysis
NOTE: KY485116 is identical to KY485115 but kept for subsequent analysis
NOTE: MH068796 is identical to MH068791 but kept for subsequent analysis
NOTE: MW661277 is identical to MW661273 but kept for subsequent analysis
NOTE: MT362915 is identical to MT362914 but kept for subsequent analysis
NOTE: OR793099 is identical to OR793093 but kept for subsequent analysis
NOTE: MG763360 is identical to MG763359 but kept for subsequent analysis
NOTE: PQ273195 is identical to PQ273188 but kept for subsequent analysis
NOTE: LC798021 is identical to LC790062 but kept for subsequent analysis
NOTE: LC798043 is identical to LC798016 but kept for subsequent analysis
NOTE: OK376255 is identical to OK376253 but kept for subsequent analysis
NOTE: MK517772 is identical to MK517770 but kept for subsequent analysis
NOTE: OP205543 is identical to OP205542 but kept for subsequent analysis
NOTE: PX988180 is identical to PX988179 but kept for subsequent analysis
NOTE: MK517762 is identical to MK517761 but kept for subsequent analysis
NOTE: MH634381 is identical to MH634380 but kept for subsequent analysis
NOTE: KY421144 is identical to MG746028 but kept for subsequent analysis
NOTE: LC279239 is identical to LC279235 but kept for subsequent analysis
NOTE: MH068820 is identical to MH068819 but kept for subsequent analysis
NOTE: MK614157 is identical to MK614140 but kept for subsequent analysis
NOTE: MG763370 is identical to MG763369 but kept for subsequent analysis
NOTE: MK614148 is identical to MG746058 but kept for subsequent analysis
NOTE: MG745987 is identical to MG745986 but kept for subsequent analysis
NOTE: MK764040 is identical to MK764039 but kept for subsequent analysis
NOTE: LC209474 is identical to LC122851 but kept for subsequent analysis
NOTE: LC122852 is identical to LC209473 but kept for subsequent analysis
NOTE: LC209464 is identical to LC122853 but kept for subsequent analysis
NOTE: LC209469 is identical to LC122854 but kept for subsequent analysis
NOTE: LC209462 is identical to LC122855 but kept for subsequent analysis
NOTE: LC209463 is identical to LC122856 but kept for subsequent analysis
NOTE: MH218736 is identical to MH218735 but kept for subsequent analysis
NOTE: MW305641 is identical to MW305640 but kept for subsequent analysis
NOTE: MW661249 is identical to MW661246 but kept for subsequent analysis
NOTE: LC209481 is identical to LC122839 but kept for subsequent analysis
NOTE: LC209480 is identical to LC122840 but kept for subsequent analysis
NOTE: LC209479 is identical to LC122834 but kept for subsequent analysis
NOTE: LC209447 is identical to LC122835 but kept for subsequent analysis
NOTE: LC209452 is identical to LC122836 but kept for subsequent analysis
NOTE: LC209471 is identical to LC122837 but kept for subsequent analysis
NOTE: LC209467 is identical to LC122833 but kept for subsequent analysis
NOTE: LC209478 is identical to LC122838 but kept for subsequent analysis
NOTE: MF621951 is identical to MF621948 but kept for subsequent analysis
NOTE: MF621954 is identical to MF621953 but kept for subsequent analysis
NOTE: LC209432 is identical to LC122847 but kept for subsequent analysis
NOTE: LC145791 is identical to LC209444 but kept for subsequent analysis
NOTE: LC209434 is identical to LC122846 but kept for subsequent analysis
NOTE: LC209455 is identical to LC145801 but kept for subsequent analysis
NOTE: LC209431 is identical to LC122845 but kept for subsequent analysis
NOTE: LC209477 is identical to LC122842 but kept for subsequent analysis
NOTE: LC209476 is identical to LC122843 but kept for subsequent analysis
NOTE: LC209466 is identical to LC122844 but kept for subsequent analysis
NOTE: MN503035 is identical to MN502995 but kept for subsequent analysis
NOTE: LC209470 is identical to LC122848 but kept for subsequent analysis
NOTE: LC209433 is identical to LC122850 but kept for subsequent analysis
NOTE: LC209456 is identical to LC122849 but kept for subsequent analysis
NOTE: LC228948 is identical to LC122841 but kept for subsequent analysis
NOTE: JN699037 is identical to JX846925 but kept for subsequent analysis
NOTE: MF802554 is identical to MF802552 but kept for subsequent analysis
NOTE: MN503038 is identical to MN502993 but kept for subsequent analysis
NOTE: KJ131167 is identical to KM036378 but kept for subsequent analysis
NOTE: MW009072 is identical to MW009068 but kept for subsequent analysis
NOTE: OP609645 is identical to OP609644 but kept for subsequent analysis
NOTE: OP691295 is identical to OP691294 but kept for subsequent analysis
NOTE: PV394768 is identical to PV394767 but kept for subsequent analysis
NOTE: PV394762 is identical to PV394763 but kept for subsequent analysis
NOTE: MN447471 is identical to MN447470 but kept for subsequent analysis
NOTE: KC597149 is identical to KC597150 but kept for subsequent analysis
NOTE: MN503051 is identical to MN503006 but kept for subsequent analysis
NOTE: MN503050 is identical to MN503009 but kept for subsequent analysis
NOTE: KY649456 is identical to MK614059 but kept for subsequent analysis
NOTE: KY649455 is identical to KY649454 but kept for subsequent analysis
NOTE: MW305629 is identical to MW305628 but kept for subsequent analysis
NOTE: MK616584 is identical to MT242487 but kept for subsequent analysis
NOTE: MW661269 is identical to MW661266 but kept for subsequent analysis
NOTE: MW661270 is identical to MW661271 but kept for subsequent analysis
NOTE: MW661268 is identical to MW661267 but kept for subsequent analysis
NOTE: OR397776 is identical to OR397766 but kept for subsequent analysis
NOTE: OR397782 is identical to OR397767 but kept for subsequent analysis
NOTE: OR397769 is identical to OR397768 but kept for subsequent analysis
NOTE: OR397772 is identical to OR397771 but kept for subsequent analysis
NOTE: OR397784 is identical to OR397783 but kept for subsequent analysis
NOTE: OR397786 is identical to OR397785 but kept for subsequent analysis
NOTE: OR397779 is identical to OR397778 but kept for subsequent analysis
NOTE: MK616561 is identical to MK616560 but kept for subsequent analysis
NOTE: MK616559 is identical to MK616558 but kept for subsequent analysis
NOTE: MK764041 is identical to MK753036 but kept for subsequent analysis
NOTE: MT712147 is identical to MT712130 but kept for subsequent analysis
NOTE: LC122732 is identical to MW305676 but kept for subsequent analysis
NOTE: HQ664990 is identical to HQ401025 but kept for subsequent analysis
NOTE: MW305595 is identical to MW305593 but kept for subsequent analysis
NOTE: MG706448 is identical to NC_044932 but kept for subsequent analysis
NOTE: MG495081 is identical to MN453359 but kept for subsequent analysis
NOTE: MG495085 is identical to MG495084 but kept for subsequent analysis
NOTE: KT290889 is identical to KY496328 but kept for subsequent analysis
NOTE: MH375814 is identical to MH375809 but kept for subsequent analysis
NOTE: MH375811 is identical to MH375810 but kept for subsequent analysis
NOTE: OR687156 is identical to PQ304632 but kept for subsequent analysis
NOTE: MZ279715 is identical to MZ279713 but kept for subsequent analysis
NOTE: MN503043 is identical to MN502982 but kept for subsequent analysis
NOTE: OR685283 is identical to PQ304633 but kept for subsequent analysis
NOTE: MW305660 is identical to MW305654 but kept for subsequent analysis
NOTE: PX988189 is identical to PX988188 but kept for subsequent analysis
NOTE: PQ336869 is identical to PQ336868 but kept for subsequent analysis
NOTE: MT158861 is identical to MT158860 but kept for subsequent analysis
NOTE: LC369214 is identical to LC258403 but kept for subsequent analysis
NOTE: LC318757 is identical to LC318755 but kept for subsequent analysis
NOTE: KU557810 is identical to KU557790 but kept for subsequent analysis
NOTE: LC486769 is identical to LC333892 but kept for subsequent analysis
NOTE: MK166053 is identical to LC333887 but kept for subsequent analysis
NOTE: PQ740326 is identical to PZ234759 but kept for subsequent analysis
NOTE: PP267295 is identical to PP267281 but kept for subsequent analysis
NOTE: PQ373121 is identical to PQ373120 but kept for subsequent analysis
NOTE: KU561256 is identical to KU561255 but kept for subsequent analysis
NOTE: LC486760 is identical to MK907791 but kept for subsequent analysis
NOTE: KU557823 is identical to KU557822 but kept for subsequent analysis
NOTE: KU557846 is identical to KT780397 but kept for subsequent analysis
NOTE: KP902570 is identical to KP998539 but kept for subsequent analysis
NOTE: KP902572 is identical to KT780395 but kept for subsequent analysis
NOTE: KU557848 is identical to KR020503 but kept for subsequent analysis
NOTE: MF421542 is identical to MF421539 but kept for subsequent analysis
NOTE: KX168455 is identical to KX168454 but kept for subsequent analysis
NOTE: KY406965 is identical to KY407203 but kept for subsequent analysis
NOTE: KY407206 is identical to KY407205 but kept for subsequent analysis
NOTE: MK648242 is identical to MK648241 but kept for subsequent analysis
NOTE: KP902576 is identical to KT780398 but kept for subsequent analysis
NOTE: LC369229 is identical to LC369228 but kept for subsequent analysis
NOTE: KX424649 is identical to OP205536 but kept for subsequent analysis
NOTE: KU557879 is identical to KU557875 but kept for subsequent analysis
NOTE: MH746924 is identical to MH638230 but kept for subsequent analysis
NOTE: PP423020 is identical to PP267285 but kept for subsequent analysis
NOTE: MN996296 is identical to MN960578 but kept for subsequent analysis
NOTE: PV920384 is identical to PV920383 but kept for subsequent analysis
NOTE: OP805363 is identical to OP805362 but kept for subsequent analysis
NOTE: PV784294 is identical to PV784293 but kept for subsequent analysis
NOTE: PQ308690 is identical to PQ308689 but kept for subsequent analysis
NOTE: PV750889 is identical to PV750885 but kept for subsequent analysis
NOTE: PZ059668 is identical to PZ059662 but kept for subsequent analysis
NOTE: PZ234819 is identical to PZ234804 but kept for subsequent analysis
NOTE: PX988207 is identical to PX988205 but kept for subsequent analysis
NOTE: PZ053853 is identical to PZ053852 but kept for subsequent analysis
NOTE: PZ208539 is identical to PZ208538 but kept for subsequent analysis
NOTE: LC918523 is identical to LC868434 but kept for subsequent analysis
NOTE: PZ053848 is identical to PZ053847 but kept for subsequent analysis
NOTE: PZ208537 is identical to PZ208536 but kept for subsequent analysis
NOTE: PZ208571 is identical to PZ208570 but kept for subsequent analysis
NOTE: PX988222 is identical to PX988217 but kept for subsequent analysis
NOTE: PX988199 is identical to PX988194 but kept for subsequent analysis
NOTE: LC868436 is identical to LC868431 but kept for subsequent analysis
NOTE: PX988238 is identical to PX988236 but kept for subsequent analysis
NOTE: PX988229 is identical to PX988228 but kept for subsequent analysis
NOTE: PV765572 is identical to PV765567 but kept for subsequent analysis
NOTE: KU557788 is identical to KU557839 but kept for subsequent analysis
NOTE: PX458476 is identical to PX458475 but kept for subsequent analysis
NOTE: LC597119 is identical to LC597111 but kept for subsequent analysis
NOTE: KC832471 is identical to KC832470 but kept for subsequent analysis
NOTE: MK753009 is identical to MK764014 but kept for subsequent analysis
NOTE: MN503040 is identical to MN502985 but kept for subsequent analysis
NOTE: KY407201 is identical to KY407199 but kept for subsequent analysis
NOTE: KR921939 is identical to KY406949 but kept for subsequent analysis
NOTE: MH702282 is identical to MH702285 but kept for subsequent analysis
NOTE: MN502991 is identical to MN502980 but kept for subsequent analysis
NOTE: KR921936 is identical to KR921935 but kept for subsequent analysis
NOTE: MK396776 is identical to MH702257 but kept for subsequent analysis
NOTE: MN503036 is identical to MN502997 but kept for subsequent analysis
NOTE: GU138177 is identical to GU138176 but kept for subsequent analysis
NOTE: GU138163 is identical to GU138162 but kept for subsequent analysis
NOTE: OP729311 is identical to OP729310 but kept for subsequent analysis
NOTE: OP205557 is identical to OP205556 but kept for subsequent analysis
NOTE: MT678709 is identical to MT678708 but kept for subsequent analysis
NOTE: MT678721 is identical to MT678720 but kept for subsequent analysis
NOTE: KF944166 is identical to KF944165 but kept for subsequent analysis
NOTE: MT678719 is identical to MT678718 but kept for subsequent analysis
NOTE: MW363179 is identical to MW363175 but kept for subsequent analysis
NOTE: KM198586 is identical to KM198561 but kept for subsequent analysis
NOTE: KM198554 is identical to KM198547 but kept for subsequent analysis
NOTE: MH218738 is identical to MH218570 but kept for subsequent analysis
NOTE: KY887606 is identical to KY887597 but kept for subsequent analysis
NOTE: MH218688 is identical to MH218668 but kept for subsequent analysis
NOTE: OP205585 is identical to OP205569 but kept for subsequent analysis
NOTE: OR536489 is identical to OR536485 but kept for subsequent analysis
NOTE: PP645200 is identical to PP587395 but kept for subsequent analysis
NOTE: PX464562 is identical to PX464565 but kept for subsequent analysis
NOTE: PX464572 is identical to PX464570 but kept for subsequent analysis
NOTE: PX464564 is identical to PX464560 but kept for subsequent analysis
NOTE: PX458551 is identical to PX458537 but kept for subsequent analysis
NOTE: KY406943 is identical to KY406942 but kept for subsequent analysis
NOTE: MT678741 is identical to MT678740 but kept for subsequent analysis
NOTE: KX989465 is identical to KX989464 but kept for subsequent analysis
NOTE: MT678750 is identical to MT678748 but kept for subsequent analysis
NOTE: OR797477 is identical to OR797350 but kept for subsequent analysis
NOTE: MT678745 is identical to OQ451929 but kept for subsequent analysis
NOTE: KY406932 is identical to KY406930 but kept for subsequent analysis
NOTE: KY407196 is identical to KY407195 but kept for subsequent analysis
NOTE: KY406936 is identical to KY406935 but kept for subsequent analysis
NOTE: MT678743 is identical to MT678746 but kept for subsequent analysis
NOTE: KY407192 is identical to KY407191 but kept for subsequent analysis
NOTE: OR797474 is identical to OR797346 but kept for subsequent analysis
NOTE: MW127540 is identical to MW127530 but kept for subsequent analysis
NOTE: OR797476 is identical to OR797348 but kept for subsequent analysis
NOTE: OR797475 is identical to OR797347 but kept for subsequent analysis
NOTE: MW661255 is identical to OQ451930 but kept for subsequent analysis
NOTE: MT409885 is identical to MT409884 but kept for subsequent analysis
NOTE: KY407177 is identical to KY407176 but kept for subsequent analysis
NOTE: KY407173 is identical to KY407172 but kept for subsequent analysis
NOTE: PQ273184 is identical to PQ273183 but kept for subsequent analysis
NOTE: PQ273198 is identical to PQ273197 but kept for subsequent analysis
NOTE: OR797472 is identical to OR797351 but kept for subsequent analysis
NOTE: PX988170 is identical to PX988169 but kept for subsequent analysis
NOTE: PZ231297 is identical to PZ231296 but kept for subsequent analysis
NOTE: PZ231302 is identical to PZ231301 but kept for subsequent analysis
NOTE: PX988172 is identical to PX988171 but kept for subsequent analysis
NOTE: PX988168 is identical to PX988167 but kept for subsequent analysis
NOTE: PX988178 is identical to PX988177 but kept for subsequent analysis
NOTE: KF944232 is identical to KF944227 but kept for subsequent analysis
NOTE: LC122747 is identical to LC122745 but kept for subsequent analysis
NOTE: LC133343 is identical to LC133339 but kept for subsequent analysis
NOTE: PX464575 is identical to PX464554 but kept for subsequent analysis
NOTE: PZ136055 is identical to PZ136051 but kept for subsequent analysis
NOTE: PZ221918 is identical to PZ221917 but kept for subsequent analysis
NOTE: MT808057 is identical to MT808056 but kept for subsequent analysis
NOTE: MW305575 is identical to MW305574 but kept for subsequent analysis
NOTE: HM072045 is identical to MW305724 but kept for subsequent analysis
NOTE: HM072040 is identical to MW305726 but kept for subsequent analysis
NOTE: MW305733 is identical to MW305731 but kept for subsequent analysis
NOTE: KF944111 is identical to KF944110 but kept for subsequent analysis
NOTE: OL451533 is identical to OL451532 but kept for subsequent analysis
NOTE: LC760157 is identical to LC760146 but kept for subsequent analysis
NOTE: LC760164 is identical to LC760163 but kept for subsequent analysis
NOTE: LC760154 is identical to LC760151 but kept for subsequent analysis
NOTE: LC760169 is identical to LC760166 but kept for subsequent analysis
NOTE: PX733060 is identical to PX733054 but kept for subsequent analysis
NOTE: MH279838 is identical to MH279837 but kept for subsequent analysis
NOTE: PV282528 is identical to PV282523 but kept for subsequent analysis
NOTE: MW305559 is identical to MW305549 but kept for subsequent analysis
NOTE: KY424342 is identical to KY424341 but kept for subsequent analysis
NOTE: MH702286 is identical to MH702284 but kept for subsequent analysis
NOTE: KY407215 is identical to KY407214 but kept for subsequent analysis
NOTE: MH260510 is identical to MH260487 but kept for subsequent analysis
NOTE: MT363962 is identical to MT221254 but kept for subsequent analysis
NOTE: JN699041 is identical to MW305739 but kept for subsequent analysis
NOTE: LC122927 is identical to LC122926 but kept for subsequent analysis
NOTE: LC122925 is identical to LC122924 but kept for subsequent analysis
NOTE: JX989075 is identical to JX984953 but kept for subsequent analysis
NOTE: MF140679 is identical to MF140678 but kept for subsequent analysis
NOTE: OP690426 is identical to OP690425 but kept for subsequent analysis
NOTE: MN503037 is identical to MN502998 but kept for subsequent analysis
NOTE: PV258472 is identical to PV258471 but kept for subsequent analysis
NOTE: MH218673 is identical to MH218645 but kept for subsequent analysis
NOTE: MW661275 is identical to MW661274 but kept for subsequent analysis
NOTE: KY424345 is identical to MW305737 but kept for subsequent analysis
NOTE: PX988131 is identical to PX988130 but kept for subsequent analysis
NOTE: PX988136 is identical to PX988135 but kept for subsequent analysis
NOTE: PX988141 is identical to PX988140 but kept for subsequent analysis
NOTE: PX988147 is identical to PX988146 but kept for subsequent analysis
NOTE: MW305531 is identical to MW305529 but kept for subsequent analysis
NOTE: ON706287 is identical to ON706286 but kept for subsequent analysis
NOTE: MW305547 is identical to MW305540 but kept for subsequent analysis
NOTE: JN699036 is identical to MW305571 but kept for subsequent analysis
NOTE: KC576910 is identical to MW305581 but kept for subsequent analysis
NOTE: PX988116 is identical to PX988115 but kept for subsequent analysis
NOTE: PX988106 is identical to PX988105 but kept for subsequent analysis
NOTE: PX988096 is identical to PX988095 but kept for subsequent analysis
NOTE: PX988101 is identical to PX988100 but kept for subsequent analysis
NOTE: PX988109 is identical to PX988108 but kept for subsequent analysis
NOTE: PX988120 is identical to PX988118 but kept for subsequent analysis
NOTE: PX988103 is identical to PX988102 but kept for subsequent analysis
NOTE: PX988128 is identical to PX988127 but kept for subsequent analysis
NOTE: PX988113 is identical to PX988112 but kept for subsequent analysis
NOTE: LC877028 is identical to LC877027 but kept for subsequent analysis
NOTE: MW305552 is identical to MW305550 but kept for subsequent analysis
NOTE: PX988093 is identical to PX988092 but kept for subsequent analysis
NOTE: MW284778 is identical to MW284776 but kept for subsequent analysis
NOTE: LC122888 is identical to LC122887 but kept for subsequent analysis
NOTE: MW305603 is identical to MW305602 but kept for subsequent analysis
NOTE: JN699042 is identical to MW305573 but kept for subsequent analysis
NOTE: OR797473 is identical to OR797349 but kept for subsequent analysis
NOTE: LC556389 is identical to LC556388 but kept for subsequent analysis
NOTE: LC556392 is identical to LC556391 but kept for subsequent analysis
NOTE: MN503045 is identical to MN502990 but kept for subsequent analysis
NOTE: MZ272475 is identical to MZ272053 but kept for subsequent analysis
NOTE: GU017904 is identical to GU594162 but kept for subsequent analysis
NOTE: GU017901 is identical to GU017900 but kept for subsequent analysis
NOTE: GU017906 is identical to GU017908 but kept for subsequent analysis
NOTE: MW305686 is identical to MW305685 but kept for subsequent analysis
NOTE: MW305673 is identical to MW305672 but kept for subsequent analysis
NOTE: MW305681 is identical to MW305679 but kept for subsequent analysis
NOTE: LC122878 is identical to MW305693 but kept for subsequent analysis
NOTE: MW305666 is identical to MW305665 but kept for subsequent analysis
NOTE: JN699038 is identical to MW305576 but kept for subsequent analysis
NOTE: MN503039 is identical to MN502983 but kept for subsequent analysis
NOTE: MN503013 is identical to MN502864 but kept for subsequent analysis
NOTE: MN502975 is identical to MZ026946 but kept for subsequent analysis
NOTE: MZ033188 is identical to MZ033187 but kept for subsequent analysis
NOTE: MZ027041 is identical to MZ027040 but kept for subsequent analysis
NOTE: PX988084 is identical to PX988083 but kept for subsequent analysis
NOTE: PP645199 is identical to PP645198 but kept for subsequent analysis
NOTE: PQ467819 is identical to PQ467816 but kept for subsequent analysis
NOTE: PQ467810 is identical to PQ467809 but kept for subsequent analysis
NOTE: PZ043823 is identical to PZ043822 but kept for subsequent analysis
NOTE: PV418615 is identical to PV418613 but kept for subsequent analysis
NOTE: PV418617 is identical to PV418616 but kept for subsequent analysis
NOTE: MN908340 is identical to MN897759 but kept for subsequent analysis
NOTE: MN897760 is identical to MN897758 but kept for subsequent analysis
NOTE: OR050583 is identical to OR050582 but kept for subsequent analysis
NOTE: MN227773 is identical to MN227772 but kept for subsequent analysis
NOTE: OL685301 is identical to OL685293 but kept for subsequent analysis
NOTE: OL685304 is identical to OL685303 but kept for subsequent analysis
NOTE: KJ196290 is identical to NC_044045 but kept for subsequent analysis
NOTE: MW261799 is identical to MW261798 but kept for subsequent analysis
NOTE: MW261789 is identical to MW261788 but kept for subsequent analysis
NOTE: MW261794 is identical to MW261793 but kept for subsequent analysis
NOTE: MW261792 is identical to MW261790 but kept for subsequent analysis
NOTE: PZ043826 is identical to PZ043824 but kept for subsequent analysis
NOTE: JF781268 is identical to NC_045762 but kept for subsequent analysis
NOTE: MT256406 is identical to MT256405 but kept for subsequent analysis
NOTE: MK067291 is identical to MK067290 but kept for subsequent analysis
NOTE: KX907728 is identical to NC_044855 but kept for subsequent analysis
NOTE: JQ613567 is identical to NC_029647 but kept for subsequent analysis
NOTE: KJ196291 is identical to NC_044046 but kept for subsequent analysis
NOTE: FJ692500 is identical to NC_044047 but kept for subsequent analysis
NOTE: MN922655 is identical to MN922654 but kept for subsequent analysis
NOTE: MN922664 is identical to MN922663 but kept for subsequent analysis
NOTE: MN922671 is identical to MN922670 but kept for subsequent analysis
NOTE: MN922697 is identical to MN922696 but kept for subsequent analysis
NOTE: MN922657 is identical to MN922652 but kept for subsequent analysis
NOTE: MT089579 is identical to MT089578 but kept for subsequent analysis
NOTE: KJ196292 is identical to NC_039897 but kept for subsequent analysis
NOTE: MW305509 is identical to MW305489 but kept for subsequent analysis
NOTE: MW305490 is identical to MW305510 but kept for subsequent analysis
NOTE: MZ462932 is identical to MZ462929 but kept for subsequent analysis
NOTE: MZ462931 is identical to MZ462930 but kept for subsequent analysis
NOTE: MT526277 is identical to MT451991 but kept for subsequent analysis
NOTE: MK073893 is identical to MK073892 but kept for subsequent analysis
NOTE: JN699050 is identical to MW305491 but kept for subsequent analysis
NOTE: JN699049 is identical to MW305492 but kept for subsequent analysis
NOTE: JN699048 is identical to MW305493 but kept for subsequent analysis
NOTE: LC122717 is identical to LC122715 but kept for subsequent analysis
NOTE: MW305495 is identical to MW305494 but kept for subsequent analysis
NOTE: PX986540 is identical to PX986539 but kept for subsequent analysis
NOTE: PQ632217 is identical to PQ632216 but kept for subsequent analysis
NOTE: MN922730 is identical to MN922725 but kept for subsequent analysis
NOTE: MN922731 is identical to MN922684 but kept for subsequent analysis
NOTE: MN495001 is identical to MZ021605 but kept for subsequent analysis
NOTE: MN922724 is identical to MN922723 but kept for subsequent analysis
NOTE: MN922739 is identical to MN922727 but kept for subsequent analysis
NOTE: MN922694 is identical to MN922693 but kept for subsequent analysis
NOTE: MT357898 is identical to MT357897 but kept for subsequent analysis
NOTE: AB758449 is identical to LC122721 but kept for subsequent analysis
NOTE: PX458204 is identical to PX458189 but kept for subsequent analysis
NOTE: PX458199 is identical to PX458201 but kept for subsequent analysis
NOTE: PX458274 is identical to PX458273 but kept for subsequent analysis
NOTE: MH638229 is identical to MH638228 but kept for subsequent analysis
NOTE: MZ220331 is identical to MZ220330 but kept for subsequent analysis
NOTE: MT357993 is identical to MT357992 but kept for subsequent analysis
NOTE: PX986529 is identical to PX986528 but kept for subsequent analysis
NOTE: PX986533 is identical to PX986532 but kept for subsequent analysis
NOTE: LC122705 is identical to MW305504 but kept for subsequent analysis
NOTE: MT756627 is identical to MT750326 but kept for subsequent analysis
NOTE: MT874469 is identical to MT756629 but kept for subsequent analysis
NOTE: PX720657 is identical to PX720656 but kept for subsequent analysis
NOTE: LC726062 is identical to LC726060 but kept for subsequent analysis
NOTE: MK236611 is identical to MK236609 but kept for subsequent analysis
NOTE: OR268636 is identical to OR268635 but kept for subsequent analysis
NOTE: PX720654 is identical to PX720653 but kept for subsequent analysis
NOTE: PX986563 is identical to PX986562 but kept for subsequent analysis
NOTE: MZ227265 is identical to MZ227264 but kept for subsequent analysis
NOTE: PP550065 is identical to PP550063 but kept for subsequent analysis
NOTE: PP550086 is identical to PP550067 but kept for subsequent analysis
NOTE: JF320645 is identical to JF320646 but kept for subsequent analysis
NOTE: EU004660 is identical to EU004657 but kept for subsequent analysis
Checking for duplicate sequences: done in 0.0629289 secs using 418.5% CPU
Identifying sites to remove: done in 0.0702701 secs using 397.9% CPU
NOTE: 413 identical sequences (see below) will be ignored for subsequent analysis
NOTE: KY887600 (identical to NC_039477) is ignored but added at the end
NOTE: MT238668 (identical to MT238667) is ignored but added at the end
NOTE: MT238670 (identical to MT238667) is ignored but added at the end
NOTE: MT537633 (identical to MT238667) is ignored but added at the end
NOTE: MT344180 (identical to MT238667) is ignored but added at the end
NOTE: PQ195938 (identical to PQ195936) is ignored but added at the end
NOTE: MH279823 (identical to MH260485) is ignored but added at the end
NOTE: OL336355 (identical to OL336353) is ignored but added at the end
NOTE: OL336356 (identical to OL336353) is ignored but added at the end
NOTE: OL336357 (identical to OL336353) is ignored but added at the end
NOTE: PX988162 (identical to PX988160) is ignored but added at the end
NOTE: PQ218568 (identical to PQ218566) is ignored but added at the end
NOTE: PQ195912 (identical to PQ195910) is ignored but added at the end
NOTE: PQ196563 (identical to PQ196561) is ignored but added at the end
NOTE: PQ195934 (identical to PQ195930) is ignored but added at the end
NOTE: PQ195944 (identical to PQ195930) is ignored but added at the end
NOTE: PQ195951 (identical to PQ195930) is ignored but added at the end
NOTE: PQ195952 (identical to PQ195930) is ignored but added at the end
NOTE: PQ195950 (identical to PQ195930) is ignored but added at the end
NOTE: KY679165 (identical to KY679162) is ignored but added at the end
NOTE: KY679168 (identical to KY679162) is ignored but added at the end
NOTE: KY679169 (identical to KY679162) is ignored but added at the end
NOTE: OQ451923 (identical to OQ451906) is ignored but added at the end
NOTE: PX733011 (identical to PX732975) is ignored but added at the end
NOTE: PX733009 (identical to PX732975) is ignored but added at the end
NOTE: KX354004 (identical to KJ196279) is ignored but added at the end
NOTE: JX629458 (identical to KJ196279) is ignored but added at the end
NOTE: KY407063 (identical to KY407060) is ignored but added at the end
NOTE: LC848169 (identical to LC848168) is ignored but added at the end
NOTE: LC421228 (identical to LC390332) is ignored but added at the end
NOTE: MH218613 (identical to MH218610) is ignored but added at the end
NOTE: MW009070 (identical to MT362912) is ignored but added at the end
NOTE: PQ195948 (identical to PQ195946) is ignored but added at the end
NOTE: PQ195949 (identical to PQ195946) is ignored but added at the end
NOTE: PQ195916 (identical to PQ195914) is ignored but added at the end
NOTE: OP727607 (identical to OP727606) is ignored but added at the end
NOTE: LC122770 (identical to LC122768) is ignored but added at the end
NOTE: KY424335 (identical to KY424332) is ignored but added at the end
NOTE: KY424334 (identical to KY424332) is ignored but added at the end
NOTE: KY424336 (identical to KY424332) is ignored but added at the end
NOTE: KF806524 (identical to KF806506) is ignored but added at the end
NOTE: PV232419 (identical to PV232417) is ignored but added at the end
NOTE: PV232421 (identical to PV232417) is ignored but added at the end
NOTE: MK517755 (identical to MK517753) is ignored but added at the end
NOTE: MK517756 (identical to MK517753) is ignored but added at the end
NOTE: MK517757 (identical to MK517753) is ignored but added at the end
NOTE: MK517758 (identical to MK517753) is ignored but added at the end
NOTE: MK517759 (identical to MK517753) is ignored but added at the end
NOTE: MK517760 (identical to MK517753) is ignored but added at the end
NOTE: PQ273194 (identical to PQ273192) is ignored but added at the end
NOTE: OP689558 (identical to PQ273192) is ignored but added at the end
NOTE: MH068797 (identical to MH068791) is ignored but added at the end
NOTE: MT362916 (identical to MT362914) is ignored but added at the end
NOTE: OR793100 (identical to OR793093) is ignored but added at the end
NOTE: OK376264 (identical to OK376253) is ignored but added at the end
NOTE: OK376260 (identical to OK376253) is ignored but added at the end
NOTE: OK376261 (identical to OK376253) is ignored but added at the end
NOTE: PX988181 (identical to PX988179) is ignored but added at the end
NOTE: PX988182 (identical to PX988179) is ignored but added at the end
NOTE: LC279242 (identical to LC279235) is ignored but added at the end
NOTE: LC209465 (identical to LC209473) is ignored but added at the end
NOTE: MF621950 (identical to MF621948) is ignored but added at the end
NOTE: LC209450 (identical to LC122841) is ignored but added at the end
NOTE: LC145803 (identical to LC122841) is ignored but added at the end
NOTE: KJ131168 (identical to KM036378) is ignored but added at the end
NOTE: KJ131170 (identical to KM036378) is ignored but added at the end
NOTE: KJ131173 (identical to KM036378) is ignored but added at the end
NOTE: KJ131169 (identical to KM036378) is ignored but added at the end
NOTE: KJ131171 (identical to KM036378) is ignored but added at the end
NOTE: KJ131174 (identical to KM036378) is ignored but added at the end
NOTE: MW009069 (identical to MW009068) is ignored but added at the end
NOTE: KC597151 (identical to KC597150) is ignored but added at the end
NOTE: MW661272 (identical to MW661267) is ignored but added at the end
NOTE: OR397777 (identical to OR397766) is ignored but added at the end
NOTE: JX289822 (identical to OR397767) is ignored but added at the end
NOTE: OR397770 (identical to OR397768) is ignored but added at the end
NOTE: OR397787 (identical to OR397785) is ignored but added at the end
NOTE: OR397781 (identical to OR397778) is ignored but added at the end
NOTE: LC122729 (identical to MW305676) is ignored but added at the end
NOTE: LC122731 (identical to MW305676) is ignored but added at the end
NOTE: MW305596 (identical to MW305593) is ignored but added at the end
NOTE: MW305597 (identical to MW305593) is ignored but added at the end
NOTE: PX988190 (identical to PX988188) is ignored but added at the end
NOTE: LC369221 (identical to LC258403) is ignored but added at the end
NOTE: LC311767 (identical to LC258403) is ignored but added at the end
NOTE: LC311772 (identical to LC258403) is ignored but added at the end
NOTE: LC311773 (identical to LC258403) is ignored but added at the end
NOTE: LC318754 (identical to LC258403) is ignored but added at the end
NOTE: LC318753 (identical to LC258403) is ignored but added at the end
NOTE: LC333894 (identical to LC258403) is ignored but added at the end
NOTE: LC333897 (identical to LC258403) is ignored but added at the end
NOTE: LC486767 (identical to LC258403) is ignored but added at the end
NOTE: LC433710 (identical to LC258403) is ignored but added at the end
NOTE: LC433721 (identical to LC258403) is ignored but added at the end
NOTE: PP267296 (identical to PP267281) is ignored but added at the end
NOTE: PP267289 (identical to PP267281) is ignored but added at the end
NOTE: PP267283 (identical to PP267281) is ignored but added at the end
NOTE: PP267286 (identical to PP267281) is ignored but added at the end
NOTE: PP267290 (identical to PP267281) is ignored but added at the end
NOTE: OP205533 (identical to PQ373120) is ignored but added at the end
NOTE: MF073250 (identical to MK907791) is ignored but added at the end
NOTE: KU557799 (identical to MK907791) is ignored but added at the end
NOTE: KP864104 (identical to MK907791) is ignored but added at the end
NOTE: KU557847 (identical to KT780397) is ignored but added at the end
NOTE: KP698929 (identical to KT780397) is ignored but added at the end
NOTE: KU557849 (identical to KR020503) is ignored but added at the end
NOTE: KY406976 (identical to KY407203) is ignored but added at the end
NOTE: KY406977 (identical to KY407203) is ignored but added at the end
NOTE: LC369230 (identical to LC369228) is ignored but added at the end
NOTE: MH746925 (identical to MH638230) is ignored but added at the end
NOTE: MN996300 (identical to MN960578) is ignored but added at the end
NOTE: OP805364 (identical to OP805362) is ignored but added at the end
NOTE: PX988208 (identical to PX988205) is ignored but added at the end
NOTE: PX988210 (identical to PX988205) is ignored but added at the end
NOTE: PX988211 (identical to PX988205) is ignored but added at the end
NOTE: PX988214 (identical to PX988205) is ignored but added at the end
NOTE: PX988216 (identical to PX988205) is ignored but added at the end
NOTE: PX988225 (identical to PX988205) is ignored but added at the end
NOTE: PX988246 (identical to PX988205) is ignored but added at the end
NOTE: PZ208572 (identical to PZ053852) is ignored but added at the end
NOTE: PZ208543 (identical to PZ053852) is ignored but added at the end
NOTE: PZ208544 (identical to PZ053852) is ignored but added at the end
NOTE: PZ208554 (identical to PZ053852) is ignored but added at the end
NOTE: PZ208555 (identical to PZ053852) is ignored but added at the end
NOTE: PZ208558 (identical to PZ053852) is ignored but added at the end
NOTE: PZ208559 (identical to PZ053852) is ignored but added at the end
NOTE: PZ208562 (identical to PZ053852) is ignored but added at the end
NOTE: PZ208563 (identical to PZ053852) is ignored but added at the end
NOTE: PZ208566 (identical to PZ053852) is ignored but added at the end
NOTE: PZ208567 (identical to PZ053852) is ignored but added at the end
NOTE: PZ208560 (identical to PZ053852) is ignored but added at the end
NOTE: PZ208556 (identical to PZ053852) is ignored but added at the end
NOTE: PZ208542 (identical to PZ208538) is ignored but added at the end
NOTE: PZ208548 (identical to PZ208538) is ignored but added at the end
NOTE: PZ208549 (identical to PZ208538) is ignored but added at the end
NOTE: PZ208550 (identical to PZ208538) is ignored but added at the end
NOTE: PZ208569 (identical to PZ208538) is ignored but added at the end
NOTE: LC918518 (identical to PZ208538) is ignored but added at the end
NOTE: PZ053850 (identical to PZ053847) is ignored but added at the end
NOTE: PZ208568 (identical to PZ053847) is ignored but added at the end
NOTE: PX988245 (identical to PX988217) is ignored but added at the end
NOTE: PX988200 (identical to PX988194) is ignored but added at the end
NOTE: PX988239 (identical to PX988236) is ignored but added at the end
NOTE: PX988231 (identical to PX988228) is ignored but added at the end
NOTE: PX988232 (identical to PX988228) is ignored but added at the end
NOTE: PX988233 (identical to PX988228) is ignored but added at the end
NOTE: PV765574 (identical to PV765567) is ignored but added at the end
NOTE: PV765581 (identical to PV765567) is ignored but added at the end
NOTE: PV765584 (identical to PV765567) is ignored but added at the end
NOTE: PV765588 (identical to PV765567) is ignored but added at the end
NOTE: PV765585 (identical to PV765567) is ignored but added at the end
NOTE: PV765586 (identical to PV765567) is ignored but added at the end
NOTE: KY407202 (identical to KY407199) is ignored but added at the end
NOTE: KR921942 (identical to KY406949) is ignored but added at the end
NOTE: KR921937 (identical to KR921935) is ignored but added at the end
NOTE: OP729312 (identical to OP729310) is ignored but added at the end
NOTE: OP729313 (identical to OP729310) is ignored but added at the end
NOTE: OP729314 (identical to OP729310) is ignored but added at the end
NOTE: MT678714 (identical to MT678708) is ignored but added at the end
NOTE: MT678710 (identical to MT678708) is ignored but added at the end
NOTE: KM198573 (identical to KM198547) is ignored but added at the end
NOTE: MH218572 (identical to MH218570) is ignored but added at the end
NOTE: KY887598 (identical to KY887597) is ignored but added at the end
NOTE: MH218676 (identical to MH218668) is ignored but added at the end
NOTE: MH218681 (identical to MH218668) is ignored but added at the end
NOTE: MH218683 (identical to MH218668) is ignored but added at the end
NOTE: MH218678 (identical to MH218668) is ignored but added at the end
NOTE: MH218686 (identical to MH218668) is ignored but added at the end
NOTE: MH218675 (identical to MH218668) is ignored but added at the end
NOTE: MH218677 (identical to MH218668) is ignored but added at the end
NOTE: KX989466 (identical to KX989464) is ignored but added at the end
NOTE: KX989467 (identical to KX989464) is ignored but added at the end
NOTE: KX989468 (identical to KX989464) is ignored but added at the end
NOTE: KY406933 (identical to KY406930) is ignored but added at the end
NOTE: KY407197 (identical to KY407195) is ignored but added at the end
NOTE: KY407198 (identical to KY407195) is ignored but added at the end
NOTE: KY407193 (identical to KY407191) is ignored but added at the end
NOTE: KY407194 (identical to KY407191) is ignored but added at the end
NOTE: MT409886 (identical to MT409884) is ignored but added at the end
NOTE: KY407178 (identical to KY407176) is ignored but added at the end
NOTE: KY407179 (identical to KY407176) is ignored but added at the end
NOTE: KY407180 (identical to KY407176) is ignored but added at the end
NOTE: KY407174 (identical to KY407172) is ignored but added at the end
NOTE: KY407175 (identical to KY407172) is ignored but added at the end
NOTE: PZ231303 (identical to PZ231301) is ignored but added at the end
NOTE: PX988173 (identical to PX988171) is ignored but added at the end
NOTE: PX988175 (identical to PX988171) is ignored but added at the end
NOTE: PX988176 (identical to PX988171) is ignored but added at the end
NOTE: PZ221923 (identical to PZ136051) is ignored but added at the end
NOTE: PZ136053 (identical to PZ136051) is ignored but added at the end
NOTE: PZ136058 (identical to PZ136051) is ignored but added at the end
NOTE: PZ221915 (identical to PZ136051) is ignored but added at the end
NOTE: PZ221922 (identical to PZ136051) is ignored but added at the end
NOTE: PZ221927 (identical to PZ136051) is ignored but added at the end
NOTE: PZ136059 (identical to PZ136051) is ignored but added at the end
NOTE: PZ136052 (identical to PZ136051) is ignored but added at the end
NOTE: PZ221926 (identical to PZ136051) is ignored but added at the end
NOTE: PZ136056 (identical to PZ136051) is ignored but added at the end
NOTE: PZ136060 (identical to PZ136051) is ignored but added at the end
NOTE: PZ136061 (identical to PZ136051) is ignored but added at the end
NOTE: PZ136054 (identical to PZ136051) is ignored but added at the end
NOTE: PZ136057 (identical to PZ136051) is ignored but added at the end
NOTE: PZ221924 (identical to PZ136051) is ignored but added at the end
NOTE: PZ221928 (identical to PZ136051) is ignored but added at the end
NOTE: PZ221925 (identical to PZ136051) is ignored but added at the end
NOTE: PZ221929 (identical to PZ221917) is ignored but added at the end
NOTE: PZ221919 (identical to PZ221917) is ignored but added at the end
NOTE: PZ221930 (identical to PZ221917) is ignored but added at the end
NOTE: PZ221916 (identical to PZ221917) is ignored but added at the end
NOTE: PZ221921 (identical to PZ221917) is ignored but added at the end
NOTE: PZ221920 (identical to PZ221917) is ignored but added at the end
NOTE: KC597144 (identical to MW305574) is ignored but added at the end
NOTE: JN699040 (identical to MW305574) is ignored but added at the end
NOTE: MW305732 (identical to MW305731) is ignored but added at the end
NOTE: KY424343 (identical to KY424341) is ignored but added at the end
NOTE: KY424344 (identical to KY424341) is ignored but added at the end
NOTE: KY407216 (identical to KY407214) is ignored but added at the end
NOTE: MH279824 (identical to MH260487) is ignored but added at the end
NOTE: LC122930 (identical to LC122924) is ignored but added at the end
NOTE: PV746280 (identical to MH218645) is ignored but added at the end
NOTE: PX988132 (identical to PX988130) is ignored but added at the end
NOTE: PX988133 (identical to PX988130) is ignored but added at the end
NOTE: PX988134 (identical to PX988130) is ignored but added at the end
NOTE: PX988137 (identical to PX988135) is ignored but added at the end
NOTE: PX988138 (identical to PX988135) is ignored but added at the end
NOTE: PX988139 (identical to PX988135) is ignored but added at the end
NOTE: PX988142 (identical to PX988140) is ignored but added at the end
NOTE: PX988143 (identical to PX988140) is ignored but added at the end
NOTE: PX988144 (identical to PX988140) is ignored but added at the end
NOTE: PX988145 (identical to PX988140) is ignored but added at the end
NOTE: PX988148 (identical to PX988146) is ignored but added at the end
NOTE: PX988149 (identical to PX988146) is ignored but added at the end
NOTE: PX988150 (identical to PX988146) is ignored but added at the end
NOTE: PX988151 (identical to PX988146) is ignored but added at the end
NOTE: PX988152 (identical to PX988146) is ignored but added at the end
NOTE: PX988153 (identical to PX988146) is ignored but added at the end
NOTE: PX988154 (identical to PX988146) is ignored but added at the end
NOTE: PX988155 (identical to PX988146) is ignored but added at the end
NOTE: PX988156 (identical to PX988146) is ignored but added at the end
NOTE: PX988157 (identical to PX988146) is ignored but added at the end
NOTE: PX988158 (identical to PX988146) is ignored but added at the end
NOTE: ON706288 (identical to ON706286) is ignored but added at the end
NOTE: ON706294 (identical to ON706286) is ignored but added at the end
NOTE: ON706295 (identical to ON706286) is ignored but added at the end
NOTE: JN699035 (identical to MW305581) is ignored but added at the end
NOTE: PX988117 (identical to PX988115) is ignored but added at the end
NOTE: PX988107 (identical to PX988105) is ignored but added at the end
NOTE: PX988097 (identical to PX988095) is ignored but added at the end
NOTE: PX988098 (identical to PX988095) is ignored but added at the end
NOTE: PX988099 (identical to PX988095) is ignored but added at the end
NOTE: PX988110 (identical to PX988108) is ignored but added at the end
NOTE: PX988111 (identical to PX988108) is ignored but added at the end
NOTE: PX988121 (identical to PX988118) is ignored but added at the end
NOTE: PX988122 (identical to PX988118) is ignored but added at the end
NOTE: PX988123 (identical to PX988118) is ignored but added at the end
NOTE: PX988124 (identical to PX988118) is ignored but added at the end
NOTE: PX988125 (identical to PX988118) is ignored but added at the end
NOTE: PX988126 (identical to PX988118) is ignored but added at the end
NOTE: PX988119 (identical to PX988118) is ignored but added at the end
NOTE: PX988104 (identical to PX988102) is ignored but added at the end
NOTE: PX988129 (identical to PX988127) is ignored but added at the end
NOTE: PX988094 (identical to PX988092) is ignored but added at the end
NOTE: MW284784 (identical to MW284776) is ignored but added at the end
NOTE: MW284777 (identical to MW284776) is ignored but added at the end
NOTE: MW305606 (identical to MW305602) is ignored but added at the end
NOTE: LC556390 (identical to LC556388) is ignored but added at the end
NOTE: GU017905 (identical to GU594162) is ignored but added at the end
NOTE: GU017902 (identical to GU017900) is ignored but added at the end
NOTE: MW305687 (identical to MW305685) is ignored but added at the end
NOTE: MW305689 (identical to MW305685) is ignored but added at the end
NOTE: MW305688 (identical to MW305685) is ignored but added at the end
NOTE: PX988085 (identical to PX988083) is ignored but added at the end
NOTE: PX988086 (identical to PX988083) is ignored but added at the end
NOTE: PX988087 (identical to PX988083) is ignored but added at the end
NOTE: PX988088 (identical to PX988083) is ignored but added at the end
NOTE: PX988089 (identical to PX988083) is ignored but added at the end
NOTE: PX988090 (identical to PX988083) is ignored but added at the end
NOTE: PX988091 (identical to PX988083) is ignored but added at the end
NOTE: OR546399 (identical to PP645198) is ignored but added at the end
NOTE: OR546400 (identical to PP645198) is ignored but added at the end
NOTE: PZ043825 (identical to PZ043822) is ignored but added at the end
NOTE: PV418614 (identical to PV418613) is ignored but added at the end
NOTE: OR050584 (identical to OR050582) is ignored but added at the end
NOTE: OR050585 (identical to OR050582) is ignored but added at the end
NOTE: OR050586 (identical to OR050582) is ignored but added at the end
NOTE: OL685294 (identical to OL685293) is ignored but added at the end
NOTE: OL685295 (identical to OL685293) is ignored but added at the end
NOTE: OL685298 (identical to OL685293) is ignored but added at the end
NOTE: OL685302 (identical to OL685293) is ignored but added at the end
NOTE: OL685296 (identical to OL685293) is ignored but added at the end
NOTE: OL685297 (identical to OL685293) is ignored but added at the end
NOTE: OL685299 (identical to OL685293) is ignored but added at the end
NOTE: MW261791 (identical to MW261788) is ignored but added at the end
NOTE: MW261796 (identical to MW261788) is ignored but added at the end
NOTE: MW261797 (identical to MW261788) is ignored but added at the end
NOTE: MW261800 (identical to MW261788) is ignored but added at the end
NOTE: MN922665 (identical to MN922663) is ignored but added at the end
NOTE: MN922672 (identical to MN922670) is ignored but added at the end
NOTE: MN922673 (identical to MN922670) is ignored but added at the end
NOTE: MN922688 (identical to MN922696) is ignored but added at the end
NOTE: MT089580 (identical to MT089578) is ignored but added at the end
NOTE: MT526276 (identical to MT451991) is ignored but added at the end
NOTE: PX986541 (identical to PX986539) is ignored but added at the end
NOTE: PX986542 (identical to PX986539) is ignored but added at the end
NOTE: PX986543 (identical to PX986539) is ignored but added at the end
NOTE: PX986544 (identical to PX986539) is ignored but added at the end
NOTE: PX986545 (identical to PX986539) is ignored but added at the end
NOTE: PX986546 (identical to PX986539) is ignored but added at the end
NOTE: PX986547 (identical to PX986539) is ignored but added at the end
NOTE: PX986549 (identical to PX986539) is ignored but added at the end
NOTE: PX986550 (identical to PX986539) is ignored but added at the end
NOTE: PX986551 (identical to PX986539) is ignored but added at the end
NOTE: PX986552 (identical to PX986539) is ignored but added at the end
NOTE: PX986554 (identical to PX986539) is ignored but added at the end
NOTE: PX986555 (identical to PX986539) is ignored but added at the end
NOTE: PX986556 (identical to PX986539) is ignored but added at the end
NOTE: PX986557 (identical to PX986539) is ignored but added at the end
NOTE: PX986559 (identical to PX986539) is ignored but added at the end
NOTE: MN922685 (identical to MN922684) is ignored but added at the end
NOTE: PX458209 (identical to PX458189) is ignored but added at the end
NOTE: PX458264 (identical to PX458189) is ignored but added at the end
NOTE: PX458203 (identical to PX458189) is ignored but added at the end
NOTE: PX458251 (identical to PX458189) is ignored but added at the end
NOTE: PX458196 (identical to PX458189) is ignored but added at the end
NOTE: PX458206 (identical to PX458189) is ignored but added at the end
NOTE: PX458242 (identical to PX458189) is ignored but added at the end
NOTE: PX458252 (identical to PX458189) is ignored but added at the end
NOTE: PX458210 (identical to PX458189) is ignored but added at the end
NOTE: PX458194 (identical to PX458189) is ignored but added at the end
NOTE: PX458237 (identical to PX458189) is ignored but added at the end
NOTE: PX458269 (identical to PX458189) is ignored but added at the end
NOTE: PX458277 (identical to PX458189) is ignored but added at the end
NOTE: PX458247 (identical to PX458189) is ignored but added at the end
NOTE: PX458268 (identical to PX458189) is ignored but added at the end
NOTE: PX458191 (identical to PX458189) is ignored but added at the end
NOTE: PX458243 (identical to PX458189) is ignored but added at the end
NOTE: PV242313 (identical to PX458189) is ignored but added at the end
NOTE: PV277014 (identical to PX458189) is ignored but added at the end
NOTE: PX458214 (identical to PX458189) is ignored but added at the end
NOTE: PX458232 (identical to PX458189) is ignored but added at the end
NOTE: PX458219 (identical to PX458189) is ignored but added at the end
NOTE: PX458212 (identical to PX458189) is ignored but added at the end
NOTE: PX458270 (identical to PX458189) is ignored but added at the end
NOTE: PX458198 (identical to PX458189) is ignored but added at the end
NOTE: PX458221 (identical to PX458189) is ignored but added at the end
NOTE: PX458266 (identical to PX458189) is ignored but added at the end
NOTE: PX458265 (identical to PX458189) is ignored but added at the end
NOTE: PX458220 (identical to PX458189) is ignored but added at the end
NOTE: PV242302 (identical to PX458189) is ignored but added at the end
NOTE: PV242316 (identical to PX458189) is ignored but added at the end
NOTE: PV242318 (identical to PX458189) is ignored but added at the end
NOTE: PX458205 (identical to PX458189) is ignored but added at the end
NOTE: PX458216 (identical to PX458189) is ignored but added at the end
NOTE: PX458225 (identical to PX458189) is ignored but added at the end
NOTE: PX458228 (identical to PX458189) is ignored but added at the end
NOTE: PV242315 (identical to PX458189) is ignored but added at the end
NOTE: PX458248 (identical to PX458189) is ignored but added at the end
NOTE: PX458250 (identical to PX458189) is ignored but added at the end
NOTE: PV242306 (identical to PX458189) is ignored but added at the end
NOTE: PX458279 (identical to PX458189) is ignored but added at the end
NOTE: PX458211 (identical to PX458189) is ignored but added at the end
NOTE: PX458231 (identical to PX458189) is ignored but added at the end
NOTE: PX458213 (identical to PX458189) is ignored but added at the end
NOTE: PV242300 (identical to PX458189) is ignored but added at the end
NOTE: PX458263 (identical to PX458189) is ignored but added at the end
NOTE: PV242303 (identical to PX458189) is ignored but added at the end
NOTE: PX458192 (identical to PX458189) is ignored but added at the end
NOTE: PX458223 (identical to PX458189) is ignored but added at the end
NOTE: PX458280 (identical to PX458189) is ignored but added at the end
NOTE: PX458195 (identical to PX458189) is ignored but added at the end
NOTE: PX458245 (identical to PX458189) is ignored but added at the end
NOTE: PV242309 (identical to PX458189) is ignored but added at the end
NOTE: PX458260 (identical to PX458189) is ignored but added at the end
NOTE: PV242301 (identical to PX458189) is ignored but added at the end
NOTE: PX458190 (identical to PX458189) is ignored but added at the end
NOTE: PX458193 (identical to PX458189) is ignored but added at the end
NOTE: PX458246 (identical to PX458189) is ignored but added at the end
NOTE: PX458207 (identical to PX458189) is ignored but added at the end
NOTE: PX458227 (identical to PX458189) is ignored but added at the end
NOTE: PX458241 (identical to PX458189) is ignored but added at the end
NOTE: PX458229 (identical to PX458189) is ignored but added at the end
NOTE: PX458215 (identical to PX458189) is ignored but added at the end
NOTE: PX458240 (identical to PX458189) is ignored but added at the end
NOTE: KF429770 (identical to PX458189) is ignored but added at the end
NOTE: KF429773 (identical to PX458189) is ignored but added at the end
NOTE: KF429761 (identical to PX458189) is ignored but added at the end
NOTE: KF429774 (identical to PX458189) is ignored but added at the end
NOTE: KF429789 (identical to PX458189) is ignored but added at the end
NOTE: KF429783 (identical to PX458189) is ignored but added at the end
NOTE: JX023285 (identical to PX458189) is ignored but added at the end
NOTE: KF429765 (identical to PX458189) is ignored but added at the end
NOTE: KT943503 (identical to PX458189) is ignored but added at the end
NOTE: PX458275 (identical to PX458273) is ignored but added at the end
NOTE: PV242304 (identical to PX458273) is ignored but added at the end
NOTE: PX458271 (identical to PX458273) is ignored but added at the end
NOTE: PX458272 (identical to PX458273) is ignored but added at the end
NOTE: PX986530 (identical to PX986528) is ignored but added at the end
NOTE: PX986531 (identical to PX986528) is ignored but added at the end
NOTE: PX986534 (identical to PX986532) is ignored but added at the end
NOTE: PX986535 (identical to PX986532) is ignored but added at the end
NOTE: PX986536 (identical to PX986532) is ignored but added at the end
NOTE: PX986537 (identical to PX986532) is ignored but added at the end
NOTE: PX986538 (identical to PX986532) is ignored but added at the end
NOTE: PP550070 (identical to PP550063) is ignored but added at the end
NOTE: PP550083 (identical to PP550063) is ignored but added at the end
NOTE: PP550085 (identical to PP550067) is ignored but added at the end
NOTE: PP550073 (identical to PP550067) is ignored but added at the end
NOTE: PP550090 (identical to PP550067) is ignored but added at the end
NOTE: PP550084 (identical to PP550067) is ignored but added at the end
NOTE: EU004658 (identical to EU004657) is ignored but added at the end
NOTE: EU004661 (identical to EU004657) is ignored but added at the end
NOTE: EU004662 (identical to EU004657) is ignored but added at the end
NOTE: EU004659 (identical to EU004657) is ignored but added at the end
Alignment was printed to tmp/alignment_with_outgroup-delim.fasta.uniqueseq.phy

For your convenience alignment with unique sequences printed to tmp/alignment_with_outgroup-delim.fasta.uniqueseq.phy

Create initial parsimony tree by phylogenetic likelihood library (PLL)... 7.700 seconds

NOTE: 272 MB RAM (0 GB) is required!
Measuring multi-threading efficiency up to 8 CPU cores
3 trees examined
Threads: 1 / Time: 8.502 sec / Speedup: 1.000 / Efficiency: 100% / LogL: -5928550
Threads: 2 / Time: 6.070 sec / Speedup: 1.401 / Efficiency: 70% / LogL: -5928550
Threads: 3 / Time: 6.602 sec / Speedup: 1.288 / Efficiency: 43% / LogL: -5928550
Determining AUTO threadcount: done in 21.2252 secs using 176.5% CPU
BEST NUMBER OF THREADS: 2

Estimate model parameters (epsilon = 0.500)
1. Initial log-likelihood: -493782.733
2. Current log-likelihood: -457451.348
3. Current log-likelihood: -457219.129
Optimal log-likelihood: -457218.679
Rate parameters:  A-C: 1.35742  A-G: 6.61254  A-T: 1.45241  C-G: 0.86994  C-T: 10.27339  G-T: 1.00000
Base frequencies:  A: 0.258  C: 0.261  G: 0.224  T: 0.257
Parameters optimization took 3 rounds (20.255 sec)
Wrote distance file to... 
Computing ML distances based on estimated model parameters...
Calculating distance matrix: done in 34.0433 secs using 189.4% CPU
Computing ML distances took 34.185639 sec (of wall-clock time) 64.595135 sec (of CPU time)
Setting up auxiliary I and S matrices: done in 0.361192 secs using 261.7% CPU
Constructing RapidNJ tree: done in 1.26712 secs using 288.5% CPU
Computing RapidNJ tree took 1.629918 sec (of wall-clock time) 4.603179 sec (of CPU time)
Log-likelihood of RapidNJ tree: -473752.482
--------------------------------------------------------------------
|             INITIALIZING CANDIDATE TREE SET                      |
--------------------------------------------------------------------

Do NNI search on 2 best initial trees
Optimizing NNI: done in 10.7263 secs using 196.2% CPU
Estimate model parameters (epsilon = 0.500)
BETTER TREE FOUND at iteration 1: -456615.827
Optimizing NNI: done in 23.7003 secs using 196.4% CPU
Finish initializing candidate tree set (4)
Current best tree score: -456615.827 / CPU time: 36.760
Number of iterations: 2
TREE SEARCH COMPLETED AFTER 2 ITERATIONS / Time: 0h:2m:35s

--------------------------------------------------------------------
|                    FINALIZING TREE SEARCH                        |
--------------------------------------------------------------------
Performs final model parameters optimization
Estimate model parameters (epsilon = 0.050)
1. Initial log-likelihood: -456615.827
Optimal log-likelihood: -456615.796
Rate parameters:  A-C: 1.36124  A-G: 6.61986  A-T: 1.44575  C-G: 0.85429  C-T: 10.28176  G-T: 1.00000
Base frequencies:  A: 0.258  C: 0.261  G: 0.224  T: 0.257
Parameters optimization took 1 rounds (1.814 sec)
BEST SCORE FOUND : -456615.796
Total tree length: 60.503

Total number of iterations: 2
CPU time used for tree search: 72.177 sec (0h:1m:12s)
Wall-clock time used for tree search: 36.772 sec (0h:0m:36s)
Total CPU time used: 275.726 sec (0h:4m:35s)
Total wall-clock time used: 157.507 sec (0h:2m:37s)

Analysis results written to: 
  IQ-TREE report:                tmp/alignment_with_outgroup-delim.fasta.iqtree
  Maximum-likelihood tree:       tmp/alignment_with_outgroup-delim.fasta.treefile
  Likelihood distances:          tmp/alignment_with_outgroup-delim.fasta.mldist
  Screen log file:               tmp/alignment_with_outgroup-delim.fasta.log

Date and Time: Wed May 13 10:48:06 2026
